sequence,charge,engineering_round
HRVPQKGRGLKQRVDKMCSKYIKRAYIIHKCRTSHRRHMHHDCREYKSCYILTRDACQYYLCKHCEYMQPKDCWDCAFRCKPMHSHEQLFECNYFCVYDK,11.073724730686743,1
YVVPQPDRGLMKRVDKMMSSRIKYAYCIDMNWTSHEDHMPAFEYKHKSCYILTRPAFQYWLMAEDEHMQPVPCWDCAFRCKPMHSHHQLFHNNCFNVYWM,1.3829075979899788,1
YCKPDEGRHYECYDRCDDCSKYKYAYRRCMNDTHHEGHRPEFDHKHRRYKIDYHYDFRCWLMAEHEHMQKVPHEDDAKHCKPMHSHRELFEYNDFNEYRM,-2.18319232180329,1
YVVPQPGRGLMQRVDKMMSSYIDYAYIISMNWTSHEGHMPAFYMKHKSCYILTERAFQYWLCYEHEHCQPVPCWDCAFRCKHMRSHHQLFENHFFNVYWM,1.4804336239524307,1
HKVCCEGRGYMEYEDYMCSHYIKYRYIIEDYRCDDCHHYDHFDHKDKSDYIETDPDFYYHLMHEKEHKCPVPCCYCECRCCYMHDHHYLFEEKRENYYHR,-8.52325488719339,1
YVYDQHRRHLCQRVDKEMEYYKKYAYIKDMNDTSHHGDMDAFYCKCKSRYKETRPAEQYWLRKDKEHDKCEPCHDCHKRCKPCDSCHKHFEHHFRRHYDM,4.578395702482993,1
YVYPQYGHKLRERKCYKMEEYIKHAYDIRHDWTSREEHMPEDYKCHRDEEIKHRDAKQYRDCEEHYEKQPVRECEYCFRKKPMRRHHYLFKHDFFRVYWM,3.6561986291305577,1
KVEPKERRELMQEEDRCMKSYRCYKYCRSYNWTDHEGRMPEFYMKHKSERIYRRYCFQCWLDAERHHRQPHPCWYCAKKCKPHHCHEQRERNKCECVYWM,8.052398074954795,1
YVHRYPERDDYQRVDYMYSRYEKHKHIHSMHWTRHRGDMDCFYMKHKDRYIDDRYEDQYDLHADHEHEQHKPCYECAFRYKPRCCHHQLCENNHFCCYWH,-1.058507538869879,1
YVVPYPGRRLMQEVDKMDSSYIKYAEIISRNEDSCEGHMPAEYMKHKSCYILTRPAFQYWLEDEHEHMQPVPCWDCAFRCRPMHSHHQLRCNNKFNVYWM,-0.7113718247002865,1
RDVRHPCRGLMQYCEYMKSDYEKERKIISYKCKKHEGRHPEFYMHHKSCYERTHHEEQDEKMREHEKMQPHPHCDCDFKCCPDCSKEKKFEDDFENYYDD,-3.6082661400938423,1
YVVPEPYRRRDQRYRKHYSSYIKYAEIISMNWEHHEGRDHKFYMEHKSCKELTDPECQYRLDAEHEHDDPVPCECEAYECKPDDSHKKLYEHNCFNVYCR,-4.57573527906403,1
YVDPEPCRGLMQRHCDDDYCHCKEAYRIRKNWESCYDRKDAFYMDHKSKYILTRPYRQYWKCKDHHCDEYYPDHDCRHRCCPDCKHEELFHCRFFEEYCM,-1.9860536709974816,1
YVVRHEERGLMQRVDDCMSSDDKYDDIISMDRTSREGHCPRFYMCHYDCYIETRPAFQYWLYAEHEHEHKRPHWDCAYECYPMHRHHQLFKNDYFNVYCY,-5.482682525133148,1
YVVCQPGRGLMDRVDDMMSSYIKYAYIISMRWTSHEGHMPAFYMKHKSCYILTRKAFQDWLMYEHEHMQCCPCWDYAFRHKPMHCHHQLRENKFCNVYDM,2.4125754010961433,1
YVVPQRGRGLMYRKDKMMSSYIKYAYIIDMNWTSHECHMPAFYMKHKSCYILHRPAFQYWLMAEDEHEQPVPCWDCAFRHKPMHSHHQKFENNFFNVYKM,4.615191278397996,1
YVVPQPHRGRMDRDCKMMSSYCEYYYIKSMNWTSHEGREPAKYMEHKSCYILTRPAFCCKYEADHEHMQPVPCWDCAFRDKPMHSHHQLFEHCFFNDYWY,-0.6515366903884559,1
EYCYQECKEDMQRHKKERSKHIYYYYIISKNDDSHERHKCCYHRDHKKCRDCTRYRCDYWCKAEYYDMCPYEKEKCKRECKPKHHEHYDEHNRFFNDKWM,4.247477691781693,1
CCVPQCERGEMQEYDHCMEKHIKEDHIISHNWCSKEGRRPEHYCYHKECDCLTREDFQRYEMAYHEKEQREYCWKCEKERCPHDDRKYLHYKNFDHDYDM,-6.742414890440109,1
KRVPQPCRYLMQCVDKMMYDKIYYEYIIKYEDTCHEGCMCAHDYEYKDCYHLHKPAFQEWLMAEHEHKQYVDCEYCAFREKPMESHKQYEKENKRNVEWM,-3.8433400232321766,1
YYVPYRERDYMEYHHEMEHSHRRYAHYESCDECSKDYDMPAFRYKKKCCEEDTEYAFQCWDYEKCEHMQYCKEHCCAFRCHKRYDEHEKFRNRFRYVHKC,-1.7488350078502144,1
YHHPKPEEYDMQRDKKMREDYKKDACHCSMYDCHRDDHHHYFYMHHKSYYIRKRYKEKHELEHEHHEMHDEPEWCHCHEHKEMESHCQDCDEEFFNRKCM,-6.749158452513001,1
YVVPQPGRKHMQRVDKCMSSYIKYAYIICMNWTSHEGHMPAFYMKHKSCRILTRPAFQYWEMAEHEHMQPVPCRDCAFRCKPMHSHHQLFENKFFNVYKM,7.480645475757891,1
EKVPQCKRGKMERKDHMMSDHIKYAYIKSMCWTCHDRHMPAFYMKHKSCKILEYYYFQEWLMAHHKHEYPCPDEEDEFRCYPEDSYHKDFRHHCYRVYEM,0.6165214638192715,1
RVCPQYERHYCQHVRHRHRSEHRYHYKISRYWHSCYGEMPCFYMYEKSKKICHRHYKRREDEYEHRHDCPVRCWDKAFYCKDHYRHCYLYEHEYKNKYWH,9.870129158360866,1
CVRPHRRKGECQRVDKMMYYYHKRACYIRENWTDHEGHRYHDHYKKKHCYCLTDPYFQYWEMAEECCMHPYYRYDCCFRCECMHSHHQLFENNKFEVCKY,3.2753656030712452,1
EEYPQPHEGRMQCKCKDMSSYIKCKECCSDYCRYEEHHMRYHYKKEKYCKYLTRPYFERWLMACRYCRHPVECKDREFRKDPDHEHHQRFCHDKFKVYWR,6.14933948607484,1
YVVPQYGRELRKYVDKYESHYDYHHYIISMNKTDHEGYMPDKRHYHRRCYCLKRRRRQYCLMEDHEYKDPDRCKYCKYDYKPEDYYHQLCHKDEFNKYRC,5.410605681705071,1
YVVPQPERGCMCRVDKMMYSYIKYADDISMNWTHHEHHMPAFYMKHYSCYILTEEAFQYWLMAEHEHKQPVPCWDKAKRCKPMHSHCQLFEYNFENVYWM,-1.516241205134774,1
YVYKQEGRCLEEEVDKMMSHYIKCKYIDYDNDTREECHHHYFRMKYKSCDIKTRYAFCYWLMARCRDMQCVRCWCKEFYCCPDDSHHYLFECHFHDRCHD,-1.9870629815430227,1
EVCCQPKREEMQCKDKMMSYYIKDAYIISMNWTSHKKHMPAFKDKHKSEYILKRPAFCEWCDYCDYHMQDVRCWDRAYYCKPRHHHHQKFERNRFEVYEH,4.3498897046997875,1
CVDPQHGRGLDQRVDKEMKKYIEYAYIISEEWESHEGHDPAYYMKHKSCYKLTRPAFQYRLCAEHEHHQPVPCWDCCFHCKKDHSHHQLFENNDYKVDDM,-4.381039403500594,1
YVVPQPGRGLMQRRDEMMSSYIKYAYIISMNRTSREGHMPYFYMKHKSCYDLTRPYFQYWLYAEYEHMQPVPCWDCARRCKPMHSHKQLFENNFFNVYWM,5.217662324930091,1
EYEKEPGDGLCQRHDKKHKSYEDEAYIIKMNWHYERGYRKYYEMEDYHDRCLTRPAKRHDLMRDHYHMDYVYDRDCAHERCPEHHRKYREEKKFRNDHRD,-0.1760799163405089,1
YVVPQPGRGLEQRVDKYMESYIKYAEIISMCWKSHYGHMPAFEMKHKRCYILTDPAFQHWCRAEHEHMYKVRCWECAFYCKPYHSHHQLFYNNFFNVYYM,3.4797197707896306,1
YHVPHPDRGLMQRVDKMMSSYEKYAYIISMNWTRHEGHMPAFYMKHKSCYILTRCACQYWLMEEHDHMQPVPCWDRYFRRKHMHSCHHLFENNFFNVYWM,3.7458929562492855,1
YDVPQPCDELMCRVDKMMSKYYCYRHEISMNRTCHRGKEPAFYDKHRCCYHLDRPAFQYYLMAEHECMRPCYDWDCAFHCRYMYHHHQLFDNNCFNECWH,-1.8236910668059776,1
YYVPQEGRGLMQRVDKMMYSYIKYAYIISMNWTSHEGHMPAFYMKHKSCYILTRPAFQYWLMAEHEHMQPVPKWDCAFRCKPMHSHHQLFRNNFFNVYWM,5.581126197677122,1
HHVPDPGRYDHQRVKKERSSYRKYRYIYDENWTSHDRHMPACEDKHKHDDHLERHRRQHKLCACHDEMRRHKCWYCKYRCCEMHKYCCLFENNDFDVYWM,4.678321145029326,1
YVVPQKGRGLMKRVDKKMSSYIKKAYIISMNYTSHEGHMPAFYCDHKSCYILTCPAFQYWLMAEHEYMQPVPDKDCCYRCCCMHSHHQLDENHFFDVYWM,1.2450148320810168,1
DVVPQPGEGLCQHVHKEEDERYDYEYIIHDNDRSKECHYKAFYMKEKDCYKLTEPAFQYCLHDKHEHHCPVPKWDCAFRCEPHCSHHQEFENCFFHVRWH,-7.31378663465088,1
HDYCQPGRHLEQKYERMMSKYIKCAYCIKMKKYHDEKEMYKYREHHKDCKEDKDCAFCYWLMCEYHKMYPDYEEYDDFREYDMHSHCQYEENHFFNYCDH,-5.616405534566795,1
CVRPQKDEYDRYHEDCMDESCHHHRHDKHMNWYSYEGEMPDFHMEHKSDRIDRRHAFQYREMREHEHYYHVPCRDDCCRCHPYYHYKQLRRNHFFNCYWK,-1.0544137875407316,1
YVKPCPDHGLMQYVDKDMSSYIKYAYEKSMNWTSYHGDMRAFYMKHKSHYILTRPAFQYWLMACHECDQPVPCHCRAFCDKKRESYHQKFENKFFNKYDH,4.379184596039062,1
YVVPQPGRGLMQRVDKMMSSYIKYAYRISMNWTRHEGHMPAFYMKHKSCYILTRPAFQYWLMAECEHMQPKPDWDCADRCKPMHYDHQLFENNFFNVYWM,3.318273376958855,1
YVVHQPGRGLMQRVDKMMSSYIKYAYIISMNWTSHEGHMPAFYMKHKSCYELTRPAFQYWLMAEHEHMQEVPCWDCAFRCKPMHSHHQLFENNFFNVYWM,1.6170195190377985,1
DVVYEHGKYRMQRVDCHHSRRIKYERICDHRETEHEDCCHACYCKHYSHDHLTDPAFCYWDMAEEDRMQPDKCCKCAEYYYPYYSKHYLYKNHYERRYWM,-1.588857590013962,1
YVVYQPYKYEYQCYCDMESDYKYYAYIISMNYRHDYREMKAYYRYHESDYIDTRPKCHCWHKKEHEKMQDEDCKDCKRREKPMHCHDQLFRNNDFNDYEM,-2.7826477502010647,1
YVVPQPGRGYMQDVHKMMSHYIYRAYHIHMNWTSHEGHMDDFKKKHKSCCILTRPARKRWRMAEKEHMQPVPCCDCAFRCKEMHSHHQRFYNKFFNVEWM,8.679861075328358,1
YVVPQPGKGRMYCCDKYDSHYCEYARIHEMNWEKHKGHMHCFERDHHKCDIYKYPHFYYCLMEEHKDMCCYPCWHCAFRCKEEDSHHQEFRNNDYNVDKM,-2.5553279836543368,1
YVVPERGRGCDQRVDKHKECYCKYAYIHERNKTSYEGHHDAEYMKHKRCYIHTRPAFEHKLMHCHECMQEEPRWDCAEHCDPMHSHKQEREYNRHRVERM,1.7527868436534175,1
YHVPQHGRGYYQRVDHMMSSCIKYECIISMNWTHKDHHDPAEYMKCKYCYHKTRPEFQYWLMAEHHHMYPVPCEDCAYRCKPMHSKHQLFENRDENVHWE,-0.1880418385645068,1
HVVPKCGRELMQKVDKMMSHYIEYAEEHSMNWDSKEGRMPAFYDEHKSCYILTRPAFQYWEMCEHEHMQPVPCWRCAFRCKPMHSEHQLFHRNFCNVYWM,-0.5781180304651148,1
YVVPDPGRGLHQRVDYMMSSDIKYAYIISMNWTSHEGHMPAFYMKHKSCYILTRPAFQYWYMAEHEHMQPVPCWDCAYRCKPMHSHHQLFENNFFNVYWM,0.6138499807819695,1
YCVPHPGRDKMQHVYKMMESCHKYEYHISMCWTSCHCCMPEFYYKDKSCYDLTRPKYQRWEMAKCEHMQPVPCCYCAFRCKPMHSHHQKHHNRFFNVEWE,4.27451212937356,1
YVRPKKHRDHMQKRDHCMSDYIDYAYHCECEHTKDKCHEYAHDMKHKKCYIEDRPAFQYWLMAEHEEMQDDPCWHCDDRCKHKCHHHQLFEHNFYCVCWR,-2.2566018210346463,1
YKDDYKGRGLMQREDKCKDEHEDYAKEIRMCWTSKKGHMDAHYKKEDSCYILTRPYFQYHLMHKHEKMKPVPEKHRCFHDKPMHSKHQLFRNDFFYKYWM,6.717670584631392,1
YVVPQPCRGLMQRVDEMMSSYIKYAYIISMNWTSHEGHMEAFYMKHKSCYILTRPAFQYWLMAECEHMQPVPCWDCAFRCKPMHSHHQLFENNFFNVYWM,0.2845068697978821,1
RCVPQCKRRLRCDVEYRKSSEICRHDECSMHDTYKEYYHECCCDREKSCYELTRYYHCDWLMCRRHHDQCVYRWDCAFRDKPMHRRHQLRCKNDCNRCWM,5.712295665600479,1
YEVPQHGRYHMQRVDKYMKEYIEDAEIDSMNWTSHECHMPYKYYCCKSCKILTRPKFQYDLMAHHEHMQDHPCHECYRCCEPMHRYHQKKHNRFCNVYWM,1.5770295410566852,1
YVCPCHRKGLMCRRDREMSRYCHECERIEYNHTSHEHHMPHFYMKHKSEYIRTRDAFCYCLMAEEEDHQHVCKWDCAERCKCRHYHECCFENRKEYVCWR,1.2485804581041613,1
YVRPERDKGLYQEVKKRCCKKIKYADIIRHRCRSRCDHMDYEHMCHKKDHHCYRPAFQRWLMEEHCHEHYRPCWDCRFRRHYMHDYHQLKHENFYNVYWR,9.675973765336597,1
YKHYRPDEYDRKHVDCMRSYHIDYCEIIRHYWECCYGYCPAFYMHCCSDKIRHKKHDHCYLEEKHEHMHPVYKRDCAKYDKRRYSDHEYHRNNEECDKWE,-0.3891556584201012,1
EHVPDPKRELKQDYDKKRDKDIKDEYEISMNWYSHEGHEPAFEDHHKSHYICTRKAFCYKLEREHHHMDPEDCRDCEDRCYYMCSDHHCFENKHFNHYHM,-7.0790600970477975,1
YVVRQPDKGLMCRVDEMMSSYIKYAYIISMNWTSKEGHKPAFYKKHKSCYILTRPAEQYWLMAEHEHMQPHPCWDCAFRCKHMHSHHQLFEYNKKCVYWM,5.480569609208988,1
YVVPQPGKGEMQRCDKMMSSRKKEAYIIDMNWKDHEGHRPAFDMKHKHYYILERPKFEYWLMAECEEMQEVPCWDCEFRCKPHCYHKQLFENNFFNYYDM,-1.8064936279074573,1
EVVPQPGKGLCRKEDKYMKCYIKDERIISMNWTDHEEHMPKFRYKHKRCDCLTRKAFEYWEMAEHEYDCDEDKHCEAHRCREDHSECQLHDNEYDHVYKC,-5.705858112174202,1
YVVPQPGRGLMDRVDKMMSSYIKYAYIISMNWTSHHGHCPAFHMKHKSCYIRTRPAFKYELMAEDEDMCPVECKDCEFRCKPMHSHHQLFYNNFFNVYWC,2.3152480673100246,1
YVVPQPKRGLMQRVDKMKSSKIKYRYIICMDWTSHEGHMKRFYMKHKSCYILDRYYFQYWLMAEHEHMQPRPEWHCAFRHKPMHSHHRLCENNHFNVYWM,9.812067441494984,1
YKHCQHGDYLMCEHDCMHSRYRDKAYKRSHNHKCKRKHEERFYMKHKSCYYETEPAFRYWLRACHERREPVDCERCYKRCKYDHKYHCLRENNEFRRYYR,11.411187295315894,1
YVVCCDYCGLMQRVRKMMYSRIKCHYIICKEYTHERKHHPKFHMKKDCRYILTEHHCHYCLMEKKYYEQYVHCHDCAFRCHDMRCHHYLCDNNFKCVYWM,7.332631789644765,1
REKPCPGRGDHERKDKRMESYEDYEKHIEDEWDREERHEPCHKMKHRSCYKERRPAHQHWLYEDHYKMQDRYRWKHCDCHKPYHHHHELKERNYFYYYWK,3.0539544035008888,1
EKEPQPDKGLMQRHDKMMSSCIKRYYIICMNWESHYGHYPAFYMKHKSCYILTREAFQYWLMAEHHHKQPVHCWDCAKRECPMHKRHQKFRNNEFNVYWR,7.581563193304449,1
CRVREPYEELMQRVHRMMYYYDKKYKIYSKEDTSEKKYKPHFRMEHKHEYIYCRHAFQCWLMYEHCHKQDDPCDCCADRCKEMHCHHHDDENNFFCVYWC,-0.6529602463843638,1
YHVKEPGHYDMQRVERKCESCRKYDYIESHDDTYCDGRRPACDMKEKSYHICRKYEKEYCKYRDYHEMQHDCRWCHKCDKKPEKRHHCLRENEFFEHYYC,1.2503152429670266,1
YVVPRPGHGLMCRVDKMMSSYIKYAYIRYMNWTSHEGHMEAFYMKHKSCYKEKRPAFRYWLMAEHEHMCPVPRWDCAFRCKPDHSHEQLFHNNFFNVYWM,5.548737060077515,1
RKYRKYERYLERRCDKDESYDIKYRRIISMCWEEYEKYYPAFYMKHKSCYELCRPDFQDWYMDKHECMQPHPCWCCACHCKYMCDDHRCFEEHRYCVYWR,1.7156747255292082,1
HYHREPKKHLMRRYDYDMKDYIKYAYEHSEDYCSYEEHMRHFYMHHKSCHDLCRRYFKYEECAEREHMKPKPCWHHAKRCHPMDSKYRLCENDEFDVYWY,0.8138797766823025,1
YVRPQPGRGEMQRVDDMECSYIKYAYIICMNERSEEGHMPAKYMKHKSCYILTRPAFQYWCMAEHEHMQPVPCWDCAFECKPMHSHKQLFENNFFNVYWM,-0.8775475405339161,1
HEVPQDKRGLMERVDCMESSHRRCDKIIHMYWEKCEGHMPARYMKHCSDRYLRCPAYDEWKMHYHEECDEVPCCHCAFRYKPEHSHCQLFECEFHNYYYE,-4.647319353701562,1
YVCPDDGKGLMQRVDYERSRYIEHEYIISMNDESYECYKPYKCYKHKYKYILHDRAFQYELMDHYEHCQKKPDWRDAFDKRKMRKHHCLKENNFFCVYWH,2.3840269976859716,1
YVVPQEGRKLMQKVDKMMESRICYAKEISCNYTSKECHDPAFYKKHKSCRKLTRKAFQYYLMAYCEHMQKVPCWDCAFRYKPMRSEHQYDEREFKKRYWM,9.920606941811418,1
KVVHQDKRGLMQYDDKMMSKKIRKHYIISHNWRYEEGHMPARYYCHCSCYIKTDKYFQYDLMAEYEHKQHRPCWDCAFRCKPMHCYHQLFENNCFKVCWM,6.27702343787203,1
YVKPYCGHGCMKRRKKMEDHYIYYKYYISMNDTSHEGHMPCDEMRDESCYCLTHYAFHRWLEDEHEHMQPVPEWYCAHREYPECKRHQCFEHNFECDYWK,-4.516208798211032,1
YVEKERGCGLMEDKDKMDSSRIKEDYIHRRRWDSDYGHHPAKYMKHKSCYCLRDPREQEYKRRYHDDCEDRRCWRCERRYRPMHSHHCHFYYHYFNVYWM,5.516201063001834,1
YVVPQPGRGLMQRVDKMMSSYIKYAYIISMNWTSHEGHKPAFYMKHKSCYILTRPYFQYWLMAEHEHMQPVPCWDCAFRCKPMHSHHQLFEHNFFNVYWM,4.613190980556299,1
EKHEKHCCGCRQYDEEYMRSCIKKKEIIDMHYTDREGHHPKDYEKCDSKYHCTEHADHYWLCAEHEEHQCVRDRYCCHRCKRMYRHHDEYENEFEKVCWE,-5.5128412107069025,1
YYVKQPGRDLMHRVDKRDSSHKRRACKDYMEWCSDEDHHPEEYMKHKSCYIDTCPACQKWHMCRHEHYDPVYCWYCRFEEEEEHSHRQYCHNDEFKVRWD,-3.5134254361728203,1
YVVEEPGREHMHRVDKYMSKYIKYAYIISMNWTRHHGHMPAFCMKHKSCYILTHPDFQYCYDAEHEHMQPVPEWDCAFRCKPRHEHHQLFENNYFERYWM,-0.1506511975543407,1
KVVCYRKRGHHDDVDYMMHYYDKRAYIIHCNYKSHECCEYAFYEKDRSRYILRHPKHEYWYMHDHYCMEPVDCHDCAYCCHPDHHHCHLFKDCCFCKYDY,-1.4010618977453255,1
YVVREDGRCLMQKVHKMMSSKIKYDYHIKMNWTSHEGHMPAFYCKYKSCYIRTRHAYQDWEMAEHEDMQHVPCDDCAFHCKCKHSDHQKHYNNFFYHYWY,2.7085115461624323,1
ECDKRRGRGYEQEVDYMHRSEIKYAEIYSMKWTEHEGHMEAFYEKHKCCYRLEEPRRRYWLRAEHEHMQPEPCDDHAKRHKPMHSHHQKFEDEFFHVYWM,-2.071586632729211,1
YVVPQPGRGLMQRRDYMMSSYIKYAYIISMNWTSHEGHMPYFYMKHKSCYILTRYAFQYWLMAEHEHMQPHPCWDCEFRCKPKHSHYQEFENNFFNVYWM,2.5150236138275375,1
KVVYEEGRKLMHRVDKMMDSYHKYAECIYMDWTRRRCDCPEFKYKHRHCYHLYREEFQYWLHAEHEHMDPEPCWDYYFRCKPDHHCKHLFKYNDYNRYCY,1.5460960662455392,1
YVVPHPGRGLMQRVDKMMSSYIKYAYIESMHWTSHEGHMPAFYMKHKSCYILTRPARQYWLMAEHHHMQPVPHWDCAFRCKPMHSHHQLFDYNFFYYYWM,4.974900987317488,1
ERVYDDGRKLMYRYDYRYSCRREYARICKDYWTRHEGDEKRRYCKKEDCDILCRPRFQEELMCEREKHQHVPCRCCARDDKPKCDERKLKEENFFNHHWR,4.827858705661676,1
YRCCQKGRELHQRRKHHMHRYIDYAYERSMREESHEGHEKAFYYKEHRCYHRRKHEFQEKHMHDCCRHQPKCHWRCAHHHEHMHSHHERDCYHCHNYYEH,6.669543249874469,1
YVVPQPGYGLMQRVDCMMSSEIKYAYYISMNWTSHYGHMPAFYMKHKSCYILHRPAFQYRLMDEHEHMQPVPCWDCCFRYKPMHCKHQEFERNFRNVYWM,3.3798113637886065,1
CVEPQYKEGKYQYDREHHSSYIKYAYIYSCHWTDHHGHMDRDHHKKHSCYILTDCCECRWRMAEREHYYPVPCEDCAFRRKPHHYHEQLFHNNFRNECWM,-0.2230093590166149,1
YDCPQPDEGKHCHRDEMYYSYKKYEYCIYMDWTHKRGDMKYCYCHHKCEYIKRCPKFEYKLRAEHKHRYCVHDRRCRDRCKHMRKYRQLFENDHDYVYWE,6.309834055022986,1
EVVPQPGRGHMDRREKMMSYYIKRAYIYSRNWTHHEGRMPAFYMKHKSCYILTRPAFYYWYMAEHEHDQPVPCWYRAKRCKPDHSHHQLFENNFFNVYWM,6.682447586585729,1
YVVPQPGRGLMQRVDKMMSSYIKYAYIISMNWTSHEGHMPAFYMKHKSCYIDTRPAFQYWLMAEREHMYPVPCWDCAFRCKPMHSHHQLFENNFFNVYWH,3.515096215460634,1
CVEPQYGRGLMQRVDKYHKSYIHYAYHESMNWTRDCDYMPKFYMKHKSCYIDTCPAYQYWLMYDHEHMQRCECYDCAFRCKPMHSHHQLFEKNDFNCYWM,0.2760178882884005,1
YVVPYPGRGLMQRVDKMMSSYIKYAYIISENWTSHEGHMPAFYMKHKSCYILTRPAFQYWLMKEHEHMQHVPCWDCAFRCKPMHSHHQLHENNFFNVYWM,3.7134146965313466,1
YVRPQPGRGRMKRVDKMDSKYEKYAYIISMNYTCHEGHMPAFYMKHKSKHILTRPAFRYHCMEEHEHMQPVPCWDCYRRCCRCHKDDQEFHNNFKNVYWM,7.414218811610093,1
YYKPQPEEELMRREDKECHSDIKYHYRISMNRTDKEHYMPAYYMKHKSEDIDTRPAKYYWDDAEHEDMYRYPYEDYRFRCKPMHSHHDEDKNRFFYVYWM,-3.3414780845186804,1
YKKEQPGHGLMQREDKMMRSYDCEAYKIDYNWCSREGDHPAHYHKHESHEDLTRPHEKHWCMAKHRCCQPVPCWDCAFECCHRHEHHQEFECDDHNDYWE,-7.28101933242754,1
YVEYRPGRCLMQRVERHMSDYHYYACEISREKYSKEHRDHYDKMEERSEHILKRPADHKWCYEEYDHDRCVCCHECAFYCKHMHSYCYLCYDEFDNVDHM,-5.582824808657573,1
YVYPQPGRGLMQRVCKMMESYIKYAYIISMNWTSHEGHMPAFYMKHKSCEILTRPAFQYWLMAEHEYMQPVPCWDCAFRCKPMHSHHQKDENNFFNVYWK,3.3506219494865856,1
YEHDDYYYGRMDEVKHHMKSERKYDYKRSRNWTSHRKRRCEEDKEKKSCYCLTECCRQCDCCCEHERERPVPCWDCRRCCYCDHSHHDLDENHKFNCYWM,-0.116589532076599,1
YDRYCPERCCKEKKYKCHSCHIEYAYIEHMHDTHHCYEMRARYHKCKCCHILTRKAEKYRRMCHHRRYEKVPYKEKKYCYRHMCSYRREFENNFKRVEWE,12.27695891745882,1
RVEPQPGKELMQRCCKMCDHYIKHDYIISMNDCSRKCHMPECEMKHKSDYILTEPAFQYWLMAEHEHRYPVPCWDCAFECDPMHSHDQCFENNCFDEYWM,-7.944552438431149,1
HVEPRPGDGKMHCCYHMMDRKIKHAERIHMNWTRHYYCMPHRYMKHRHCDILCDPAFQYWLKADDEDMDDVPCCDCAYDEKYMRSHHQLFENNFKNVYKY,-0.4538101928260118,1
DVVHDDGRGLMQEVDKMMSCYIEYAYIDHMNHKSDEGHMPAFYMKRKSCYILTRCAFQYWYMKEHKHMCDVPCEDCAFYCYPHHSHYQLFENKFCNVHWH,-3.454485617596614,1
RRDDQPGRKEMQYRDYMMDSDCYDDYKISMHDTYHDGYMPACDMERKSCYDYRRDAEQKHLHAEEEHDEHCPCWDRKKRCDHMDCDEDCDYYYFFYVYWM,-11.843493629644414,1
RYVEQDDCERMEDDDEMCKHCIKYYYIYSCKREDHYCCMEKKKYKCKSCKILRECACQDYCMYEYHDRQPEPCWDCAFHCCCCDEKDYLHDNHFRRKCWR,-3.61804760351313,1
YVVPQPGRKKMQRCDKEMSSYIKYAHIISMNWTSHYGHMPAFYMKHKSRKICTRPAKYYHDMAEHEHYQPHPCWDCAFRCYPEHSHHQLFENNRFNVYWM,6.743953351668642,1
DREPRPGRGEKQRVKHDMDYDIDYACRISKCWTSKYYHMPHFYMDHKYHYICHDDEDQYWLKAKHEEYQKEPYWDCHDRCCDKHSDHRRFKHYFFHVYWM,-0.2202777594473346,1
CYCPQRGRYDYQYHERKMSHYIDCAYIIHCNWTCHEKYMEAREMKHCRYHDLTHPYFQKWDCDYHEEMQRVPDWDCCRREKCMHEHHHHFHNNFYYYCWY,-1.3611747064390691,1
RVYPQPEHGEMHRHDKMRSHHIKYYRICSMEWEDHHKHDRADDCKYHSCYHLYRPEFQCEYEDEHEHKQPVPKWDCAHRCHPMHSEYQHYEERDFNEHWH,-5.616851815586319,1
EYVPQPKRGCMKHCDKMDKRYIKYAYICSMNWTDHEGHMPAFYMKHKSDYILTRPHFQYWLMAEYEEMQPVPCWDCARRCKPMHSHHQLFEDHFFNHYEM,0.5827506784606431,1
YVYPQKGHGHDQCYDHKRSYERKKRYCIRDNDKSHYGCKEAFYMKRYSKYDCYRPAHYEKYMYYDEREQPYHCCDCEFYRRHCHSHHRLRECNECNRYKE,6.3090515653798676,1
YVDPQPCREDMQYKYHMMCSYIRYAKIIDYYWTSKRGCMKKFYHKHKSCYELTKPHFRYEHMRKRCHMQPVPCDDCAHRCKPEKSHHDLFHNNYFNVYCM,8.372830724878057,1
HVVYQPYRDLMYHVDKKRCYCKHYAHICKDDYKCHEHYRPDFEMRKKEEEIDTKYDFQYWEYREHEDEQPYPCWDYEFDCEYRHCHHQHEENDEFNCDWM,-11.443769536356982,1
YVVPQRYRGLMRHVDKMMYSYHEKERYISMCEEHHEKDKPAHYHHHEHCYCLTREKFQYWLMDCHEHKQPKPCWDCEFRCHYMHSYHRKFENNKENYDWY,0.912972184589325,1
YVVPQPGRGLMQRVDKMMSSYIKYAYIISENWTSHEGHMPAFYMKHKSCYCLTRPKEQHWLMARHEHMQPVPDWDCRFRCKPMHSHHQLFENNDFNVYWM,3.6171982317548874,1
YHEPQPDHGLKQRRDKMMKSKCKYCYIIYMNETYHHHRHPYFYMRHKKCYIYERDAHYCWEKARYHCMYPVKDKDCYCERKPRHSHKQDFECRFYEVKRK,11.54117308329931,1
YVVPQPGRGLMQRVDKMMSKYIKDAYIISENWKSHEGHMPAFYMKHKSCYILTRPAFQYWLMAEHEHMQPVPCWDCAFRCKPMHSHHQLFENNFFNVYWM,3.5176745983131372,1
RKVPQPGRDCKYRHDRMRSSYIEYAYIESMYKTDHEGHMPAKCEKHKDCYDCTRPYFQYDYMEKHRCMQPVPCWDCACRCKEMHKHHQKFECNCFNVYWM,4.046641761757387,1
YVVPRPGHGCYYRCDYMHCSRIRYYHEISMHWTKCCCDMEKFYRHYKCCKDHTRRAYCYWEYEHECHHQHVCCKRCARRKKHMHSHRQLEENNFFDEYCD,5.337472903587608,1
YKHCQPGEHYMQHRDCMCCHYIDYAYIKKRRWTDHHCDKHKFEYEHYSEYCLCEDAYQEWHHAHCEHMQRRKEERKRKRCRPKHYKHYECCNNFFEKCHK,5.674171770294741,1
YVEKCPGRKRMQCVDKDKSSYIDDAHEYSRNDEYHRGHMYAFKMRHKCHKIHRRPEDQYWLMAEHECKQPCPHEYCAFRCKDMHSRHQDFYNDFFRVEWY,2.517895523430685,1
YYVKQPGRGLDQKVDRMKSCYIKRAREHSHNHYHHDDCMYAFYMCHKYCCIRTRRADDYDYCARHRHCDPVYCWYDAEERKRMKSYHQYFENNFFKVRWM,7.342913216127634,1
KKVPQPRCRLERRVDKKKSYYYKCAYIISDNWTSHEGDMPDCCMRHKSDYDLTDPAFEYCLRAEYEHCKDCRCWDKHDRCEPYDKHHQHFYKRHFNKYCH,4.213209366264607,1
RVVPRDGREDKQEVHKKMSEYIKYYEKCKYCHTSHHDHKHHHDMHHKCCYDLYRPECYYHLMKDDEHMHCCDCEEYAKEDYPMYEHEHLCRNEFFNRHKM,-3.020666452604754,1
YDVPQPGRGLMQRVDRMMSSYIKYAYEISMNWTSHEGHMPAFYKKHKSKYIDTRPAFQYWLDREHEHMQDVPCWDCDKDCKPMHSHHQLFERDFFNVYDM,-1.4119967674628242,1
YVVPDPKRGLMQRVDKMHSSYEKYRRDISMCWEEHEGHRPAFYHKDKSHYIRTRPAFQYRLMAHHEHMQPVKKHDCAFDCDPCHSHYQLYECNFFNVYWM,2.7484058525830033,1
EVYPQDGCDEEYRVYYRCHERECEAHHISMNHTEHDGHCCAHHHKYRSCRICDCRRFYEYLKCCEEKYQPVCDHDCAFYCRRRYSHYQHDEYNFFYKYRC,-2.75702957904317,1
YVKPQPERGLMQRVDKMMSSYYKYKYIISMNWTSHEKHMPAFYMKHRCCYILTRPAFQKWLMAEHEHMKPCPEWDCYFRCKPMHSHHQLCENNFFNVYDR,6.381954302402054,1
YVVPRPDRKLMQHVDKMESSYIKYADIISMNWCSHCEHMPEKEMEHKSCDIDERPAFRYRLMAEHEHMQPKCCWDCAFKCCPMHSHHQDEENNECCVYWM,-5.776719287902527,1
YVVYKPGKGLCQRHEDKESSYIKCDYYISHNWTSHEKHCEAFEKCKKYEEIRRRPYHQYKLEAHHEYEYCVPCWDCAFHKKYMHSHHQLHCNNKFNHYHH,3.941182162518384,1
CVVPQHGRHLMQRVDRYMSYCIKCYYIYSHNKTKHEGCRPHFYDYECRKYIYEYEEEYDWLMEEHRHMQDVPEDEKAFKCKPMHSRCQLYERCRHHVYCM,0.3822373598859769,1
YCCPDYGRGCEDKVYKMMSDYIKYAYIISMNWTHYKYHMPHFCMKRKECEILKRRAFQRWDDCCHEYMQPVPCWDYADRCCPYHCRHQRFKENFDNCYHM,2.876810175644536,1
YVVPQHGYKLMQRVDKYYSSYIKYAEEISCDWKSHEGHMPAFRCKHRSCKIKTRHAFQYWLMARHEDYYPVPCWHCAERCKKEHSHCHLKDNNFFHVYWY,6.6095552384662515,1
YVVPQPGRKLMQRVDYMKYSYIKCAYIISMNWTYHEGDRYAYYMHYKSEYILDRPRFDYWLRARHEHMEEVPCDHCAFRKKPEHRHHELFENNFFNVRDE,1.5886022054761746,1
YVVHQPGRDLMQRVDKMKSSYIKEEKIIYMKWTSHEGEMPAYYRKHKSHCILCRPAECYWLMAEEEHMRYVPCWDCAFDCKPMHDHHQLFENCRCNVYWM,0.2531185249711534,1
KEHECEGRERMQREDHMMSSCYKCKEEISENCYCHRGHHPEFCCHHESCYHYTRPEDKYHLHREHHRMYYEPRCDHAHRREPYESDHQYDEYEFFYCCWD,-8.24760027077641,1
KDVPQPGCERRQRVDKCMDDEDYHACRIHMHWDSKEGHMPAFEMKKKSCYKLHRYACKYWRMAEHEKMQPVPCDDYEERKKPRHSHHRLKEHHCFNYYWC,4.551010699163022,1
YVVRQPGRGLMEYVDDYMSSYKDYAYEISHHWKSCEGHCPAFCMKYKYCYCHTRPAKQYRLMAEHECMEPVECWDDKFRCEPMYSKHRLFENNFFNVYWM,-0.9474688573882836,1
YVVPQKGRRLMHRRDKYMKDYIKEYEIIKCNWYSCEEEHYADHCCHRSCYKRKYCEDQKYCKDEYKHMDPHPCCDCYRRYRCYDDHHQYHERNHFKCCKM,5.107985609030678,1
KYKPQPGEGLMDRVDRMYSSCIKYAYHISMDWTRHEGHKPAFYMKHKDCCILTREAFQYELMAYHEHDQPVPCKKKAFRCRYMHSHHQLFENNRHRVYWM,6.6481399837008315,1
YEVCRERCGDMQRHHKHMHKHKKYAKHCRMDYTHHYKHMCAERMKKCSCYCLDEDAFCYYLMACHDHDQCYPCWRCEFREKPMHCHYKLEEHNKFKVCWH,5.536955957498305,1
YVVPEPGYGLMQRVDKMMHSYYKYAYIISMNYTSHKGHMPAFYMCHKSCYKLTRPAFQYWCMAEHRHMQPVPCWDHAFRCKDMHSHHQYFENNFFNVYWM,4.641175082498852,1
YVVPQPGRGLMQRVDKMYHSYIKYAYIISMKWTSHEGHMHAFRMKHKSCYILTRPAFQYHCMAEHEHMQPVPCHDCAFRCKPMHSHHQKFENNFFNVHWM,6.942259336900236,1
KVVPHPGRGLMDRHKRMRSSYYKDAYYKSDNWTKHECHMPDRYMYHKREYRLTRPAFQDELYYEHEYKQKYKCWKRKFRYHPMHKCYQLDHYRRRNCCWH,14.642592580579326,1
YCDPQKGRGLMQRVDKHYSHEHCHCYEIRYNDCSHCEKMRYEYMKHDSCYHKDRYAFQCWHKCYHCHHEPHRCWYCKYRCKPMRHHEELKCNNFHNRYEM,5.6022376597595525,1
YVVPQPGRGLMQRVCKMMSSYRKYAYICSMNWTSHEGHMPAFYMKHKSCYELDRPAFQYWKMAEHEHMQPVPCWDCAFRCKPMHEHHQLFENNFFNVYWM,3.3828845964371617,1
YVVPQPGRGLMQRVDKRMSSYIKYAYEISMDWTSHEGHMPAFYMKHKCCYCLTRPADQYWLMAYHEHMQDVPRWDCKKRCKPMHSHHQLFENHKFNVYWM,5.54673535957747,1
YVVPQPYRHCEQRVDKMDSSHIKYAYIEKMNWTSHEGHMPAFRMKHKSCYIHTRPAFQYWLMAEHEHMQPEPCWDCAFRCKPMHSHHQLFENNFFYVYWM,1.7487972816574704,1
YVEPQPGCGLCQRVDKMMSECIKYHYYDSMDWTSHERHMPAFHMKRESRYDLTRPAEQYRLHKEHEHMYPVKCWDHARYCKECHSHHKLRENNFRNVYWM,2.6840543186732795,1
CREPQPGRGLHERVDKMMYSYYKYAYHISKEWTSHEGHMPAKYMKDKSCYKLCEPHFQDWLMAEHEHHCPVPKWDRAFRCRPRHSHHHYFENNFFNYYWM,3.8475028131098874,1
YVHPRKCRHHDEYYDKYMSRKHKYCRIIEDECCSHEKHCPEDYMEKKSDYYETHCAHYYDLHAKDKYMQPVRKWDCAFECYRMEKHKQLKEDRFHNVEWM,0.5501780348862262,1
YVVPQPGRELMQRVDKHMSYYIKYEYHISMNWCYYEEHHPAFYEKHKSCYCLTRPAFQCWLMACHKHMQPVPCWDDEFRCKPCHSCKHLFRYEFFKVYWE,2.279572774656902,1
YVYYQYHRRLKQRHHEMMSSYIKKHCEDCMNDKSHHGHMYAEHMHHHSDYKLDCPDCEYWLMAEEYHHQPHPHEDYYKRYCDMHSEDYDFERNFCNVYEE,-7.82073130827748,1
YVVPRPGYGLMQRKDKMMSSYIKYAYIISDNWTSCCGKMPAFYMKHKSCYILTDPAFQYWLMAEHEHMYPVPCWDCYFRCKPMHSHHQLKENNFFEVYWM,3.180669653555297,1
YCVPQPRRYLMERVDKMMSSYIKHEYRIEMNWTSDEGEMHAKYMKHYKCDILDRPDFEYWLYAEHEHEDHVPCWCCADRKCPMESHHQRFENNFFNVYWK,-3.608523020345736,1
YVVEEPGYCLMRDVDKMMSSYIKYAYEISMNETSHEGHMCAFRMKHKECYILTRPAFQKELMAEHEHMQPVECDDCAFRCKPMHSHKQYFENNFKNVYWD,-3.707757611282089,1
YKEKQCGRGLRQRKDCMRESYIRYARIISMNWCRKERDRYYFKDDRKSCCRLTHYDYQYWCYAYHEHMQRCYCRDCACKRHDDECHCQLRECKFCRVYEY,8.546047622555964,1
YCVRYDGKGLKQRYKKEYCSDEKYEYIIEENWTSYDEHMPARHMKEKEKYRDYRPEFHKDRMYEYDYCQPVPCWRYAFRDKPMDSRHQCFEKNEENYYKK,1.061047437656029,1
DCCPCPGKGYMQRVYKDKSYYCKYAYIISMNWHCCYDKMKYCYMKHCSCYDLTCCAFYHWLHREHEHDQYCPRWCEDFRCEPMHSEHDCFECNFFDVYCM,-3.361264427754559,1
HDKPHRDCGCDQRVDKYDSSYIEYAYIISDNWKSHEKHMPAFDRKHKSCYILERPAFQYKLMAEHEKMQPVKYWDCAFRCKPRHSYHQCFENNCFYRYWM,3.315951874358248,1
CCHERPRCHLMYRVDKMMSSYIYYAYIIYCYWTEHEGRMPYFYMECCSCYILTREAFQYYLCAEHERKQRVKCWDCCKRCKRRHRHRQKYENKFDNVYWM,7.7782602296728065,1
YVVPQPGRGLMQRVDKMMSSYIKRAYIISMNWTSHEGHMPAFYMYHKSCYILTRPAFQYWLMAEHEHMQPVPCWDCAFRCKPMHSHHQLFENNFFNVYWM,3.515591065256684,1
YRHKKHERGEMHRDECEKCDYIKCAYDIERNWKDCEGCDKDDECDHKKCYYCTRPAFQKWRMAHHRCHKPVPKHKERCRDKDMHSHHQRCEYKFDCRDHD,3.3825370568350053,1
RDCPEPRRGLDQYVDKMMYSYYDYAYIDDENWTSHYRHEPAKYMKHKSDKILKRPARCRWLEKKHEDMDPEKREDYARRCKEHHEHRQLFEYNKFNVYWD,1.4934795741640663,1
HYVKQYRDYLMQRKDKMMSDYIKYKYKIYYNDTSYEGHRPAFYMEHKECYRYERHRCQKWLYADDEHEDPVCKHCCADRCHPYHYRCHKKEDNFKNYYWH,4.509510031017413,1
YVVHEKGHELMCDVCCKCHYRHYYAYEIRCNRTSHYGRERAYYKKHHSCDDHTHKCFQYWLMHEHEYMQERPCHDCHFRCKYKHSRHQDFENEHYCHYRM,2.936008407847716,1
YVVPQPGRGLMQRVDYEMKSYIKYAYIISMNWCSHEGHMPAFYMKHKECYILTRPCFQYWLMAEHEHMYPCPHYDCAFRCKPMHSRHQLFENNFFNVYCM,2.3131672246159773,1
RDVPYPERELMCCVDKEDREEICCAYRRYMNKTSHHDDRPDRYMRHRKHDHCYERKFHYCLMAEHERMCRRDCYYEDCHEKCMHEHDQEFCNHKFRVYCM,-1.714277193142287,1
YVVPQPGRGLMQRYDKMDSSYHKYKEIISRNDTSHCGECPAFYMKHKKCHILTRPAFQYWYMAEHEHMEPYPCRDCAFCYKPMHSHHYEFENNYFRVYKD,2.481035872536532,1
YVVPQPGRGLMQRVDKMMSSYIKYAYHISMNWTSHEGHMPAFYMKHKDYYILTRPAFQYWLMAEHEHMQPVPCWDCAFYCKPMHSHHQLFENNFFNVYWM,1.6806816039958772,1
YEVPQCHREEMCRHCKDMRSYIRYHYKESHNKYHHEGHMPKYDCHHHRCRDYRRRHFQYHLCACEEHHQDYRDWDECREHEPMHHHHDRFENNFFNVDHM,-1.5567508938734385,1
YVVPQPGRGLMQRVDKCMSCYIKYAYIISMNWTSHEGHMPAFYMKDKSCYIHTRPAFQYWLMAEHEHMQPVPCWDCAHRCDPMHSHCYLFEKNFFRVYWM,2.3129587269629255,1
HVVPEDHRGKMQRVYHMKSSCEKYEYIISMNCESHYKHKPYDYMKHKCCHIRTRPAFQYWYMAEHECRQPVHCWHCCFRCHPMYSDHCLHCNNKFEVYWM,4.5391006096392825,1
YVVPKPCECLMQHVDKHMSSHCKKKYIIHMYEHSHHGYMHYEYKKDEECYICTRRCDQCCLCAERRHRHCRPKKDCAYKCCCRHSHHQKHCYCFFYVCWM,8.231066465184504,1
YYEPQPHHGKMCRVDKKMHCEIDYEYIICMNRTEHDGHRPDFHDKHYSHYCLTERKRQHWLMARHHHMQRVKCWDCHFRCHPMERHHQRFRNHFFYVHCM,6.23871267965807,1
YVVPQPGRGLMQRVDKMMSSYIKYAYIISMNWTSHEKHMPAFYYKHKSCYILTRPAFQYWLMAEHEHMQPVPCCDCAFRCKPMHSHHQLFENNFFNVYWM,4.4468277806813905,1
YKVRYEGEGLHQRCDREMHSKIKEYYIHKDNDTSHKGHKKAYYERHKDCEEDTRKAFQDWHYAEHKHDQPYYEHHCAKEHRKMKCRCKLEENDKDRVEWM,1.85640803204317,1
YKVPEPREGLMQEDDKYEKSHIEYHRICSMNWTEYEDKMPAHDMHHCYKYYHTEPAFQCWHYAEDEHDQRVPEWDCARDCKYMHEHHQCCKKNFFNVYWM,-7.378694011748902,1
EEVEEPGKGLMHRVEKDMKCYCKCAYIDSYNRTSHEGCMCAFYMKHRSCCILYRPAFEEWLMYREEHEKHKCCWDCYDRCKPDHSHHRLFENNYFNCEHM,-2.91263418296921,1
YVVKRKGRGLHQRCDRMMHYEIRKAEICSKNWTKYHCHEYAFYKKHKDCYICTRPAEKRYLMAEHERMDHVHCWHCDFECYPMHRDKQCEECNKFNVYWD,5.314698628261059,1
RYDPQRDDCDHQDVDDRMEEYIKCADIRDHDKTCDEGHYPDHEYDYDSHDILKRDACQDWHCAEHHHDQPVDCKCCAFHHKPMEHCYQKFYKRFKDVYER,-11.414318876544485,1
YHVCDPCRCLYCKVDRYMSSYIKHDEEDCMRWDSEEGREYKHRKYHCDCYRLTHCADHYHLKAEEEHMHYVRCWCCKFRHHCYHSYCYECYDYDFDVYDR,-4.759005587627993,1
YVDPQPRHGLMQRVHDMMSSYIKYAKIKHMNETSHEGHMPAFYMDHKSCDILTKPRFRYWLMAEHEHMQPVDECDCAFRCKPMCSHHKLFRENDFNVYWM,0.6519896614776837,1
KVVKQYKRGCDDEHDKMMSSCKKYACCISCNWTSREDHMCCFYMKHKYDCIKTRPDFCYDDMAEHEHMQPVPKYDCAFRDKPCHEHHQHDEKKFENVYHM,-0.7519098878360531,1
CRVPQPGRGRMHEKDKMEKSYIKYYYDISMCWKSHEGHEPYFYHRHKHHYILTRPAHYERLMAEHDHMQPHPHDDCAYHCKPHKSHREHFENNFFDKYWM,3.3111169720939344,1
YVHRRPGRDCMQKVDKMYSKYHKYAYIISCNWTYYYDHRHAFCDYYKSCEYLCRKKHQCKDDKHCCHMQPVPYCDEKCRDCYECSKHQYKRRRFFNEYWY,8.970175065054617,1
YCVRYHCRCHMQRHDKHMSSEIKYADIDHMNKTSHEEKMECFYDKHKRCYYYTEEKFEDHRCHYECYMHHVEEWDKRKKDCPMHCHHDLFCCKHDKCYEM,-1.3229603083012549,1
YVVHQPERGLMQRVDRCMSSYIKYAHEISMDWTSHKGHMPAFYMKHKSCDIRTRKYRQYWLMKEHEHMQPVPCWDCAFRCKDRKSHHQLFHNNFFNVYWM,7.647120039573638,1
YEVPQKGRGLCQRVEKMMSSYIKYAYIISMNWTSHEGHMPAFYMKHKSCYILTRPAFQYWLMAEHEHMQPVPCWDCAFRCKPMHSHHQLFERNFFNVYWD,3.450434625433738,1
YVVPEPGRCLMQRVDKMMSSYIKYAYKIHMNWTSHEGHMPAFYCKHKSCHILTRPAFQYWLMAEHEHMQPVPCWDCAFRCKPMHSHHQLFYKDFFNVYWM,4.577996639201764,1
KRYYQEKHRLMCYKHERDSYKDCRCEIIYYHWYDEEYHDPCHYMKKKSDKELTRPHCRCDKDKEHREMYPKCRDDDARCRKPCHSERQHRKERFDNVYDH,4.384688123853323,1
RVHEHPERRLYQEVDKMMSSCIYYYDIKKMNWTHHHKHCPAFEMKHYSCYEETRYCFQKELMACDYRMCKVPCWKCCYCYYYMDKHHQLFENNCFRCYYM,3.074832499095532,1
YVVPQPKRGLMQRVDKMMSKYYKYAYIHSMHWTSHEDHMPAFYMHDHSCYILTRHAFQYWLMAKHEHMQRVPCWDCRFRCEPMHSHHQLFENNFFNVYWM,3.910853554246731,1
YEVPQPGRGLMQEVDKMMSEYIHYAYIISMKWTSHEGKMPAFCMYHKSCKILRRPDFQYWDMAEHEHEQPVPCWDYCFRCRYMHSHHQHDENNFFNVYWM,-2.4469732652867098,1
KEDPKPGDDCHERKCKCMCSYEKEDYIEEMNWTSDDGKMHADKHKCKRKHHETDPRFRCWCEAKHKDMQYVPDEDKDFHCCYYKDYCQLKEYKDRNVYWY,-2.977266531013562,1
YVVPCPCRGHMQRVDYCMHEYDDHKHIDSKCWTSHEGYYYKFHMDHKEKEIDREPYFQYWKMAHHYDCKPCYDCDDHFRCKPMHYHHQYFKNHFFNVYEM,-2.159837445551142,1
YVKPQPDRGLKQHVHDMMKSYKKCAYHISMKDEEREHEMPAFYMKYKSCKILTRPAFQKYRMAEHECHQPVKCWHCAHYCKRDEEHHQDEEENFFNVRWM,2.588604710652973,1
YRVPQHCHCLDQRVKHCMDSYIYRAYIIRHNWYSHEDHMKCFYMKHKSDYIYHRPAFQYCLMHEHEHMQPHKCRDCAFRDKPMDEHHQCFKNNFFCVYWM,3.771038404479349,1
YVECRPHRGLKQRVDCMEHDKIKDDYDIYMKWTHCEDHCPCHYMRHESEYCYYECACRYWEKHYHYHMQPYYHWECAHECKPKRSHHQYFERNFECDDDR,-4.454364848284847,1
YVVKDRGRKEHQRVDKMMCKYEKYACKRSMNYHEHEGRYPEFYYYCDCDERLTRHHHDCKYMADEEYMEPVHKWCDRKHCKYRHSEHQLFCNEEEYREWD,-1.5442986773220326,1
YVCPQPGRGLMQRDDKRMSSYHKYAYIYSENWKHHEGRMPAFYDCHKECYIDTRPAFEYWLEADHDKCQPVPCRDCADYHKPYHSHHQLYENNFKNVYWM,-0.5186231265742212,1
CYVPQPGRHRMYDVDKMMSCYIYYARYDSDNWCKHEEHMKAFYMRCKCEYILRCPAFQYWDMCDKECHEPKPCKDCAYRCKPRCDHKYEFDCNEHNVKHM,0.8129679753110288,1
YECHQKCCHYMDHDDKRYSSEDDDAEEIDRNRCSHEYHEERYYCKEKSCYHDDYHDDCEWYHAYECDCQDEPKRRCHFRRKHHCYHYQLKKNNFHNRYEM,-7.451125602949208,1
YVVPQPGEGRMQDVDKKMCSKIKYAYIIEMNWTSEEGHMPAFYMKHKSYYELHRPAFQYWDMAEHEHMQPVPCWDCRFRCKPMHSHEQLRENNFFNVYDH,-1.4764596653133868,1
YEEEDPGKGLCRRVDKEHKHYIEYAYIKSYNWTSHDGRYPYYEMKYYSCYILTRKAFRYWDMCEHDDMDPVPCRDRKFRCKPHHSHRQLCENEEENKHWE,-1.6094243575498195,1
YVYPQPGCGKMQRVDKMMSSYDKYHYDKSMNWTSHERHMPHKYMKHKSCYILTEPDFQYWLMAEHEHMQPVPCWDCARRCKPYKSYKQLFENEFFNCYWM,3.2823810688800226,1
CEVPDPGHGCHHYVDEMCSCDEHYADEKSMCWTCEYDEDYHHYYKHKECDHLTRPHFQYWLMHCHYHRQEVEHWDHYFYCKCMYKDRYCFYEDDCKEHRM,-11.32301781515381,1
YVVDQDGRELEQKVDKMMSSYIKYAYIIYMEWTYHEGHMPEFYMRHESCYYHTRPARDYELMAKHYHMQPVCCWDCAFRCKPMCCHHQLFEYNFYNVYWH,-2.586041812170709,1
YVCPEEGHYRMQRVKRMMSSHYKKEYIECRNWCHHEGRYPDYDRYHDSEEILTEYHFRYWERAKHEYMQHVPCWDEKFRCKPEHRHYYLKENDEYRYYWM,-0.3449341708324134,1
YVVPQPGRGLMKRVDKMMSSYIKYAYRIHMNWTSHEGHMPAFYMKHKSCYKLTRPAEQYWLMECHEHMQPVPCWDCYFRCEHMRSHHQLFENHFFNVYWM,4.64725932619298,1
EVVPQPYRGHCQRVDKMDSSEIYKAHCIREHHDSHRGHKDYFKKKHHSYRYLERPHFDYWLMAEHECMDPEPCWCCAEYCYYMHKYHCHKEEKFERHRHE,-0.0522620776030926,1
YVKKQPGRGDEERVDKMMSSYIKYAYIISMNWTSHEEHMCAFYMKHCSCYILTRPYFQYHLMAECYHMQPVPCWDCAFRCKPHHSHHQLFENNFKNKYWR,4.412645440234794,1
YVVPRPGRGLRQRVDEMMSSYIKYRYIEEMNWTSHEYHMPAFYMKHKSCYIRTRPARQYWLMAEHEHMQPVPCWDCAFRCKPMHSHHQLFENNFFNVYWM,4.5189972298916565,1
RVVPQPEYRLMQYVDKMMYSYIKYEYYYKMNWTSDERHEPDFYRKHKSRYHLTRPAFQDWLMEDHEHMQPVCKWDHAFRCKKCCSDHQLHENREFNEYWM,0.5219468581684872,1
YVVPKPGRGLMQRVDKMMSSYIKYAYIISMNWTSHEGHMPAFYMKHKSCYILTRPACQYWLMAEHEHMQPVPCWDCAFRCKPMHSHHQLFENNFDNVYWM,3.448134076951579,1
YRVPQPRYELMCRVKCMMSSHIKRAYIIEMCWTSHEGHYKAFYMKHKSCYILTRPAFQCWLMACHEHMRPDPCWCCYFRCCPYHCHHQKKENNCFNVYWM,8.005901086024151,1
YHVPHYGRGYMHRVDCEKDCDIEKDKKDSCCYCSHEEHRPYFKEDRKRCYRLRRPAFHYWCCDHHHKDDCRRCWDCAFCCEPRCSEHQLYENKHRDECWE,-0.9188536886365596,1
RKVYQERKECMCRCEKCYRSYIKYAYKHHMNWDHKHEHMPAFHMKKKSCYYLTEPAFQYWRMHEEEHMCDVYHWDCRFKCKEKHKHDQLFENNFDRVEWM,4.550508734252656,1
YRVPQPGRGLMQRVDKMMSSYIKYAYIISMNWTSHEGRMPAFYMKHKSCYILTRPAFQYWLMAEHEHMQPVPCWDCAFRCKPMHSHHQLFENNFFNVYWM,5.4165562006492,1
YVVDQPGRGEMQRVDKMKCSYICYAYHIKMNEYSCHCHMPAFYMKHCSCCILRRPRDQYDYMHEHCHMYPVPKWDHKYRCCDCKSHHQRRENNFFNEYWC,4.173231939583568,1
CVDEEPHRGLMKRVDKMEESKIKCAYDYSMNWCYKDGKHPADCHRHCHCYILTDPAKDYKHHAECYHMEEDPCWKCADRCKPMCYDDHEFEYNFFRVYWM,-4.848856055766845,1
YVYYQYCRGCMQRVDKMMSSYIKYHYIYSMNWTSHDGHMPADYMKHKSCDHLTRCAFQCELHAEHEHMECVPCWDCDFRCKPMHSHHQLEENNFFEVYWE,-4.519820195583247,1
YVVPQPGRGLDQRVDKMMKSYIKYAYIISMNWTSHEGKMPAYYMKHKSCYILTRKAFKYWLMAEHEHMQPVPEWDCAHRCKPMDSHEQLFCCRFFNVDWM,4.2522942825267105,1
CYEPQPYCGLHKRVDDYMHEYIKYRHIIDMHRTSHYGHHHYKYMDHKKKYIRDRCAFKYWLMAYKERHQPKKCWRDHRKDKYCHCEHQEFEYNDFDRDCY,5.807424747162965,1
YDVPCPYECLMQHVDKMMSSDKKRKECCKRNWRSHECKMHAYHMKRKHCYERTRDCKEYELCREHYKKCYVECHCCEHCRKPRRCHHKCFYRNRFRHYYM,13.07348348549749,1
YVHRQCGRGLYQRYDKHKRSCYDYKHKYSKNECYCRREYEAYCMEHKSCYRLCRPEDQYKERCEHEHMQPYPCWDRAFRYRPHDSKHQLRENDCFNRCCY,6.978605275053837,1
YVEPHHGEGDMYERKDCMSHRIKYKYIIKKKWECKKDHEYAFHCKHKCEYIETCCEKRDKCCRRHYHMQHVEKWDCAFRKCCMHSHKKHDEEEFFNHRRH,6.647159504294045,1
ECVHEEYCGLHQHEDRMDYSYRRYEYDRSMNRTSDDDHMPRFYEKCKSCYDLHEEYKQCWLMDEKEHMQEYHCEDRCYECKPMHSHECLFYNNDCNVYHM,-11.677280956123882,1
YHDEDPRRGHKQDDDKYMSRKCKYARRCDMKYDSKCHHMDREYYYERSKHILTRPYFEYWDMAEEKHMQPVEHDDKAHCREYMHYHREHFHYDFFNVYDH,-1.9827287289924769,1
CYDKCEKHGHDQRVDKHMCRKICHAYIICMNWTCCEYERDYKYHKHHDDERLRRPYFQYWLMADHEEEYPVEEWRCRRCCHEYHKYKDRFHRRFFYCYHM,2.445447011639345,1
RVVCKEGRCLKKRDDKMRSEYRDYDYEIYMRKTCEEDHMCAEYMYYKSCKIYDRDKFQCRYRCEDRCEHRKPCYDDEFCDYDCHKHHQEFKDCFEYVYYM,-2.3120423798155407,1
CKVPQPYHGLEKKECKHYCSHIHEACICSYRYKSYEGCHPCYCKCYKSCYELTREAFQYWRKEYDDHMQKHHCCDCHCRCDPCHREYQDFEKDHRNVRWE,1.0082644116487174,1
RVVPQYGRGLMQRVDKMMSSYDKYAYIISMNWTSRRGHMPCFRMKHKHCKILTRPARQYWDMAEYEHMQPVPCWHCAYRCKPMHSHHQLFENEFFNVYWM,8.448094360855318,1
YDCPQPGCHDDQYVDCMMSSCIKYRYKISMRWTDKEEHCCAKYMKECHDYDYRKPAFDYWYMDEHEHDHPKEKWDCKKRCCREHSHHKRFDYNFFYVYWM,-1.786217305535338,1
YVCPHPGRGLMQCVDKMMSSYIKYCYIISMNWTSHCGHMPAFYMHHKSCYILTRPAFQYWLMAEHEHHYPVCCWDCAFRCKEMHSHHQLFENNFFNVYWK,2.4732888710592356,1
YVKPQPGRGLCQYEDKKHSSDIRYCYIECKNWTSHEGHMPAFRDKHKSCEILTRPAFCYWHMDERHHMEPKPCEDCAERCDCMHSHEDLHENNYFNRDWH,-3.5132504479706625,1
YVVPQPGRGLMQRHDKYMRSDIKYHYIDSDNYTEHDRHMPAFYMKHCRCYILTRDKCQYCEMAEHEDYQPVPCHDCDFRCKPMHSKHQEFERDFFNRYWY,-0.5841643399564411,1
YVVCEPGRGLMDRVDKHMSSYIYYAYIISMNWESHEGHDPAFYMKRKSCYIKTRPAFQYWLMADHEHMQPVPCWDCAFRCKPMESHHQLFEHNFFNYYWM,-0.5494012241366413,1
YYKPKKGDGLKQRYHHMESSRKEKDYYKKMHWHEHHGHMKKRKDCHKHCCRKTRHAFQYWLHDEHEHMYPVYCCYCKFRCKRRHSHKQLFECNDFNCYYM,13.868922072980538,1
YVYPQPGCGLMCYVDYMYESRHHYAKIISKEWKHHEGHCPAHYMKRKSCCIRYKKAFQYRDKAKCEHMQRVPCWHCHERYRRCDSHHELFEKYDFNVYYM,7.474262443574972,1
RHVHEPHEGLDDKDDKMHYKYYYYACEISRHWTHCHGDYERCYHKHKEKHHDHRHCFQERDKDEKEHRQPKKCKHCCECDKCEREHHDKYCCNHHYDYEH,-1.7591303765614228,1
YVKPQPGRGLMQRVEKMMSSYIKYAYIISENWTSHYGHMRHFHMYHKSCYILTRPAHQYWLMAEHEHMQPVPCWDCACRRKPMHSHHQLFENNFRNVHWM,6.911512058426307,1
CCHKQPCRHLYQRVDRMRSSYIDYAYIIEMNWESHEGHMPERRMYRERKYHYERPRRQRKLMAEEEHRQDRCCWRCAFRCKPCHSRCQLHRKNKFNVDWE,10.187592322746228,1
YEVPQPGRGYHQRHDKMMSSYIKYYYIISMHWCSHEGHMPAFYEKHHSCYILTRPAFQDWLMAEHEHYQPVPCCDCAFRCKPCHSHKQYFENNEHNVYRR,1.710335108498791,1
YVKCEPGRHLMQHDDKMMCKYIKYRYYISMYWTSREYHMPAFHMKHKSRYDLTRCRFKYWLKKRHYEMQPVHKWREEERCKPMHKHHQYYEYNYFNVYWM,11.710663979392113,1
DCVPQKGRDEMHRVHKMMKSCIKYAYCHDMNWDCHKCDKPAFYMKRKHCHILTRRAHEYHLEAEYDRMQCYPCWRCADRCKPMHSHHQYFENRFDNEYRM,5.411518616412003,1
YVVKQPGRHLMQRVDKMMSSYIKYAYIDSMNWTSHECHKKAKYCKHKSCEYETRPAFKYKLMACHEHMQRHDCWDCAFRCKPMHKHEQYFENNFFNVRCC,8.278782431031145,1
YVVPQPKRGLMQRVDKMMSSEIKYAYIISMNWTSHEGHMPKFYMKHKSCYILTRPACQYHLMAEHEHKQPVPCYDCAFRHKPMHSHHQLFENNFFNVYWM,5.7137808932897105,1
YVVPQPGRYLMQRKDKMMRYYIKYAYIISMNRTSHEGHMPAFYMKHKSCYIRTRPAFQYKKMAEHEHMQEVPCWHDAFRCKPYRSHHQLFEKNFFNVDWM,9.582384260078394,1
YKDPDRGRGCMQRVEKCRRSEDKYADIESENWHSHEGEKCKFDMKCDCHYILKRKYFQYWYMAKHEHRQCEECEYHAFRCRPMHSHHKRYEHDFEKRKHM,4.553920151744471,1
YHVCDKGDEYMHREDKKCERYIKDAKIEKERKRHHYGHDDERYHKCCSHCKRTYPAFHCRYREEHEEYQEVKYWCCARRRKPMKDKKRKDERCRFNKYWR,11.286782209010298,1
YVKYQRRHRREQRVDKEHCCYDKYAYIESMNDTSHKCRMPAFYEKDKSRCHLDRPAHQYEEMAYHCHEQEDPCWYCEHRRCKHHDHHYHFECNFKRCDHR,2.712210777948922,1
YVVPQPGRGHMQDVCKMMSSYIKRAYIYSMNWRCHERHHPAFYYKHKSKYILTRPRFQYWLMKDHEHMQKVKCWDCDRRCKPMHKHHQLFENNFFNVEDM,9.645898840775663,1
YCYYQPGRKRMQEVDKYMSCHIKYAYIDSHNWTSCEGHMPAYYMKHKSCYILYRPAFQYWLREERDHMQPRPCYDKEKCCHCHHSHHQRFEDNFCNVYER,3.376603122718368,1
YVYPQPGRGLMQRVDHMMSSYIKYKYIIHHHETSHEGRMHRFDMKHKSCYDLTRPRFQYCLMAEHDHMQPVPKWRCAFRCCPMHSHHQKFEENFYRVYWM,6.844476490179215,1
YVVPYCGRGCYHRVDDCYRSCIKYAYYDSMEWTRKEGHEPARYMRHDSCCIYKRPHFQYRLEACHYHEYYHPDWDRAFYCYPYHEHHYLCRCNRFHDYCM,1.3367935709818737,1
YVVPQKGRGLCYRHEKMESSKEDYRYIIHCCWTSHECRMPHFYHKDRKEEELKRHAFDHEDDDEDEHMQPRCCKCCADREKPMHSDHCRFHHEFCNVYWD,-4.4783706558598375,1
YYVCQRKYKRMQYCDKKEEHYIRHYKICKDRDTRYEGKYDAFKDKEKSHYDCHCDAFHRRLMRREDHYEPERKCKRAFKEKEMRYHHREFEERCFCYKWM,9.254153365301356,1
RVVHKPDRHLHQRHKKRYSSCICRAYIISRYWTSHYGHMEHFYMCDCYCYELRRPAEQEWLKREHEHMQPHPCDDYCFCCKPMCSHHQEHECHFFNDYWM,1.6417606422484852,1
HVVPQPGRGEMQRVDKMMSSEIKYAYIESMEWCSHEGHMPRFYKKYKSCYILTRPEFRYWLMAEHECMQPVPCWDCAFRYKPMHKHHQLFENNEFNVDWM,0.3583482374833018,1
YVHPRPGRGLMQRVDKMMSSYIKKAYIISMNWTSHEGHMPAFYMKCKSCRILTRPAFQYWLMAEHEHMQPRPCWDCAFRCKPMHSHHQLFDNNFFNKYWM,8.448073347243543,1
YVRPRPGRGLRCRVDKMMSSKEKYAYIISMNWTHDYGHCPCYYMKHKSYYIDTRPAYQYWLMAEHEHRQPVPCWRHAFRCKPMHSHHQLFENNFYNVYWM,8.543732740620976,1
YVVYRKGHGLMQEVDKCMSSYIHCAHICHMYWECEEKHRPYDYMKHRSCHILYRKRFDYCKMAEHECEKPVDEDEHAFCCKPDHRHRQKDEYRDFDCRRE,-0.5817097573905663,1
YEVPQPGRGLMQRHDKKMSSYIKYRYIISMHYTSHEYHKRAFCMKRDSCYRLERDDFQKHLMADHEHRQEVPCRRCAFCCCPMKSHHQLFENYFFHVYWM,6.513451540288978,1
YVVPQPERGLMQRVDKMMSSYEKYAYIIRMNWTSHEDHMPAFYMKHKSCKHLTRPAFQYWLMHEHEHMQPVECRDYAFRCKPMHSHHQLFENNFFNVYWM,2.7850762255530377,1
EVVPQCGRGLYCRVDKMMESYIKHHDIISCNRTSHEGHRPCFYRRDKCDYDLTRPADQKWLMAEHHEMQCVPCYKCDFRCKPMHKHRQYFYKKDCYVYWM,5.112882804121375,1
EKVYQPDRYKDHEKDKMESSYIKKKKCEKCDWHEREYHDHAKHDEHYSRYCRTRCKFDYWHHAKHEHCHPVEDRDCAYDYKRMYSDRQHFEEHKCNVYKC,1.7491878271660433,1
YVCPYDCKGLRYRVHKKKSSCIHEEYIHSMNWRSHRDHMPEFYEDKKECECCYEPADHRWDMYCKDHDCPVDYERYAFRCYYMRYRHQLKRYDFFNVRWY,2.181406442080668,1
YHVPEPRDRLYHCEDRMKEDDCKYYEYKSEHHEYHECKMPYKYMYDEDEYRLTCPARQHHDCAEDEYMQREPCWDCAFRKKKMEEKHQCFKNHFFNVCEE,-7.706510661075566,1
KVVPQPGRGLMQYVDKMMSSYIKYAYIISMNWTSHRRHRPAFYMKHKSCYILTRPAFQYWLMAEHEHMQPVPCWRCAFRCKPMHSHHQLFECNFFNVYWM,9.44567450521307,1
YKEECEHRKKMKRVKKMHHKEIEYAYIIKHNWTRDEGHRDEFCYDHRSHERDKKPDDDCRKKAHHEHMRKHRCWDCACYCKRMHDHRKCYRYNFRNVDWM,9.748989213497008,1
YVVPQPGRYCHKRVDKMMSSYIKYADIKSDNWCKHKGHMPAKYRKHESCYIRYKPRDQYWLMEEHEHMQPVHCWDCAFECKHMHSHHQYEEKNFFNEHWR,4.780625772073048,1
YVYEEPRKRLHQDCHYHRSSYIKKAYHIKEDRDSHKCRMYRFCMDDKSCYDLTKPYKDHDKYAEHEHRQPKEDCCDACERKHMHEHERLYYNNCFDEYWM,-0.4497956986451541,1
YCVPKDGDGYEYRKDKCMRSRRYYAEIYSRNWTSYEGHMKARRHREHDCYDCTEPACQEWLMDEHCKDQPVYCKKDAFRDKKHCRYEQKHDNNCHDVKEM,1.0875704960853092,1
YKCKQKHRRCMCHCYEHKRERIRYCYCIKMRHDDREYKCPAFYDERKCCKIEEYRDEYKWDRCEYEHMQHKPCDDRHERCKKKEYHHQRDENNYERHRWY,7.183409693968983,1
YVHPQPGRGLMQRVEKMMSSYIKYAYIISMKWTSHEGHMPAFYMKHKSCYILTRYAFQYWLMHEHEHMQPVPCWDCAFRCKPMDSKHQLFEENFFNVKWM,4.51756509662976,1
YHVCYYHRYEHKRVKHDRYREKDEYCYEHMNDTCHYGREPDFYMHDCHDRELTKKRFQHWLMKYCEHKDYYCCWDCRHRCRPDDCKYQLFEKREFNVYYM,1.4112116210197527,1
RVECQDKYYCYQDVCKMMSSCIKYAYIIRMRWTSHEGYMPADKMDRRDCYIETKPYEHYYHEDCDRHHQEVPCWYCEFRCKHKHSRRQRDCKRFFNHYCE,3.0473811811518345,1
DHKHEPGERLMDRKDCKCHCYCKYARIISEDWTEHEYYKPAYYHKRDSDDCRTREAFHDWYHHDCERRHPKPCWCEAFRYDEERRHRQLFEHNFEYVDHM,-3.344949171857031,1
YVCDRKYRHLDHREKCMHSSYEKYCYDECMNCYSHECHCPKKYMYRYSCEDLYYPAFKHWHYEEHYHDQHVRKCDKADRYDHMESHHYHFENYYHEEYWM,-4.126317399989301,1
YVVPQPGRGCMQRVDKHESSYIKRAYEKSMNWTSHEGHMPDFYMKHKSCDILYRPDFQYWCYAECEHRKPYPCWDCAYRCKPMHSHHQLKENNFFNVYWM,3.3148495231212465,1
YVVPQHGRYLMQRDDKMMSEYIKEAYIEYMNWTDHEGHRPAFCMKHKECRRLCREAFEYELMAKHEHMQPVKCRDCRFRHKPRHSHHQLYCNNFHKVYWE,4.685524269326995,1
DVVKQPDDYLMERRDKDMSSRIKYAKKCSMNYTDERGHMHEFHMKHHRCHILTRPAFCYWCHADHCHDYRVHCDDDADRCKPMYCHHELFYNCFEEVYKM,-1.4198381527966075,1
CVVPDPHEGLCQEVRKMMHSDIKDEHCCSMNHTHKCGHMCKYRKKHKSHYKCTRPDDYHWLMDHEDECQCVKCEDCACRRYCMHREHDYCCNHFCHCEWM,-1.7591455190320635,1
KVVPCEGRCLMYHVEYMHSSYKCYAREISRNWTSCEGHKPHFYMDRYKKYIKDRDAKRCWLDDEHERCQPVRCWKCAFRCKYKHSYYQRFENNFFEVYWM,6.983691241889879,1
EVKKCRRRGLMKCVDDKDSHYDKYYRIIRDNCRSHEGCRPYFYEKHKRCCICTRPAFQDDLMDRHRHMQPVECEDKKERCKPMCSYHQKRENCFFKVYWR,9.85194654998396,1
DVVPQPGRGLMQRDDRMESSDIKYAYIISCNWRSKEGHMPAFYMKEKSCYIYRRPEKQERLMAKHEHMQPERCWRCEHRCKHDHDHHCLFENNFFRDERM,2.393201509573963,1
YDVPDCGRGEKDRKDKMHSEYCKYAYHKSHNWHHRDGHMYYFDEKHCSKYRLRRPACQRWLMYEHEHMQPVKCWDCAFRCRPMECRHYHFENDFDNVDCC,1.413374411224492,1
YVCPQPGEGLMQRVDKMESSYIKYAYIESMNWTSHEGDMPACYMKHKSCYILTRPAHEYWLMAEHEHMQDVDCWDCAFYCKPMHEHHQLFENNFHNVYWM,-6.513088919528817,1
YDVYQPGHGLMDRECEKHSYYIKYAYCISCHWDSHEYHMPAFEDKHKSKYILTKPAHHDCLMYEHHHYCPRCERKHYREDKPMDSRHQLDHNRECEHYHK,-0.8906768251521271,1
YHKPQPKCEDKERYEKMRSSRIDHDKIISECWTSHCERMPAFYKKHKYEDREYCYDFRYDLEAHEDDMHPVDDRDHYFRKCECHSHHKDFECNFENVYWM,-5.475122364777796,1
YDVPQPCRGLMQRYKHHMSSYEDYAYDISMEWTSDEGHMPAFCMKHKSDCIDTRPAFQYCKMYEHEKYQPVCCRDCAKRCKPMHSHHQLFKHNFDNVYWY,0.3462478586016004,1
CCVPKPGEGRMDRDEKMDKSYIKHYYKYSMNWTHHCGCMPCYCMKDESCYKLEYPAKRYWRRAEHKYMQHVYHEECCFRCKDMHSEKQLFHKCKFYVYHK,7.143413769590959,1
YYKKRHGRHLMQRVKKCRCSYCKDADHRKMNWTSYECRMYAYDDHHRDCDDKTCEAHQYWRMCKHEHMQPVHCCDEDFREKPMHSDDQYFEDNFKNEYKM,1.3825031580163234,1
EVVEQCYRGDMQRCDRMYDSEIEYRERIHYYWRRKEGHMDKKYYKHCSKYELDCRAFQYWHYAEHDHKERVYYHYCAFDRKPDHDHDHLYKNCFRNVHWY,0.6816254875159622,1
YEVPQPGEGYMERVDRMESSYIRYAYDKSMNRTSHEGEMYAKYMKHKSYDILTRPACQHWLEAEHHYDQPVPCWYCAHECKPYHDKHRDFENRFRNHEWM,-2.3765039782319644,1
KCHPHPGCCLMQRRDHKMSKYIKYAYCDDKDRTSHEGREPKFYMEHCCCYIKERHHERYDHEAHYEHRQDHDCWDCEFYCKPMCSHEQLFENDEFNVYEM,-5.54879849024444,1
YVVPQPGRGLMQRVDDKMCSYCDYCDCISYEWTSKEGHCHAFYMKHKHCYCKTRCADCYWLDARKEYMQERPCWDCAERCKDMHSYHYLKYNNRFNHYWM,1.876818118863788,1
EVVPQRCREDEQRVDKMMSCDICYKDIEEYCRTSHKGKRPEFYEHEKSCYRLYRPAFQEWLMAEHEDDDPVPCWDCAFKCKPMREYECLFCNNRKRKKHM,-1.2689261190128818,1
YVVPQPGRGLRQYVDKDMSSYIKYAYIISMNWTSHEGHMPAFYMKHKSCYILTHPKFQYWLMAEHEHMQPVPCWDCAFRCKHMHYHHQLFENNFFNVYWM,2.711730995367734,1
HVYKQPDRGLRCRVDKMMSRYKKYAYIISHRDTCHDGHHHHFYHKHKKCHIDTCEAFYYWLMEDHRHCQRVDCWDCAFHCKPMHHDHQYEKRNHFDVYRM,6.135505506810125,1
YVVPQPGRGLMQRVDKMMSSYIKYAYIISMNKTSHEGHMPAFYMDHKSCYILTRPAFQYWLMAEHEHMQPVPCHDCAFRCKPMHSHHQLCENNFFNVYWD,1.5476735968318298,1
YVVPQPGDGLMERVDKMMSSYIKHAYCKSMNWTSHEGEMPAFYMKHKSDYILTRPADQYWLMAEHHHDQPVPCWDCEFRCKPMYSRHQLFENYFKNVYWM,-0.5797776275487596,1
CRKPQEYRGKMKCHDDKHSSDDKCRKIISMNWTSKEDEEPADYMKEKSYDILEEPAFHHDDYAHKECRDRVCDHKHAERCKCCESHCQRFRNKFYRRRWR,4.191319313492901,1
YVVPQKGCGLMQDVDKMKSECIKYAEIESRYHTSHEGRECHFHMHDKECHRLTREAFKYWLMYEHDHYKHRRCHDCAFRYDPMDSHHQHCRNNFFRVYWY,1.813745283320692,1
DVCPQPGRGLMQRVYKMMSSYIKYRKIISKCHTSREGHMCAFYMKKEDCHIRTYPAFQYWLKDEHRHMYPVPYWDCAFRCEPMHSKHQLFENNFFNRYHM,7.381254219868753,1
EVVPHPCRGLMQCCDEMMSSYIRYAYDIYMRKHSEECDMPACYMKHRSDYKKTHPCFERWLMDCHEDHYHVCCWEHAFRRHHMHSHDQLFKYNFFNVYWM,-1.4211351031891972,1
YRVDQYRRGKMQRVDKRMRSEIECAYIICMNCHSYEGHMPAFHMKDKSDCILTRPEFQYWCMARHHCMDCVPHRDYYFRCKPMKERHYLFRRNFFRVYHM,9.247559200563936,1
DYVEQPYRDLYQKVDKEHCSDIYKYYKIHMRWTKCEKCRPYFKKKHESKYYLCRYRFQYREKEEHCHDCHVEEDRRACHCKCEREDHHKYRENKFKVYWY,6.283348286011758,1
YHDPQKHRYLYQECRKMDSCDEHDAKDECYNWTDHEGHDHAFYMKHKSDYIEKCPAHHYDKMRRHRHMQPDCEKCCAFRDKPMHDHHYLFENDFENVYWM,-5.084769626210903,1
YVVPQPGRGLDQRREYMMSCYIKCAYIISMNKTSHEGHMYAFYMKHKSCYIRDEPAFQYWHMAEHEHMQPHPCWDCAFRCCPMHSHHQYFENNCFNVYWM,0.4447635841561581,1
DVVYQRGRYLMDRVYKMMSSHIKYYYCEKMNWTKHEKHMPAFYMKHRSCRRLTRPAFCRWLMACHYHMKHYEDWDCEFDCKHMHSHHQDYEKNDFNVYWE,4.678840927010285,1
YVVPQPGRGLMQRCDKMMSSYIKYAYIIDMNWTSHEGHMPAFYMKHKSCYILTRPCFYYWLMYEHEHMQPVPCWDCAFRCKPMDSHHQLFENNFKNVCWM,2.213939748793944,1
YVVCKPCRGLMHRVYKMMSSKIKYAYIRSMNWTRHEGHMHAFYMKHKSCYYLYRPAFQYWLMDEHEHMQEVPCWDCAFRYKPRHSHHQLFENNFFNVYWM,7.644039691810773,1
RCVHHPGRHLMQRVCKHMSERIKEAYEIERYYTSHEKHMPYFCMKHYERYYLTRPDFQYHLMDDHEHMQHVECWECADECKPMHSHHHLCECEFDNVYYM,-4.051911730836256,1
YCVDQCRRGEMQEKYEHMSCDCHHAYEHYYDDTSDECHEPDCEEYHKHCHIYKCPRYQYWYRAEYEYMDHKDEYEKEFRCKKMRKKHDDFKDRHYRKYKC,-3.5832510219733145,1
YDRKDKRRGLMRHVDDMMYSYKKCYYHERMNWDKHEGCEPAECKEHKSCKHYYHKAFKHHLCYDRKCDRCVPECDCAFREKDMYKEEQDFHYNYFRDCCR,3.1488755810508557,1
KHVRQHGRKLRQYDDKCCSSHIKKDDKYSMCWHKCKGHRYHEYDKHEDEYHDYYPHFQHWDRAHHRDMYDVECWDCHFRHKKMHREYRLHENKYFCHYCD,4.138533691998269,1
YVVPQPGRGLMQEVRKMMSSYIKYAYIISMNWTSCEGHMPAFYMKHKSCYILTRPARQYWLEAEHEHMQPVPCWDCAFRCKPMHSHHQLFENNFCYVYWM,3.2829788797985415,1
YVVKQPGYCLMHRHDKKMRRYHKCRYIYEECWTSHEYERKAFRMKRKCDYRLTRPAECYKHMRYYEHKDPYPKDDYHHECYPKHRDKYHFEDYKENHDWR,8.679523594763165,1
HVKKCDHRYDDQREDKKMRSYIKYCYIISMCWTYHEGHMPARYMKCKRCRILTRPCRDRWLMEERCHMDPVRCWDCCFECCPMHDEERLFEDNFRNDHWM,1.887003229001376,1
YVVPQPGRGLMQRVDKMHSSYIKYAYIISMNWTSHEGHMPAFYMKHKSCYILTRPAFQYWHMDEHEHMQPVPCWDCAFRCEPMHSHHELFENNFFNVYWM,-0.283440961081947,1
HVRPQRHRKDMQRHYKHMRYYYKYARDESMNYKEYEGHMPYYYDKHKSDKDKCKPHFDCWLHARHEHMYPCHCKDCDDRKKPMHSYHQEKHNEYKYVKWK,10.039978318722078,1
YVHRQHHHYCMYKVDDDDSKYDKYRYIISDNEYCHKECHPEFHCKHCYCYRCTDPAKDDDLDDEKYKDQCRPCWDHAFECRHRYYHHREDHNNFHNRYWY,-4.292986231229474,1
YVVPQPYRGLMQRVDKMMSSYIKYAYIISMNWTSHEGHMPAFYMKHKYYYILTRPAFQYHLMAEHEHMQPVPCWDCAFRCKPMHSHHQLYENNFFNVYWM,3.6785736667282674,1
YEVCCPGCCRRQERDKMEESRIRYACIISRNHTSHEEHDKAHDMKDKSHEIKTHDKYQYWLEEYHECMQDEHCWRRRFRCCCMHEYHQLYKRNFKEVHWM,0.4213667401737915,1
YVVPQDGRGLMQRVDKMMDRYIKYAYIISMNWTSHEGHMPAFYMKHKCCYILTRPAFQYWLMAEHEHMQPVPCWDCAFRCKEEHSHHQLFENNFFNCYWM,0.3841235439311017,1
YCVPQPGRRLKQRKEDMMSSHIKYADIIYMNWTCHEKKMPAFKMHHKKCEIDHRCCFEYWHMAHHCHEQKDPCYECAEECDPYHSHHQRFEDKFFNVCWH,0.6137647576174672,1
YVVPQPHRGHMQRVKKMMKSYIKHAYIISMNWDSYEGYKCAFDKREHSCEILKRPAFQYWLMAEHEHMQPVRCYDCAFYDKPMHSHHQLFEDKFFNVYWM,3.616900671476831,1
YVCYHYRKYLMDRRDDHKHSCRKYKDKIEMCWEEHEHDHPEFEHEYDDKCRLTRHYFQYHLRKEHERRQDVECEKCAFRDEDMKSHERYCENNEFNYRRK,-1.3739361694677896,1
YVVPQPGRGLMQRVDKMMSSYIKYAYIISMNWTSHEGHMPAFYMKHKSCYILTRPAFQYWLMAEHEHMQPVPCWDCAFRCKPMHSHHQLFENCFFNVYWM,3.44783522896946,1
YYVPQPGEDLMQRVHHHMSHYKCYHKHISCNECHHEGDKPKEYMDHKSKHILTRPYFQHWDMREREHRYPVDCWDCAHYCKPRYSHHQLFENNYFHRRWM,3.1750259268046133,1
RVHYEPHRGLKQDHRRMMDKYDHEAYIIHYNRHSHKGHMDAERDKHHYCRILREPHFQYDLRKEHEHMQPRPCWCCCKRCKPMHSHYDYDENNFFRVYWR,6.07799193459223,1
YHVPKPECCLRDRCDKMMSKYIKYCRERDHNWCDHEHHMPAFYMKDKYCKKLHRPAYQYWLMCRHKHEQCVYHRDCAHEDEPMHSYDQHCRCNFRRVCDM,4.374950630011032,1
HRVDRPYHGRMQRDDRDMSECIKDCCIECMDWTSDEEHRPKCYCHHKSDEEYTRPAFDYYREKYHKKKQPKHCCDRAFRYKYEYHKCYDFENRFFYCYKR,3.1172303559722216,1
YVVPQPGRGLMQRDDKMYSSYIKYAYIISMNWTSHEGHMPCFYEKHKSCYILTRPAHQYWLMAEHEHMYPVPCWDCAFRCKPMHSHHQLFENNCFNVYWM,1.4794341188836118,1
CCVPKDYRRKYQRVKKMKSCYIEYAYYIYDKRCSREEHMPCEYCKHHKYYYDRECAFEYWYMERHYEEKPHPYEDCRRHDKEYHEHYQCFCRYHREHDHM,2.4122085635941204,1
YVVCKEYRGLMQRVDKMMSSHIKYEYIISMNWTSHEHHKPAHYMKHYSCYELCDPAYQYCLMAEHEHMHPVCKWDEAKECKYMHEHHQLDRNNFENHYWR,-1.119182822935338,1
HEYHRHEYGCHQRKDYHMSRECDYAKIHSCNWTSHEGDYRYFEKKKKECKILHRHDYQYWRHCCYEKCCPVPCHDCEDKYYPMHDEEYKDYHNRCNVYYC,-0.5260587247369557,1
EVVPQPCRGLMQRVDKMMSSDIDYKYIISMNRTSHEGHMPAFYMKHESCYCYTRPACQYDLMAEHEHMQPVPCWDCCFRCKPMRSHHQRFENNFRNVYWM,1.1517065321819508,1
YVHKQPGRGLCQRVKKMMSSEIKYAYIISMNRTREEGCHEAFYMKHKCDYYRKRPEFQYDKMDEHKEMQDVRCYDCAYRRRRYHSHHQDDEHNHFHVYWM,5.650375045664205,1
YRKHCPDRGYMQCKDKMESRERDDDDYIYYNDTSHECDHPAFYMKHKSYRIRHCCEYQRWRMCEHEHKQDYPCCDCYRRDKPREDHHQLFECYFHNCYCM,-1.8202783616100968,1
YVVPQPGRGLMQRVDDMMSSYIKYAYIISMNWTSHEGHMPAFYMKHKSCYILTRPAFQYWLMAEHEHMQPVPCWDCAFCCKPMHSHHQLFENNFFNVYWM,0.4485695211906311,1
YVDPYPRDKCMYRVDYHCESEIKKRDHISCNHTDHKGHMPHCDHKCYDRYICHRYEFQYWERYEHEYHQPVPCKKCAFRCKRYESEKQDFENHFFNKYWH,1.5787407963929816,1
YVVPCPDHEHKEYVRKRMYEEIKDAYIRSMDWTYKEGDRREHYDYDYEKRHLCRCRKQDWRMCKHEHRQHYHDYCYACRHKYMYSKHRYFENCFREYRHM,5.6142232264644,1
YVVPQPGRGYMQRDDCMMSHYIKDAYHISMCKTSREGHMCCRYMKHHSYYIHKRPAFQYWYKAECKHCQDEPCDDDHCRYKPEHSHHHLFEYNFENVYEM,-0.3563857253276801,1
YVVPQPGRGLMERVDHMDSEYIKYAYIISMNKTRHEGHMPAFYMKHKSCYILTRPAFQYYLMAEHYHMQPVPCWDCAFRCKPMHSHHQLFENNFRNVDDM,1.6163371852004698,1
YHVHDPGDGYEKRDHKHMDSYIKEAYIIEMNDTSHYGKDPYFYMKHKSCYILDHYAFQYWLMEECRYMQHHPEWDCAFKCEPMHHHCQLFENRRCNVCWM,-4.286102968525693,1
CEVREPCRGHRKYVDKMMSHEIKYAYIISCNKTSHEGHHCHFYKKHRSCYILHRYRFQKELCAEKEHMHPVHCYDCAFYCYPCHSHDQLCDNRFYKVYHE,4.6388215325990245,1
CVVYQPRRGDRDRVDHMDHYCIYYAEDYSCRECDHRGHYEAFYMEHKSCYILTRKRFHCWKMCDHEDMCPVECWDCHEDKKYYEDYHDLCECHCKRRCDY,-5.95323358228536,1
YRRYYDGHGCMCRVDKKMSCYIKYAKIIRMKYRHHDGHMCRFYMKRCSEKDLTCEHKDYWHDYYEEHKQEEPCYHRKHECHPYHSHDQLFRYHFKNVYDM,5.740473816788967,1
YVVPQPGRGLMQRVDKYMSSYIKYAYIISMNWTSHEGHMPAFYMKHKSCYILTRPAFQYWLMAEHEHMQPVPCWDCAFRCKPMHSHHQLFENNFFNVYWM,3.514591560187867,1
HVVPRYGCHEDCRVKKMRSRCEHYAYDISMYWTSECGKYPAEYCKHKSCDILTRDADQEWKEKEHECYQRVPCWDCRFRCKPMCSEEQLFRCCFFNVDEE,-2.375044432252121,1
HVVPKRGDGLEQCVDYMMYSHIKYYHCISMNRTSHYGHMPKFRCEHKSCYRLTHPAFCYCLMAEHEHCQPVPCWKCAEHCKERKSKHQYFENNRFCYYYM,5.340167971612427,1
YVVPHPERYKEYEVDYYDSSYEKYDYIIRMDRTYDEEHMRDFREKHKSCCILDYHHRQHCCMCEHDHCQPVPCRDCACRCRPMYSHEHLHEYEFRCRYYM,-4.652167465947731,1
YKVCDPGRGEMQREYKEMKDREKDAEKICMDWTSHYKHDCHDRRKYCSHYYLYRHAKECWKHCERHYEQHVRCWRKEFECHYEHSRCQRFCNNFFNHCWH,4.447793895285976,1
YVVPQPCRGLMQRVDKKMYSYIKYYYICSMNWYSHEGHMPAFYMEHKSRYIYTRYAFQYWLMAEHEHMQYVPCHDKAKRCDPKHSHKQLFENNFFRVYWM,6.511889076917544,1
YVKYQPGRYYMQRHDKMMESCDDDAYEYKRYKDYREYHCDAFCCYCEDRYIETHDADQHHEHEDRCHDQKVPCWKCCEEDDYECSHHQDKDNNFRNCDRM,-10.846646189672589,1
YVKKQPGRGEMQRCDKMKSSRIKYRYIDSMNWTSHEGHMPYFCMKHKSCYIHTRPAFQYWLMAEHEHMQPVPCWDCARRCKEMHSHHQLFERNFFNCYWY,7.414209006133376,1
ECYPRPGRCLMHDVHKMHSSYCKYYYIISDNWDSHEKEMKAFYMEKDYKYCLTRDAFQHWLMRECEKEQPVCCHCRYKREKPEHRHHELYCNNHFCVDKE,0.3169556576247245,1
YHVPQPGRGRMQRVDKMMSSYIKDAYYISMNWTSHEGHMPAFYDKHKSCYILTRPAFQYWLMAEHEHMQPVPCWDCAFRCKPMHSHHQLFENNFFNVYWM,2.615215682609156,1
YVVPQPYYGLMQRVDKMMSSYIKYRYIISMNWTSHEGHMPAFYMKHKSCYHLTRPAFQYWLMARHEHMQPVPCWDCAFRCKPMHSHHQLFENNFFNVYWM,5.611192544972065,1
YVVRRPYKKLMQEVDKHHERYIRYADIYKMYDRHDRGCDRKRYMYEKKCYYKEHHADQYDLRREHHHMYPVHCHCCEYKCKKEHHHDDLCYENFFDVEWM,2.81186218974376,1
YKYPQPHRGLEQREDKCMSSYIRRAHRISENDTSHEYHMPAFYMKHYSYHICTDDRFRYWCMCEHHYMQPVPCWDCAYRCKPMHSHRHKFENNEFNVYWM,2.6125233049467393,1
RCVPQEDKHLMQREDRKMSYCIKYAYIISMNWRDREKRMHCKRCKCKYCYILTHPCFQYWLCARKDHMQYVPDWDHDFRCKCYHSHHQRFENYFDCHYWM,7.141933759908994,1
YVVPQPGRDDMQREYRMMSSYIKYAYDICMDWDDCHGDMPARYMKHHSDKILTRPAFQCELMAEEEHMQRVECWDCAFEYKYMEHHHDLFRNNFDCVYWM,-7.708876181016434,1
YVVPCPGRGLKQRVDKMMSSYRKYAYIISDNWTSHEGHMPAFYMKHKSCYILTRPAFQYWLMAEHEHMQPVPCWDCEFRCKPMHSHKQLFENNFFNVYWM,4.350509757440808,1
YVCPQPGRGLMQRVDKMESSYIKYAYIISMNWTSHEYCMPAFYMKHKSCYYLTYPAFDYRLMAEHEHMYPVPCKDCAFRCKPMHSHHQLFEENEFNVKWM,1.2834076685224058,1
KVEPEDKRGLMKRVDRKCSDYIKYCDIIRMNWTSEDYCMCEFYKDDRCDRYCTRPEEQYELMEEEEYEYHCKRRDRKKYCEDHKRYYCLFENNFFNVDEC,-5.466170007210156,1
DEDPYRYRCLCYYDCKMESSYEKYKYDREYYWTRHEKHYPEFHHDCKECYELTRRKFDYYLMEHHHKMQRDKCWYYEKHDCPMHSRHCLFENEYFNVRWM,-1.5500728648989828,1
YDVEQPKRGLMQEVHKMRSCDRKYHYIRSMNRTSCEGHMPACYKKHKSCYILTDPAFQYELMEYREHMYPVRCDDCACRCCPYCYYHQYFENKFRNDCWM,2.847548734262821,1
YVRPQPGDGLHQRYDKMMSHYIKRAHIISKNRTSHEGHMEAFYYKDKCCYILTCPAFHYRLMAECYHMQPVPCWKEHFYCEPEHSHHQLFENNFENVYWM,0.6810704022012697,1
YVVYQPGRGLMQYVYKMMSSYYKYAYHISMNWTSKECHYPAYKMKHKSCYILTRKEFQYWLCREHEHMCPDKCKDCARDCKPMHCHHQLFENCFFNVEWM,5.176725258006419,1
YVCDHCCYGLMQRHDKMMSSRIKYKYIIRMNRTSDEHHMHCDYMHRESCYILTHPAFCRWLCYEKEHEHPVPCWDCDFRCKEMHCHHDLCENNFFNCKWM,-0.6899615741290646,1
YVVPQPGKKKDQRDKKRMRSYRCYAYIYRHKYTSEEGHCKEYYRCEKSCDCLKHRCFQYWLMAKHEHHQHVPCRDCAFRCKPMKSHHRHFKKYFHNEYYC,14.405224678781742,1
DVDCDEKRGLDCCYRKDMSCRKKYAYIHKKYWTSCDRHMPEFYCKHKSDHILTYPHDRYWLYACDDRRDKDDCKDCAFRDEERYCHCQLFEHDEFNVHRY,-1.9501712833496576,1
YVVPQYGRGLMCCYYCYMSSYEDCAYIIHMNRTSHEREDPCFYMKHESCHRLTRPAFQDWRMEEKKRMQPVDDWRYRFHCCDHHSHHRLFENHFFNDYWM,-0.5516014423654081,1
YVVRQPGDGLEDRVDKMCYHDICRAYIYSKEWTSHEGHMHAFYMKDKYRYCLTRPEFQYRKMADHEHMQPVYECDCAFDCKYMHSHHCLFEYNFFHRYEM,-2.484333087208384,1
YCVPEDEDKKMQECDKYMSDYEYYDRIRSKNHESHHCRRRAKDHKHKKCYYCTRPCDQYWYMAEHCCYKYRPCKDDDYDCEHMHRHKQEKHHNCFNDYYD,-0.6560348816912587,1
YVVPQPRHGLCQRVDKDMYSYRYEAYIIHMNWTSHEYHYKAFYDEKKCCYIDHRYADCYELMAEHEHMEPVPCYDCDFRCYHMHRCHQLFKNHFFNVYWM,-2.4563587907425486,1
YVYYQPCRDLYYYVDHKESKYKDRAYIRYYNWTSHYGEMKAYYDKRESCYCDTRCAFQCWCMCHHYKCQYVCCDDYYFKCKEMHKHHQLCECNDFKEYCE,-0.2614283479644186,1
EYCPQHGRRDHQEVHCYMSSHHKYDDDYSMEWDSHEDHMKKKHKKHYKCYIYTDPCFERRLCAYHHHMQKCRCWDCHKCCHPKDSKRQLEENDRFNVYYK,2.708189053699467,1
YHVPDPGRGLMQRVDKCMSHYIYHAYIIDMNWTHHEEHMKAFYMKHKSCCIDHRPAFKYWYMAEHHDCQPHPCRDEAFRCKPMHSHCHLFENNFFCVYKM,1.8410896620754649,1
YVVPQPGRGLMQRVDKMKSSCIKRAYIISMNWTKHEGHMPHFYMKCKSCYKKKRPAFQYWLMDEHEHMQPVPCWDCHFRCKPMHSHHQLFENNFFNVYWD,7.480634267622833,1
YDCDYDGRGLKHRYDKYMSSYIRDKYIHSCYEYSHEEKMEAFHMKRKSHYCHTHPKEQYWLHEEHEHMQPHPCWDHYCRRKPMHSEHEHHENNFFDVDWH,-3.652935057799144,1
YVVPQPGRGLMQRVDKMMSSYIKYAYIISMNWTSHEGHMPAFYMKHKSCYILTRPAFQYWLMAEHEHMQPVPCWDCAFRCKPMHSHHQLFENNFFNVYWM,3.5153852579660363,1
YVKPHPDRHHRRRVDKEMSSYIHCACRISMNRTSKEHHMPDEHRKYKSCCCLRRKAHQKWLMAEYDHCQPHPEHDCAFHCKPMHSDYQLHENNHFNVYWE,4.944065795316657,1
YDVPYPGRGCMQRRDKYMSSCIKYYDEISMNWTSHEEHMPAFYMKHHSCHILTCPAHQYWLMAEHEHKQPEPCWDCAFRCKPMHSHHQDFEHNFFNKYWM,-1.2864564652540604,1
YYHPQPGRRLCDRVRKMMSSYHEDDYIDSMCWTSKRGHMPRFYMKHKSCYILTRKAFQYWLMREHEHDQPVPCWDCCHHCRPHCSHHDLHEHNFFNVYWR,4.741766329515981,1
YVRPEPCRRKCYRDDKMMREDICKHRIIEYCEKRHYRHYPHYHMKYYSCYIEHCPHHKKWLMECEEKEEPRPECCKAFRCEPMHSHKQLHEKKFFHVHWY,6.614227134299533,1
YVHPCRHRHYMYYKKKMKSYDIKYAEHHSHNWKHKKEHMRCFDMCHRKDYCLERHHEQERLRDEKEDDKYHHEWDCHCRYKCMHRRHYLCENNDEHRYDK,6.142408439960668,1
RVKRQEHRGLKRCYDHHMEKYIKYACCISMRWDSCEEHMREFKCHRDSCRIRTCDEKHDELYCYHEHMRKCYRWKRYFCEKPMKHEHKCFENNFRCVYEM,7.184079531967193,1
YDVRQPGRGKMQKVDHMCSCYEEDKYIYSCEWTCHCEKYYKFCMEHHDCYDLCEYARQHWLMAKREHHDPVHHCRCKCREKPMRDHHKYFEKCFYNVYHM,1.376379751908658,1
YCVPQPGHGLMQRVDKMRSSHIKYRCIRSRNWTSKEGYMPRFYHKDKSCYIECRPAFHCCLMAEHYHMERVPCYDCAFRCKPMESHHYKFKNRFFNVYKM,11.177861897438602,1
CVKCHHYCKYMKEYHDCHHEYIKYAYRKSMNKTDHEGDERADYMKEKHYHDHTRYAEQYWDYAHCRDCRYVECDYCAERCKPKHECHQLDHCNFCNVEWM,-2.523950787469346,1
YKVPQPGRGRMDRHDKDMRDYIYYAKIRSMNWTDHEGRMHADCMRHCSCYIKTRPKFQYWCMAEHEHEQEVYCWDCAFRCCYMDSHHHKEENEFFRVYWM,0.351660976593461,1
EVVPQPGRGLMQRVDKMMSSYIKYAYIISMNWTSHDGHMPAFEMKHKSCYILTRPAFQYWLMAEHEHMQPVPCWDCAERCKPMHSYHYLFENNFFNVYWM,0.4199057757731541,1
KYVPCPHYYRMKRDDYMMRDYHKCAHEKRMNWRSHYGYMPDFDYEKKDEYIKERPAYQCYLDYEHEKDEDVPYWDHRFCCRDMHRRHCEYEENFKCCHKE,-1.6473930835707904,1
YCCPYPDHGLMKRRDCMCHSDIKYAYIHEKNWTCHEGHDCAEYYRHKRDYILYRPYFQYWLMAKECYMQDVYCWDYAFREKPYHSHHQLFEDNDFNREWM,-2.653181629244328,1
YYEHEDGRGDMYRHDKMHKCCIEYAYCISYNKYYCEGHMCAEYKKHDCCYCKTKKDFHYYLEREHYKMQHVPRDYKYFRCKCRHKHCEDFCNKFFEVKKH,5.273330980587392,1
YHVPDYGRGLMQCVCKMMSSCYKDAEIISMNHTSHRRRMPEFYYHHKDKCILTDPADQYWDMAECYHHDEVPCWDHRCRCDKMDCHHQLFRNYEFNEYKM,-2.6188479450764213,1
EHVHDPGRGKMQHVRKEESDYCYCAHIRSMNWTHHEGYMRHFYRKKHECDHLTRREFKYCHMAHHDHEEHVPERERAFKHEPEHRYEQHFKKNCKNVYWM,3.3507649061519764,1
YVVPQPGRGLKQRHCKMMSSYIKYKYDISYNRTCHEGHMPADYMKHKSCYILTRRAFQYWLMAEDYHMQPYPDWDCAFRCKDMHSDHQLFENNYFNVYKM,4.346342576373621,1
YRVPKPGRGLMQRVEDRMSSYIKYAYIISMNKYSHDGHMPAFYMKHDSCYCHTECAKQYWLMAYHEEMQKVPCYECAFRKKPMHSHHQLCECNFYRVYWH,5.411050101459203,1
YVVPYPYERLMQRVYKRMSSHIKCADKISMNWTSHEGHMPRFYDKHKSEYKLTREAFCYRLMDYHEHMQKDPHWDCKFHDKCEHHYDQCFECNFFNVYWM,1.5822478854453426,1
KVVPQPGYGLMQRVDYMMSEYCHYAYIRSMNDTSHDYEMPHFYMKHRKCDILTRPAFQYWLCKEHEHMQPVPCWDCAFDCKKMHSHEQLFEYNHFNVCWM,-1.584587622271922,1
YHEYQPGRGCMQRKDKMMDCEIKYCYIKHMEHKCHEKKCYAKHKKHDRCYILYRYRFRYWCMKYHEHEQDYPCWKCKFRCKPMRSHHQLFCNNHENVYWD,10.339613679812404,1
YVVPRYHRGKEYRVDKMESKYRKCDYIYSECYCSHHGHMPDRYMKHEKCREHCRPKYKYDLMAEKEHYEPHPCWHCRCKYKYMHHHHKYFEHCFFNYYDC,6.703677021544532,1
YVEYQDGRGDRYREDKMEKYRIDKAYIICCNRTSRRGHHPAFKKHYHYCCIEKRCKFQHDKMHKHECMQEVPCWDCAFRCKPMHSEHQLFDDNFFHEEWY,2.384281302529743,1
RVKDRPDRGYMERKYKHDEHYIKCCYIIRDNETHHEGHYCEEYMKDKCCCIYKRDDCYYHYKAEHEHMYHRPDERYDFYCKPMRHHDRLEHHNFDNKYHH,-0.0559246033975142,1
YVVPHCGRYEMQRCDKMKERHIKEAYIISMNHTSREGDMRYFYCHHKSCKDLTRPKEQREHMAEHYHMQKVPCRDEAERCKYMHEHHQLYENNDYCVYEM,0.6197284766787803,1
YCREQPCCHLDQDVEKMMSSYCDYRYYIYMHCTRCEHCMDEHYMKHYYCYELTRPKEHYYYMCEHEHMDHCPCDYRKFRDKRMCSYRQEYENNFYRHEKY,-2.8231422685006535,1
YVVPQPGRGLMCCCKEMECSHHEYEYRISCNCTEHCCHMPAFYMKHKSCYILTRPARQYWYMAEHEHMQPVPKHDCDFRCKHMHDHYQLKENNFCHHYWM,0.4741902677566454,1
YVVPQCGRELMERKDEMMKHYIHYAYIKSENWYYHEGDDPAEYMKHKSCYHLTKPAFQYYLEAEHEHMQPVPCEDCAFRRKPMKSHHQLDENNFFNCYEK,-3.4437655392765425,1
KCVPQPGCGLMQRYDHMMSSECKYRYIISMNWTSHEGHMPAHHMKKKSCYILTEPAFQYWLMAEREHDQPVPCWEDACRHKPMHDHHKDFYNNFFNHYWM,0.6814497950357357,1
YHVHQPDHGRKQRYDKMMKHYDCYYYIKSCRRTCHHGHKKAFYCERHDERILRYPCFYEDHYHEEEHKRDYHCEECEFEYRHRHSHDKLHKENFFDKYEC,1.0449655599763616,1
YVVPQPGRGLYQRVEEMMSRYIKYDEDISMNWRSHEYYMKAFYMKKKSCYEDTRDRKQYWHHDEHEKMQPCPCYEYKFRKCKEHKHHQLCRNNYFNDKDM,4.353934958475808,1
YVVHQPGYGHMQRYDKMESSYICYAYIYSMNWTSHEGHMKAFYMKRYCCYILTRPAFQYWCRAEHEHMQPVPCDDEAFRCKPMKSHHQLEENYFCNVYWM,0.313502972648374,1
HVHPQPYRKKMHKVKKMCDSRIKCEYIYSEEWTSHEGHMPADYDKKKCDRELKKPAFQKWDEYEKERMREDHYWDCAFRCEPYRSRHQLFENNFFKHYWY,4.457522811862276,1
CVHECYGRDLHKEYHHMMKSYEKYAYEEEMNHYSRCDCMHCDHDKCKECCECRRRAHHDWLYAYCEDMQDHPKWDCACRHKKRHSHHHLEENNFHEVYWM,-4.221608434219704,1
YVVPQPRREYCQRVDKMYSKYIYYAYIRSMNKTSRECHKPKRYEKHKSCYIYTYPYYQYWLMEYEEHRQPVPYWDCARRCKPMHSHHQKHENNFYEKYWM,9.345618792050526,1
KVVDHPRRGDMQRDDYMMSHYHKDAYIIEENWYSHEDHMDAFYMKHKKYHILRDPHYHYWLMAEKRRMDYVPRWDCAFRCKCMHRCRQCFHRCKYNVKWD,5.678840098905344,1
YEHKDPCRGYMERCDHRMSSYHDYCRHRRDHHTEHEHHDEDEYHKCRSCRHHHRCYHDCRKDAEHHHMHHVPRWDCAERCDPKHYHHQDFHNNECEVYWE,-4.393079945977366,1
YVVPQDGRDLMQRVDKMMSSYIKKCKKISMNWTKHEGHDKACEMYHKSCYICTRPAFQYWLMAEREHYQPVHCWCCHYRCKPMHSHHQLFENNFFNVYWR,6.345563166460709,1
YYECHECCDRMDRVCEMCREYCCKAKCIKHNWDKYEHCRRAYHHKHKCKYKLDRDREKEWLDAEEDHMQDVPCWCHAECKKPEHSKHRLFKHYYFDHYWE,0.3150247559936474,1
YVYPCPKRGKYQRVDKEDDSYIEYARIIYMRECCHEYKMPAKYYCHKRHYILTCYACHRRLMEEHEHMCYVHCWDCAFREKPKHSHHECEEHNFFNVYYD,0.4125009966989097,1
YEVCYYCRHLYQYDYCMKKHRIKKKEERSMNHTSHHRHRRAFYDEEKCCECLYRYCHDYHYMAEDYHCQRVPRWDKYFHCKPKYEYDRHKKCHRFDVYYM,7.505061554749169,1
HVVPQPGRGLMQRVDKMMSSYDKYAYIISMNWTSHEGHMPAFYKKHDSCYILTRPAFQYWCHAEHEHMQPVPCWDCAFRCKPMHSHHQCFCNNFFNVYEM,1.5121804074951797,1
DEDPYHGHGLMQHVKKDHSSHCKDDCRRRMRWDHHDGRMYAFDKDHKHKYRLTRCYYECHLMADREKKQPVPCRKCAKRDDDCDSHHQECEDKKFNEHHM,1.8483862182890969,1
YVCPQPGRGKMQRVDKMMCSYIHYACIHEMNETRHEGHMPAFHRKHKSCYILDRPAFQDWLMAEKEHMQPVCHWDCAFCCKPMHSCHQLFENEFFDVKWM,0.3837702323796463,1
YVDPKRCEYYCYHKDHMMSKYIKHAYIRSMNETSHERHDPAFYCKHKSDKKLTRPAKQRWHHAKHEHMQPEPCDCRKYRCKCYHSHYQHDEHNRFEDYWM,6.908499704215716,1
CVVPQRGRGLMQRVDKCCDYEHKHAYIIYMDWRSHEGHMPHFRHKHKCCYHLTRDAHCKWLMHEYEHMQHVPCWDCAFYCKPMHHRHQLDEKEFFNDRWM,2.8758395134445376,1
EVVCQRERHEMERHDRMMESYYDDAKIRSMNKEYDECHMRRFYKKCCDKRYLEKHACEYWKMAECYHEQPEEHEDRYFRDKPMHCHRQLFRNCFFNDDCM,-2.8053760438892787,1
CVVCQRGRGLYRRRDKMMKHDIKYAYKIRMRWYSREHHKDAFYMKHESYHKLTCPDFDECDCCCYHHMQPHPKWDCAFECKPEHECHQRFERNKEKVYWM,6.314586436215279,1
YVCRQEEHHDMQRVYKMRSSKEKKKYRCDHKWTEHYGKMCAFKDYDKKKKCKTYRRKQYWHMDECERMHYVDDWDDADYCKPYHHHDYRHHNHDENVKWD,4.7806439803681435,1
YKCPHRGRCKMCKDHRMKRSYKCCAYCISHRWTSHECHMPAFCMKERSCKILTKYYEQYYRDYKEKDMQHKPCCDHYCRCKKMHSYYQYFEYHFFNVCDD,9.936448812096334,1
RVVCQCKRGLMQRVDKMCCEYRKYAYEHSMNETSKKCCDRAYYMERYDHYIKERPRKQYEDKAEHERMHPVPKCDCEFRCKHYHDHHQLRDNYRFNVRWM,7.18452319384771,1
YVVPYPGRGDKQRVDKMYYSEYKDDYIISDNDKKDHDEKDCFEEECECKHRDTEPEYCYEHMKYREHHQCVKCWHCCKRCKHMESKHDLEKHNEDNDYWM,-7.7085235697106675,1
YVVPQPGRGLMRRCHCYMSKRIKYAYERSMHWTSYEGRKPDDCMDCKSCYILRRHAFCYYLDYEHEKMQPVPCYHCAFRCKPCHKRCQLFEDNEFNVYWM,5.846411345233005,1
CVDPQPGEYLKKHVDHCMSSYIDYYDYKCKNWKYEEDDCEAFYHYHKSCEILTRKRFQDDDMARHYHMKPCKCWDCCFHCKYMHCRHDLHENHEFNCRWE,-3.7209839858816416,1
YVVPEPGDHLMQRRDKMHRRYIKYAYICSMNWTHHEGCMYAFYYKHRSYEYLTRPAYECKHMAEHEHMQPVPCWDCRCRCREKHDHCCLEEHEFCNKYWH,1.5121916751235729,1
DVVRQPKCGLMQYEDKKMRSYIKCADDIYMNWTSHEGYMPAFRYEHKSYYHLTRPAHQYELMAEHEHMEYVPCDHHEFHCKPMDSRHQLFHENFFNVYWM,-3.180881199232804,1
DHHEQPYRDLRQRKDKKCSEDIKYAYDRSDHWHKHDEHHREFDEYHKDKKILTRPAYQHKKRAYHKHMEPEPKYDEDFKKKCRHEEHQYYRYDEFNDYWD,0.1560178534023037,1
YVVDQPGCHHMEKRDHRMSSYRRCAHIIRRNWDSCKGYYRAHHEDKKECREHYHCRFDYKLMYCKERMRPEPDWDCAFREKEMDSECYLFDKNCFNVYHM,2.2855907037273084,1
CVVPQCGRYLMYREYKMHSSECKYCYIIRDNWTSHEGHMPARYCHHKSCYILTEDKEQYWLCDEHEHMQKEPCWYCAFRCKPKCSHHQLFEHEYYNVYWM,-0.7544729695327526,1
CVEPQPHDHDMRERDDRESSHDRCAYIHHYYWCSKEGYCPCFDRDCKSCYIETRKYFQYWLKYYHEEYRCCCCKDYKCRCKCRHHYKQEDENKFFNKHWM,0.9450557940478674,1
YVVPQPGRGLMQREDKMMSSYIKYAYIISMNWTSHEGHMPAFYMKHKSCYILTEPAFQYWLMAEHEHMQPVPCWDCAFRCKPMHSHHQLFENNFFNVYWM,0.5182142913787189,1
RYCKQHGEECMQKYRKMKSKEYCKEHHEKYNKKSCEGHYEEKYMDHKSCYHCCERAFQYWYKKEHEHMHDVPCDDYKFRCKHMHSRHDLHEKDKCHVEWM,3.713549064200677,1
YVVCQPGRDLMQRVDKMMSHYIKYDYKISMCCTKHEGHMPAFKMHHKSCYIETRPAFQYWLMAEHEHMQPVPCWDCAFRCYPMCSHHQLDENNFFNVDWM,-0.6519608008088724,1
YVVEQKDRKLDQRVDKHMSSKIKEKDIKKHEYECHCHHRPDRYHKHKSCDILTCDYFDYHHMAHYEDCQPHYCWCCAFRRYEYHSHHQEFEEYFFNRYCM,-0.2223186223609161,1
YHVCQHYRGLDQHDDHMMCRYEEYARIIDMYRCSCCGHMRKRECKHKRCYHYERDDFRDWRREEHKHDQHVPCWDDKDYCYCMHYHHCEREHHHFHKYWK,0.9392370196017056,1
KVCHYCEHGLKQHVEYKRKSDRHYCYEISMCWTSHHEHEDKERYYYKYCHIYERPACQYWDMAKHYHMQCVYYYDHCFRYYPCCSCKQCDDNHCECVYDM,-1.7644496503919207,1
EVVPKYGRDKMQRHKKRCCHCEKYHYYIRHHCTKEKREMHDFRKKKESRYDLYRHECQDYKKAEYYHKDPVDCWKCDDRCYPCYCRRQYCHNNERNVHWC,10.176167047633264,1
KKRCRPGRGLMQRVHKCHYHHRCYAKIRKCEHHKHEGHHPKKEHDHKYCYIRHRCAFQKECEAEHEKCHHRPYWHCAFRCEPMHEYHHCFERRFERCYRY,14.069929187588135,1
REVPQPGRGLKQRVDKMMSSYDHYAYKIRMNYESHEGHMPRFYEKKKSCYILYRPKFQYDRMAECEHMQHVPCWDCAFRCKPMRSHHQLRENYFKNVYWM,8.351788833453856,1
RVVKQPGRGLCKRVDKMMSRCDKYKYIISKNETSCEGHMPCFYMKHKSRYILTDRRHEYWLYCEHDEMRHVPCWDCAFHCKKMHSHYQLYENNFRKVEWM,8.249632353590265,1
YVDYKPYRGLDYRVDKMYYSYKEYDYHISMKKDDCRGDMPYFYHKHKECYILKRCHFQYWLEHEEHHDQPKPCKDCARYCKRMKSKCQRFKKCFDRHYYM,8.242177614811222,1
YVVPQPDYGRRRRCDKMKSYYHKYAYIIDMCWTKHDGHMPHHYYKCKKCYILYKPAFCCWYMAERRHMCKYPEWDCRYRCRYMHCHRQLFEDNKYNVCWC,10.96895257855258,1
YVVPQPGRGLCQRVDKMMSHHIKYAYIISMNWTSHEGHEPAFCMKEESCYILTRDAFQYWLMYEHRHMQPVPEWDCAFRCHPMESYHQLRENNFFEVYWM,-2.5441878324736464,1
YVVPQPGRGLYQRVDKMMSSRIKYAYIHSMNWTSHEGHMPKFYMKHKSCYILTRPAFQYWLMAEHEHMQPVPCWDCAFRCKPMHSHHQLFENRFFNVYWM,6.613968791895964,1
YVVPQPDRGLMQRVDKMMSSYIKYAYIISMNWTSHEGHMPAFYMKHKSCYILTRPAFQYWLMAEHEHMQPVPCCDCAFRCKPMHSHHQLHENNFFNVYWM,2.5471609983398107,1
YCDPQPGRHLYQRDCKMMKSEICEAYCIYHCWTSKEGHMPADYMKECSCYILERHAREYWLDAECEHMKPVPCWDDAFRCKPMHEHHQLFDNNFFNDYWM,-5.880008293306879,1
EVVPQYGRYRMQKCKCMKYCYIEYEYKISMNKKYDHYHMPEFYYKHKSCDYLTHDAHQRWLKAEREHMQYEKCRDCAFRYKPMHSCHQKFRNNFFNVYWR,9.311701790135157,1
YVVPQPGCDLMHREEKRMSKEIKEAYIISMNWTKHEGEMPAHYMKHKHCEILTRCAFEYWEMHEKEHMQYRKCWECEFRCKPCHDHYQLCENNDRNYYEK,-1.6410577315740618,1
YKVEKEGRGLKCCVKRRDYRRIKECDKIEMHDTSDRGHKPKKDCDYKCCYKHHHEYFQYELMAECEKEDPHYRWDRAFRERKHCSHHQLFEYHFFRVYWK,6.452987835463475,1
YVVPEPDRKDMQRVHKEMDCYIKYEYIIKMNHTSHEEHMPAFYMKHKSRYILTCPAFQYWLMACHEHMQYDRCDDCHFRCKPMHSHRQLFERNFFNVYWY,1.5821548447538731,1
YVVPQPDRGHMQRVDKMMSSYIKYADIISMNWTDHEGHMPAFYMKHKSCYILTRPAFQYWLMAEHEHMQPVPCWDCAKRCKEMHSHHQLFENNFYNVYWM,0.6169330189072415,1
YEYPYPRDGLMQDRDKDMSSDIRYDEIRSMDWRRRHGHMPAEYDKHESEYIKTKPAKDCWLHYKRECDQCVEDWHCAYRCKPRHSEYRLYRNDYRNVHWH,0.4557233109489367,1
YVDPQHGRDLMKRVRYYHSSYIEDHYIHSMNWKRHEGYMDYCYRCRKSRDCRCKDACCKWLMAEHEHMEPRPCWDHRFRCKDKHKHHELFYNCFDNKYEE,3.480806995318438,1
YVVPQKDRGLMQKVDKMEESYIKYDYIKSMNRTEHEGHMKAFYKKHKSDYILTRPAFQYWHMCEHEKMQPEPYWRRAFRCKPMHSHRKDKENYFFNKKWM,9.555897088408832,1
YVKCQYRRYRMQRVEKMKRSYCRKKYIISMHWRYHEGKMCAFYMRKRSCYYLKREKHQDCLHAKDKHMQRYHRWDCARRDKPMHSHHEKFRECDFRDCWM,18.344066533656285,1
YKYPDPEDGLMQRVHKMESSYIHYAYIISCNWTSHECHEPCFYHECKSCYDLTRDRFQYCLMAEHHHMYYDPYEDCCFKCKPMHDHHQLFEENEKNVEWM,-8.516075466869896,1
YKVPQPHRRLMQRKDKMHESYIKYAYDKSMNWTEEEGHMPAFYMKHKKCYILTRPAFQYWEMAEYEHRQPVPCWDCCFRCKPMHCHHQLHENNFFDVYWM,3.4841011619658353,1
YYVPQPGRGHEQRVDKMMSSYYKYAYIISMNWTSHEGHMPAFKMKHKSCYIKTRPAFQYWLMAEHEHMQPVPCWDCAFRCKPMHKHHQLFENNFFNVYWM,5.6141740246332095,1
YVRPHPGKCLRCHYKCCCSEYIHKHYYISMCWCHHEDEHPREYMHHRCEYIHTCPAKQYDLDAHHEDERPYECWKDYKRREPMDCHHKLFYHCYFRCYKM,1.6035887992992706,1
YVRKDPGCCRKRDDDEKYRSYICYAYEKSCYRDDHEDHMDAFYRKCYSCKYDTRHRHQCHHYAEHEKKQDCPDWDEKCHKKDHHDHDQRCHENCRNVYWM,-0.5550281015196958,1
YVVPQCKRGREYRKKKMYSRYIKYAYIISMNWYSHEGHMRAKYMRHKSCYILHREAFKYHLMAEHEHMQPEPCWDCAERCKPMHSHHCLFENNFFNVEWM,7.581977498248152,1
HVVHQKDDGLMQRVDKMMSSCICCRYEISMDCYSHYGCMPHFYEKEKSCYILTHPYFQCWLMAEHERCCDDERWDRRFRKEDRHSHKQLFENKEFNVYHE,-2.7116784307247457,1
YVEPQRGRKLEQRVDKMHCSYICYAYIDSMRWTRYEGRMPAFYMKHKSYKIECRPAFQYWCMYEHEHMQCHYCYDCAFRCRRCHSHHYLKENNHFNVYHM,6.375775789805729,1
YVVPQPGEKDYQRVEKMMSEYKYYAYIESMNKTSHEYHKPAFYMKHKSCYIETRPDFEYWYMAEHKDMQPKPCYDDAFRCKPKHSCDQLFHRCYFNDCWM,0.1856130391129156,1
YVVHQPGRYLRQRYDDCMSEYIKYAEIISCDRTSHEHHHPAEEMKHYSCKELRCPAHKYWLMHEKEHMQYVPCWCCHFEKYCMHSKHQERENNFCNVYCM,-0.48630660134571,1
CRVPQPGRCKMQRVYKMMYSYYKYAYIISMDETSHEKEMPECYMKHESEHRKERPAFERWLMACHEHKQPHKCWECAFKCKPDHRHKQHFENKYFCYYWM,6.350764649751667,1
YKCKQPGDGDMQCCYDCCDSYIKEAYCISMNHTSYHRDRPAFYRKCKSCRILTRRDFQYWLMAEHKKMQDVPCWCCAFRCKCMHHHHRDFERNKFNRYCM,7.741834181622226,1
