sequence,charge,foo,bar
SFQHHAEDAHEWHERMHDPGECFEKDMDPTDPATYIQHDKEAWQINPKKRDWKIAYCLRRHKDDHLIEGEAGYKMYRVNYDEMQYLCDCIIDGEEKRVHK,-8.105643090241717,36.7778913380757,a
SYQEKDHDAPEWCDRMDYPREYFEGDMPPRIPARYCKCKKSAKRYNPECRIYHRHHRLDRDDDYYCRWDDKYKRHECVNKRCMKPDYDCHKRGEYTRVIE,-4.224275989612145,58.44828518332695,b
SFQGHAEDAPDWCERMSEPGIEFEGDMPPTIPATYIQHRKSAWQINPKKRIWTIAGHLRRHLDDELIWGEAGQKMESVNYICDQPLCDCIINCEETRVIA,-7.5895680975783355,32.906847840763355,a
SRHHHARDCPDEAEYMEEPEIYFEGDMPHTEPARYIYHRKSKWCENPKCRRCTIAYYDCRHLDCCLIHGYEGEKMHSVEYRCMQRDDDCKINDHEKRYYA,3.7774436795782877,46.654214586206024,b
YRQYRHEDAYDWACRKRECEICFECEKPPTKPDTDIEHRKSKWQENHKCRRWTDKGHLYRHDDYELIECDRKQDREDVYRICHYPLCDCCIHHRETRVIA,-1.2252696915177652,17.496146744236295,a
SFQGHAHKEPDWAERMSCPEICFEHDMPPEIPATYIKHRESACQINPKYEIWTIARHDRRYCDDECIWGEAGQKYESVNYHCMQRLRCCRINKEHTKVIK,-2.038496144834001,59.910077326308276,a
KFQGHAEDAEDWAERMYEPGICFEGDMPPTIPATYYQHRKCKWQINPKKRIWTIAGHLRRHLDDELIWREAGQKMESVNYICMQPRCDCIINGEECRVIA,-2.991767815981068,49.51216323573805,a
REQGCDRDDREWCEDMSYEGICFEGYMEPKIPAECDKHDHSHWQIYKHKDCWYEAEHCRREDKHELKWDEHEEKKEYENYEEMQCLECHYHHCEETRVRC,-14.816522376210836,7.596493731654263,a
YFQGHAECACDWREEMKEPGICFRRDMKHCRPATYDQHRYSYDQINPKKYIYTIKCHLRRELDDELIHYYYEQKMEHVNYRCMQPLCDKIINGYETEYDY,1.8690976749563775,50.4341198539614,b
DFQCHAEDAPDWDEEMSEPHICFEGDMPPTIPATYIQHRKEAWQINPKKRIWTIAGHLRRHLDDELIWGEAGQKMESVNYDCMQPLCDCCINGEETDVIA,12.387643528039801,25.478012191511624,b
KFYHHAEDAHEWAEKMEEPKICFEGDMPPTIPATYIHRRKDYCHIEPEKRIWDRAGHLRRHCDDELIEGEAGRKMEKVCDICMQPLCDCIRHYDECECKD,7.28774972031772,25.69535805449288,b
HEQCHAERYPREKEDHSCYKHRRCDHYDPKYEATHICDRDDACQKNDKDYDCTCKHCLRRHEHHKLIKRHADQKDHSYYYECEKKYCYDHCRGEETHRCA,-0.5704603440225233,49.59622975949386,b
SFQGHAEDAHDWDCRMSEPGICFEGKMPPDIPATYIQHKKSAWQINPKKRICTIEGHLRRHLDDELDWGEAGQKMESYNYDCMQPLEHCIINGEETRVCA,5.218022712287867,79.20163864009044,b
SFEHRYDKRYKDAHRMYEPCIHYRRDKHYTDHRRRYQHCDEDEDRRPRDRDECRHRHYRDRHDHYLYCEREYQYMEEKNYECEQYLCYCIEDKCYTHVDA,-4.22433174390955,88.86100982063788,a
SCKKHREDYPKWCEDMCEDYHHRRYYECEDHPHKYIQYRKSADRINDYCRIWHEAYHLRDHDDDRCICEEAKHCDRDVYYCCMRYYCDCEINGHEYRYIH,5.24964459147354,23.493027780960663,b
SFQGHCEDAPDWAERMHEPGICFEGDMPPTIPATYIQHRKSAWQINPKKRIWTYAGHLRRHLDDELIWGEAGQKMESVNYICMQPLCDCIINGEETRVID,-5.93358292720515,4.938035722276668,a
SFQGHYEKAPDWCERMHEKYIKFEGDMPEDDPAHRRQEKYSAWQENPHRRIWTIAGCLCRHLRDELDCGEYGQKEHRVNYICREPLCDDIINDEETKYIA,5.433321512119932,68.32013026995477,b
YFQGHAEDAPDKARRMSEPHICFEGDCPHTIYRKYHQHDKSEWQINPKKRYWHIAGHLYRHLEKYLIWCEAGQRMKRVNYDCMQPLDDYIINDRDYRVEA,-0.9992123527798078,76.05782602929455,a
SFQGHAEDAPDWHERMSDPGICFEGDMPPTIPATYIQHRKSAWQINPRKRIWTIYGHLRRHLDDELIWGEAGQRMEKVDYICMQPKCDCIIDGYETRVIA,3.35310509787013,20.838628165949068,b
SFQGHAEDAPDWAERMSEPGICFEGDMPPTIPATYIQHRKSAWQINPKKRIWTIAGHLRRHLDDELIWGEAGQKMESVNYICMQCLCDCIINGEETRVIA,4.8263276998569955,5.351329224740519,b
SFQGHHEDACKWYCRMSHCGHRYHGRMPPRDPATYCQHKKSRWQIHPKKRHWTIAKRLRRHLDDELIDGEAGEDDRSVCYKCHQYLRDCKINGHETRVDA,5.881726678876251,36.70615176633459,a
CFEGHAEDAPDWAERMSEPRICYEGDMHCTIPYTYHCDRKSAWKINPEKRDWTIYRHLRRHLDYELKWGECGQKMRSVNKICMQPLCDCIINGEEECVED,-6.657088988419709,27.73900552206535,a
SRQGHAEEADDHAYYESCEGKYFEGCMCPTIPATYIQHRKDHWQINEKKCRWTIKHHLRRCLDHELYWGHAGQKMECVDHICRDPLCDRYIKREETYVCA,-2.1840378453781355,23.592340808068524,a
SFQGHAKYACDWAERMDEKDIKHEGHMPPHIPETYIQHRYSHWQINYKKRIWTIKGHRRCHYDKELIEGYACQKMESVEYICMYPLCDEIKNGEHTRVIA,-1.3878644173097816,97.1821497367907,a
SYEYHAEDAPDWREKMREHHIDFRGDMPRTKYHTERRCRYSARQIRYKKREWTIAYCDRREHEKELIWREKGQYHDSENYICHQKLRDEHIDGHKYHVIR,-4.735646188122313,47.11234661984188,b
KRYGHHEYAPDRAEKMYDDYRCHEKDCHYTIPATHIQDRESAWQINPRKRIYTIAGKLRRHLDDYLIRGDHGHKHEKYCDICMCPEHDCIYHGEKCRRIA,2.063248996560445,27.63837792172612,a
RKQGCCERRCDWKERESEPKICFEGDMRHTDPATYIQKRKSAWKRKPDKRIWTCAEHLRRHKEDECIWGEAKDKRESVEKEHMKPLDDHIYHGEETRECA,1.057203609152356,53.9742721959531,a
KKQGHHEDAPDWAERDDEPGICFEDDMPPTIPATYIYHREHAEQYNPKKRIYTIAGKLRRHLDDELEWGEAGQKMESVKHKCMQYLHYYIINDEYTYVIR,-6.249405467604111,40.654439102986636,a
SKRRKAEDAPCDAEHRYEKGYDFEYKMKPTIRATYYQYRHSAWRCYPEKRIECIAGHDKRHLRDELIWCEAHHYHEYVHYIHMQHLCDCIINGEEKRDIA,-1.117897583233788,85.2984813349446,a
HFRYHEDKDPEKAERCYDDDICFKRECKPTYYYTYDEHCKEAKQINKHCRHDECAGHRRYYLEDHLDWGEARQKMESYHEEERQPKCDREYRKEEHEEHA,-8.177371339249497,35.44387319256362,a
SFDKHAEDAEDYAHRMSEPGICFEGKMPPKHPAEDICHRRSKYQINPDKRIWTHCGHLRRHLCEELIRGEAGQRMESVNYICKKPCCYCIYNGEETRVIA,-0.9261147661373559,54.29061123051342,a
DCRGRYCEEPCYYERREKKRIHCEGDMYCTRPKTYIRDYKSAHHCREKKRHDKKKGHLDRHYEDYLIREECGCRMYSCNCIRRQPKCDCEYNEEHTEVCA,1.8335443674983594,99.37998883261635,a
RFCGHAEEAPRWEERYSEDGICHDGCMPPTIPATCIQHRHSAWQINPKKREWTIAGYLRRHHDDELCCGEAGQKMESVNYICRQPKCECIIDYEEKRVIA,-3.5071861757466647,25.157608911967543,a
SERGHCEDAPDDADRMSEPRIDFCGDMPPTDPAKYIQHRYYACQIKPKKRIWTIAGRLRRRLDDEKDWGEHKYKMECENYICMKPLCDCIINGEETHYIA,-3.2684684252746172,9.926172628985942,a
EFRYCAYEEPCWDECMSEPKEKFDGHMDKYDPARKIRHRKRHWDIDPKRRYHTDEGHLRRHLDDEKERGEKGQEHYSCCYECHQPLCDCIYEGECCRYID,-7.559727402932907,84.39172351251722,a
SFCCHAEYYPDEAEDMSYPKICEEYDMCPRIRYTRIDERKHAWQCKHEKRICTIAGDCRCYLYDELCRGYAGCKYEHVYYIHMQCLCDKIICHEETRVIA,2.991080028350786,64.46505624966677,b
SFQGHAEDEPDWAERMSEPGICFRGDMPPTIPATYIQHRKSAWQINPKKRIWTIAGCLKRHLDDHLIWGEACQKMESVNYICMQPLCDCIINGEETRDIA,2.387711126485181,80.71524419888975,b
SFYGHREYRPDEYERMKEPCDCYHHHMEPDDDKKCIDHCKSACKINPCKKCWCIAECYRDHLDKKEIDKEAKCKYRKHNYIERYKHRDCKINGEDTREHA,0.4115710807478594,37.10475346248177,a
SFYGHAEDAPDHAERYSEPKECFRCDMPETIRADYDQDDRYAWQIKPKRKIWTIAGHYCYDYREYLICYEHGQDMEKHRRRCKQRLCRCIKCGCETRVRA,0.5338176122088922,67.83631076478667,a
SFQCHCEYRYDCHEDMKDDGYCKEGDMPPTIPAHHIRHRCRAWYHNECDEHEHICDRLYCKRDDYYDWEKAGHYMEYKHYICMQDLCDDIHNGHRTHVRA,6.362425026908714,51.18812196736583,b
YFQGHHDRKEDWACKKREPCEYFEGEYCPTCECTYIDRREYAWQHNPKKCCKHIACHECDHLDDHHICGEAKQDMESREYCCMKPLCRCKDNGHETDYIA,4.619656239094988,71.34251312542446,b
RFQGHAEDHPDWAERMSDPGYCFEGDMKPTIPATYIQHRKSAYKIHPKKDHWTIAGHLRYDLDDELIWGEAGQKMESVNYICEQPLCDCIDNGEKTCCYA,5.713800856708056,54.63187111080868,b
SFQREAERACKDACRMDDPHKCFEEDMRCTIHAREIDHRDSAWQIYRCKRIWCCRDHCRRHHEDYLDWYDHEDEKEEDHRKHMQKYHYDDHRKECTDVIC,4.59694740058298,48.90541516903735,b
SFDGHAECEPDWAERMKEPGICFECDMPPKIPATEYQHRYSAWQINKKKRIWTIAERLRRHHDYELIWGKHDEKMESVNYHHMQPLCDCIIYGRETRERY,1.4716395557673263,8.24417264797338,b
SFQGKREDDPHYHRKCEEERIYFHRDKYCKHPATHYQRRKDKKQICDKKRIWHDHHKLRRKLDHHKIYGRCGHHDERDCRDDYQKLHRDIDNYKDTRVRA,-12.05959872747377,55.56766746672079,b
SYCGDCHDKPDWAKRMSEDGIHHCGDMPYRIPAKYDKHRRDAKDINHDKHEWRKAYHLRDHCCDEDDYGEAYQKDYDCDDICEQYDHDHKIYGERTCVIE,7.595768206824327,97.50735146301649,b
SYQGHAEDAPDKAERMSRPGICREYDMPKTCPATYIQHCKSAWQENPKKKIWTCAGHLRCHCKDKLIWDEAGQDMESVNYICMYPLKDERINCEEYRCIA,0.3970765604255714,40.51043925413501,b
SFQGHAEDRPDWAEKMSEPDICEEGDMPPCIPATYIQHRKSAWQINPKKRIWTIAGHLDRHLDDDLIWEEARQKMESVNYICMQCDCDCIINGEETRYRE,8.997014639057412,0.0016790818389678108,b
SFHGCAEEAPDDREHDECPGIHFCGDKPPHIEATYEKHEYCAWHHYRKDRHWRIYDHKREYHHDEYIEKEACYCHEKEEYHCHCPDCKCDIKCRECRKKA,-6.7080007639790615,14.693820927160871,a
SCQGHAECAPDWAECDEEPGICFEGDMYPTYPATYIQHRKSAWDIHHECRIRTIAGHLHRDLDDELIWGEAGQKMHSEHKICMQPLDKCIENGECDRVEA,-12.7616032539694,51.29176211742414,a
SRQDYDKDHPDWAKRMSEPRYCFEGHMYCEHPYYHDQKRKDAHYIDKEKCEWTIRGHLRRHHYEECIWHEYGQKMHSVEYCRMQPLCECIIDEDEHRYIE,4.893539501669864,24.152866603833047,b
SFQEHAEDADDEAEEMSEPGICFEGDMPPTIPAEYIDRHKSAWHCNPKKRDWTIDCHLRDHLHRRLIWCDAGQKMESHRYECMQPLCDCIINGECTRVIA,-11.133803657404824,64.95511698202719,a
SFQKHEYDCDKKKRRMCERHICFEDDMPCHIPARYIQHYRKECQYRPKCRIRHIYDKLYYRDDYYLIWDEEGQKMESEYHRDMQEYRRYEYRCYETHKIC,-2.6987584208928617,27.23065611761034,b
EDKEHAKKAHYKAEDMKHPGDCFYEDCHPHCPATYDHHCESRHQENPKKHYERIHDYLRKHLDKELDHGEARHKMERDKRDCKQYLCECEIHKDYHRYCD,2.2799316429139163,38.42572535005391,b
CFKECEDDARDWAERMHEPHICEEGDEPPTYDRTEIQHRKDCWQHNPKERRWTHRGCLRRKYDYEHIEGEKGQKEEDVCYDCYKPDCRCIIYYYETRKIK,-6.987247083235608,99.29810169438754,a
SFQGHAEDAPDKAEYMSEPGICFERDMPPTIPATYIQHRKSAWQINPKKRIWTEAGHCRRHLDDELIWGEAGQKRESVNYICMQPLCDCRINEEETRVIA,-5.789000687339905,92.87220792274799,a
SFQGHHERDKDRACRKKECDICYRYEMPCTIEKRYHYHRKRKRQIEHKHRKWYIAGCLERKDCDCLKWGEACCKMCYDEYIKKKPLDEKIHNGKEDEDCA,5.106249614190908,42.46645289478258,a
SFQGHAEDRPDWADRYSEPGICFEGDMPPTIHATYIRHRKSAWQINPKKRIWTIAGHLRRHLDDELIWGEHGQKMESVNYICMQPLCDRIINEEETRVIA,1.1072415945707368,74.68456094875768,b
KFKGKYEDDRDWAERHSEPGYCFRGDMPYTIPATYIQHDKRAWQIHPKEYIHTIYCHLHYHLDDELHWGCAGQYMESVRYIYMQPKCYCCINEEYTRRIK,-2.0474012537652255,71.6132752397415,a
HYQGHHRDAPDWAERMSKPGICFEGDMPPTIPARYIQHRESAWRHNEKKRIWTIAGHLRRKLDDEDIWGYAGQKMCSVNCICMQPLCDCIICEEETRCDY,0.6691411515151364,63.572360095320136,b
SYQGCDEDAPDCAERMHEPEIEFEGCMPPYIPETYHQDDKSAWQICPHYRIWRKAGHYRKDLDDEEIWDHAGQKCRSENYIYMQDLCDCIINGECKDRIY,10.333737473095702,85.12664917004314,b
SFQRYAEDYHRHADECKYPHIYFCGDMDPTIHYRDIKERREAYYDNPKKRIKTIKYHHRKCYDDRLHYGRAGQKRRKVNYICMDPLRDHIDYGDEDYDDK,-3.4678529515496797,47.474707764252564,b
SFQGHAEDAPDWAERMSEPGICHEGDMPPTIPATYIQHCKSAWQINPKKRKWTIAGHLRRHLDDELIWGEAEQKMESVNYICMQDLCDCIYNGEETRVDD,8.732436107641869,5.00780851638215,b
SFQEKDCDCCDWAERCDRDEICRKGDEPPTIPACYHQYHKSAYEYNPRKRRWTRHGHLRRHHDCELIRGERGQEMEKVNYIEMQPLKDCIENGEEYRVKA,0.7950763050448184,57.0249024563522,b
SFQKKAERRHDHHEEHSEPCDCYRCYCKYYIKYTRIEKRKSAWCIDYKDRIHDDDGCRRYKLKDEDKWYRAEQCMRSVNDHYHQPHCYCHKCGECHRVIH,2.9164581299066716,71.46669524454148,a
SFQGHAEDHPDWAKRMSEPGIEFEGDMPPTIPATYIQYRKSAWQINPKKRIWTIEGHERRHLCDELIWGEAHQKMESVNYIEMQPLCDCIINGEERRVIA,-4.85505542135099,7.915900558073929,a
SFQGHAHDACDDAERMSEPGICFCGDMPPTCRARYIQHRKSAWYENHKKRKETKKGCLRRHLDDELIRGDACQHMEKVNDYCMDPCCDCIIHGECTRVIA,-2.7372593522455047,84.64074656791315,a
SFQGHAEDAPDWAERMSEPGICFEGDMPPTIPATYIQHRKSAWHINPKKRIWTIAGHLRRHLDDELIWGEAGQKMESVNYICMQPLCDCIINGEETRVIA,-6.054446848073104,64.37278817981047,a
SRQGHAEDCCCWAHCMSEPGICFEGDMPPKIPADYKQHEKSAWQIRPKKRICTIAGHLRRHHKDELIKGECGQKEEEVNYYCCQPHCDCIINGEHKRVHA,-0.6128601425850744,38.36535174612481,a
SFYGHAEDAPDWYEHMSECHICFEGDMPRTIPATYIQHYHSAWQIKPKKRIWTIREHLHRHLDDRLIERHYRQKDESENYIYKQPLCCRYENGEHTRVIA,1.0430144679698508,11.674999192767022,b
CFDYHAEHRPDEAHRESHYKKRHEGDMHPEKHYTYCRHKKSEHQRCKRKYCKCREGHYKYHEYRECHWGEKDQKEESENHECEKHYDKCKCNHKDTRVYR,-5.5490262956095275,33.29525782084837,b
SYYGHAYHRPDHAECESEEGIRFEGRRPPHIKAYYIQHDKKAWHINPKDRIWTKEGHLERHLDEELIYGEDGQHMRRVNYICCQPLCDERINHRCDRCIA,-2.5213231778036294,55.62048114568473,a
SFHGHAYDARDRAERMSHECIYFEHDMPDCCPARDHQHEKSCCKIKPKKKIKTCCHRLCRHEYDEEIDGEEGYEKHYHCYICHCPDCDCIINKEETRDIA,5.473404965686295,15.331340605650146,b
SYHERDEDAPDWDERMSERHIEFYGDMCDREYRYYICHRKSACKINCKKRIETIRGDRHHHEEDEEIWEEDGDKMRHVCYDRECCLEDCIIYYKEDRVHA,9.215642703903551,75.84421629039186,b
SFQGHAEDAPDWKERMSEPKHHFEGRDPPTIPATYICHRESAWQINPRKRIHTIAKHLHRHLDDEDIWCEAGQKRESVNYICMQPLCDCIINGECRRRKD,-1.7286613498630548,56.17878215576182,a
EDQRHCKDAKDWAERRCEPYICFHGCMCPTIDDTYRQHRKEKKQYNHKKYDCTKDGYLRRKKRHEKIYYRAYQKMERVHYECMQKLCYYRINDEKTRVIK,-11.909012572136021,42.86590723807584,b
KFQYKAEDCEKCRRRMDEPEIYFRYHMYHTKEATYIQHKKRADHEHEKKEYRYHCGHCKEHHYHEYIWGEEGQKMHSYCRICRQPLCDKIYNDERKRVIK,5.07767559188063,27.079651817396876,a
KFQGEAYCARDWEERMSEPYIKKEKCMPYKIPECYYQHRKSYECINPKDEIDTEHEHLRRRDDDYCIHYEAHQKCECVNYECMDPYHECCIDGEYTRVIA,7.243462631958396,41.42666066588359,b
SYYGHAECAPHKCERMHDDRICFCDDRRHTIKAYHHYHRKCADDIRPKDCIWDKAGHLHRHLRDEKIEGERYQKMHEVYYHCYQHCYDCCHCGHETRVIH,-0.679450684358059,75.97773357437684,a
SHQDHAEKYPCEARCMSEPGIYFRCDEPKRERCTYYQERKSAWCIDDHRRHEHEKKHCYRHRDDRKICEYAEHCKESYEEIDEQPLRDYIENGYKHEHIA,-5.374129775618841,41.77264198126509,a
SFEYKACDKPRWCEHMHEPDEDFRKCCPPEIKATCIECHKSAWDIKHKHCDETYAGHDYRCLHDERIRGECEYKMDSEHRDCMQHKCDEIREGCETKKIA,4.577853578905736,66.41367634618435,b
SFQGHAEDAPDWAERMSEPGICFEGDMPPCIPATYIQHRKSAWQINPKYRIWTIAGHLRRHLDDELDWGEAGDKMESVNYICMQPLHDCIINYEETRVIA,-8.887157722212208,55.990909483645936,a
SFRGEKRDAPDHAERYSEPGICFDGDMPKEIPCTYIQHRKSKCQINPHKEIWYKKDHLRYYLDDHLIWGHAYEKMESVNYHCMQPLERCIINGDDTYKIK,-1.429964980034117,39.35663844841151,a
SFYHDAEDAPHWAERMRDPGRCFDCDDPPTIHATHIQHRKSAKRCCPKKRIWCYAYHLKEHLDDEKIDEEKGQKMESCNYYCMQPLDDCIIDRERTRHID,2.295845128704311,72.29944199041682,b
RCQRRAERKYDRCEHMSKREIKKECYRPKTICAYYYQHRKSAWQIKRRKRIKYHCGHLRDHLDKEKICKRAGQRREKVNHIKDQPYCDEYREGEEKHVYE,14.3340088624649,44.41491136389638,a
HDYGHDEYKRHWDEEHYRPCICEEYDMPPKIHCEKIEHKYSARCIHHKKRIKDYAGHDCRRERCKEHRREAGQKMESVNYHYMDYLCYRIKNGEETCVIA,-0.9040912411748594,72.9134993349381,a
SFQRDAHDRPDYAERESERYIYFEGDKPPTIHYTRHCHRKKAWQINPKKDKWTCAGHLRHKLKDELIWDEACKKEEDVRYICCRPLCDCIIHGEETRVIA,-0.37564409896643447,80.14411202791622,a
SFQRHAEDAPDWAERMSEPGICFEGRMPPRIPAKYIQHRKSAWQINPKKRIWTIAEHLRCHLDDELIWREDDQKYESDNYICMHPLCDCYCNGEYTRVCA,1.3134944945982723,82.88700766932368,b
SFQGHAEDAPDWAERMSEPGICFEGRMPPTIPATYICHRKSAWQINPKKRIWTIAGHLRRHLDDELIWGEAGQKMESVNYICMQPLCDCIINGEETRVIA,1.9572210750077552,48.83268755276609,b
SFYGHDEEAPDWAERYSEEKICKECDMPETIPATYIQHRKDAWRICPKKREWTIAGRYRDHLDDHCIHGEKGQCDESVNHICHQRLHDCYINGHETKKIA,3.7220719019294917,42.56008694738386,b
SRQCHDERDPHWKCRESKPGICFKRDMPPTCEARCIECRKRACDINCKKRIKTIAGHLYRHCRCELIWEECGYRKEEERYICKDDKCCEHIYEYETYHIA,-4.259025393421516,80.07831850432913,b
SFQYHDRDAEDRRYERHKYEHCFRGEMPPTIYATYRQRHESKWQCCDRKRIKCCACYLRRHYHHKEIHGERGRDRCCYKYIEKHHYEREIINYERRHVED,6.524626243786825,1.3710654682561274,a
SFQGHAEDKCDWAERMDEPGKHFEGDHPPTIPRRYIQHHKSAWQINPKKRIWTIAGHLDYHLYEELIWGEAGQKMESVYYCCMQPLCYEIINREETRVIA,2.022496891625418,77.4080825762941,b
YYKDHAEHAPHWRKYRREDGHCFEGYEPHCIRATCIQHHKSAWKKNPRKRIWTKADYLRKDEDHELIHGERGQKMDDVYCIYMRHYCCCKIDHYETEVIA,1.0813123333442525,76.8044250139403,a
SFQGHAEDRPDWAERMSEPGICFEGDMPPTKPATYIQHRKSAWQINPKKRIWTIAGHLRRHLDCELICGEAGQKMESVNYIYMQPLCDCIINGRETRVIA,-0.22433137329614783,8.031606798163027,b
EDHYCKEDAYDWEERKSDEEYCFYEDMEPTIHATYIRDKHSAHHIRYKRRIWTIAHHERRHLDDYHIYEEAEHHMEHKKYYCDQHLCRCKKKEKHHEDID,6.494348854474989,17.434112944902047,b
YFQGHAEYAPDDAEDMCEPGICFEGDMPPTICATYIQYRKSAWYINPKKRIWTIADHLRRHKDEELHWGEAGQKMESVNYICMQPKCDCIINGEETREIA,5.126919973606156,93.71224999849984,b
SFQGEAEDAPDWAERMSEPGCEFEYDMPCKIPATYIQHREEAWQINPKKCIWTIAGHLRRHCDDELRWHHCDQKMESVNYICMQRLCDCIKNGEETRVRH,4.692858998394729,62.08990660672726,b
SEQGHAEEAPDWCRKMSDPGDCKEGDMEPTEKECERQHRKKAHQENPYYRIWYIAGHYRYHLDDCLEYGEYHKYRHCYNRKEMQPLYHKIIHEYETEVID,4.558254618357449,94.00320838963819,b
SRREHARDCYDWAHRMHYDGERREGDRPDRIERKYIEHKCSKRYRNPEKCKWTKARHCRRDLHYERIWDYAGQKMHSVKEHCMQCLCDEIHEYHEDHEIE,0.261817427101245,68.18527113306632,a
SKQDHYYDDRDWAERMHEPGICFEHDMCPTIPACEIQHRKSAWQINPKKRDWTDDGHDRHHLDDELIWGEDGQRMESCNYICRQPLHDCIINGEYYEVIY,10.304397847914917,15.042416340396358,b
DYERCREDRPDWDEKESEPEICFEEDKDPTHPATYDDCRDCAEQCCHCDRCECIEYHLKRRLKDDDIWGCHGDKDEEVNKIEMQPLCDCIICGYETRDRH,16.002227909921338,68.03251538830672,b
RYYGCAEDRPHWAERRSKPRCCEEGCHPPRIHKTRIQRKKHAYQIDPYKRCWTYYGCLHYYDDDEEIEGEYGQKMEYVNYICDQELCDCIINGEEYRRIA,0.961416153081849,57.349251874675936,b
SFQGHAEDAPDWARRMSEPGICFKGDKPPTIPATYIQHRKSAWDINPKKRIWTIAYHERCHLDDCLIWGEAGQKMESVNYICMQELCDCIINGYETRVIA,1.9469594593409605,2.9134121142485814,b
DFCHHCECCPDWACRHSEPDKYHYKHMPHTIPDTYIQHRYSEKYIKPKHRICKYARHLRRHDDDEKIKGEAGCKMCSVNYICHQRDCDCKRNGCETRVEA,-3.8378410495402804,27.94557285225885,b
SCQGHAKDAPDWAERRSDCGICFEGDMPPTIYATCIKDRKEARKINPKKRIWTIYGHLRRYLDDEKIWYEAKQCMYSVHYHDMQPLRDCKKEGYETRVCA,-4.7542820746395105,91.46472666549255,b
SFQGHAEDAKCWAEYDSEPGICFEGDMPPHIPATHIYHRKSARHICPKKHIWTIARHLRRHLDEELIWEDAGQKKEKVNYICMQRLCDCIHKGHETRVIA,0.0017865733957427299,29.426574774442116,a
SFRGHAEDAPDWAERMSEPCICFEGDEPPTIPHTHEQHRKSAWHINPHKRIWTRARHLERHLDDEYIDHERGRKMKSHNYIRMQCLCYCIINGEKHRVIA,-2.382678310193209,81.19885088421496,b
KFDYHADDDPDCAEDMSEPGICFEGDMPPTIEKRDIQHEKSAWQINPKYRIWTRAGELRRHHDDELIWGEAGQKMHYDEYECCQKLCDCDCNGECERERA,-13.646897343671208,30.84568366218068,a
SFQGHDEHYPDKHEREREPGDCCRGDKRPTICKKYIQRHKSRKKCNPKHRDHTIAGHHRRRLHDEKIWDEEHHDKRSVNYIRMQPLCDHIENGEEYEVIA,2.43330444438027,21.264398301640743,a
YCQGHAEHAPRWKHRMREPGIDKEEDMPPTIPRRRIQHCKYAWQRNYKKRHCTCEGHLRRHKHDKLIWDEAGQKCESVNYIKMQPLEDHIINHEETRVIA,-6.831023908596956,58.664854263808664,b
DEKYDREDAYDWAERMREPHIDDHDKMPKDIPCTYIRHHKSAEQYHCKKRIWTIARKYRRRLHDEKIEGHADQKRHSHEHIYCQKLCCCYINGEYTYEKA,-2.610058108366073,51.085318413658285,b
KFDGCREDADDHAECMSRCGIDFYECMCPCDEHCEIKHREKYWRIYPKDYKWTDAEHLHEHCDEEHIWGEEEDRMESERYCCKKCLEHCIRNCEYKRVEA,-13.83878964646033,88.54937169484852,a
YDQKHAHCADDWDHKMHEEYIYFERDYPKDYHAEYICHDERCWCIKYEKYEWRIAEHHRCHLDKKLIHKEKGCKMRDEHYICHRPECCYRENGEDCEYIK,-6.229828749117833,37.48426647346882,a
SDKGHKRHAYCWEHYHDEHGICEEKCMPHCIKRHYIKRRYKEWHDKHKKRHKYIAHKHRRREDDCLDWGHRGQCMDSENYYCEKKKDDCEYCKCEDRVHA,-7.07163750785027,67.91472522458909,b
SFKCHKEYACDWAHRMSCPRICRHGHMPPTDYAYYIQHRKSAWQINPHKRICTIHGKRRRHLDDKEDWYDAGDKMESVNYICMQHLCCCIINDEYTECYA,0.5118365848509534,85.054426608299,a
SFQGYARDHPDEHERMKEPEICFEHDYCPTIPAHKCQHRKSYKQINYKKRCETYADRLCRHKYRELEHGEAGQKMEEENYCYCQPLCDHRIRHKCTRVRY,2.394599693906522,44.648322192610244,a
SFQGHDYDAPHWYERRKCPGKCFDGHMPDEIPYHYRQCRCKACKENPKKRHWTIAYHCERHHDCDRIWGEDDQKMCSDNYIDMHPLKDYIINKEETRHDA,1.0873386402298635,23.02926664809203,b
SRKGHREHHPDCAYRMSEPCRKFEGDMKCTRHATRIDHECCDHDRNPEKDIWEIADHRRKHYCDELIWGECGRKMESVRYEEMEPLYDCKYNYEYTRVIK,-2.246786807213979,25.41719725013676,a
SCQHHAEDAPDWAECMSYPDICFEGDEPPYDPCCCIQHRKSRWQENKKDRIRTIAGHLRHHLRDEKIKDEAYQKMECVNEICMQPLCYCIIEGEETREIC,-8.346513133336808,10.506477716885943,a
KFDGHAEDAYHWAECYSEPGIYCEGRREPTICHCYICRHKHHCQINPCCRRWTIKGHLRRHLDDRLIEGYCGQKMDSHDYYCMQPKKYCIIREKETCRCR,-5.259001403127055,62.27718822257493,b
SFQYCARDHPDCRYRHSEKGIYKDYDMPDTCKATYICDRYEAWDIRPHKCDWYDAGHKRRKLDDEYIRYEHYQKMEKVNDYCEDPLCCCIINKHCRRDYA,-0.4055355296929546,74.40909839165872,b
SFQGHAEDAPDWAERMSEPGICFEGDMPPTIPADYIQHRKSAWQINPKKRIWTIAGHLRRHLDDELIWGEAGQKMESVNYICMQPLCDCIINGEETRVIA,3.9721045727738518,94.65935420446783,b
KYQCEAEYAPDCDYRMCCPGHHHEGDHDPTDDKTHDRKRCRHWRRNPYYRYWDDCRKLRRHYRERLDYGRKEQKDERCNYCCYQYDCDCIINHREHHCIA,-2.773402674476775,79.68016536402503,b
SFDCHAYDAPDYARHMSEPGIHFEGDMPPTIPHKYIQYDYCAWQIYPKKRKWTIHGHKRRHLDDHLIKCEACEKMERVNYICHHPCCDCIIHGERTRVIA,0.502862713653095,2.250049460389525,a
YFQGKARDAPDHAHRYDEKKCEDKCEKREREPACCDRHRKERDQENPKDRIYTHKRHHRDKYDHEHIWEEARQRMESDYYIEMYEYCDREINKEERRVDA,-2.5796780959738035,2.420486153137824,a
SFQGHAEDAPDCAERMSEPGICFEGDMRPTIPATYIQHRKSYWQCNDKKRIWTIAGHLRRHLDDELIWGECGQKMESVHYICMQPLCDCIINGEEKRVIA,-5.447354981082161,73.86055083001196,a
DDHHHRECYPHWAEREKEPHIDFRDKEPPYHRREYRQHYKEAWHIEPYDHIRHIYGKLRKHHDYELDKGDHYKHCHCVEYICMHRYCDCIRYGEETREIK,1.1798753913674995,31.80644468586794,b
DFQGHDEDDHYWAEDMSEPKICFEGDYPPEHPATCDQHRKSARYIHKKDRYRHIAHHLRRHLYDDLIWYEAGKKKESYNDICMDKLRHDIIYGEETRVID,-6.649039498452257,22.10660050763147,a
EFQGHAEDAPDWAERYSEPGICCEHDMPPTEPATYIQHRKSAWQINPKKRIWTIAGHLRDHHDDELIWGEAGRKMESVNYICMQPLCDCIINGEEERVIA,7.914332436696122,40.87224849475103,b
CEDYHYYDAPEWEERYDKPCIKFHGHMRRDRCATHIQYRYCAWQHCPKKHIWCIAGYYRHHLKYKLRWGEHGYKMKSDNDICKQELDDRICDGEHTRYIA,2.221592783373712,11.288135681329681,a
SDYGHKECAPHKDEREEREGICFDKDRPYTICDTCKCHRKKYWEICYCKRDRTIYDHLCRDHCEEYKWGEAGQKRDEKNYDKMQHLCRCCYYDDRHRVIA,-0.1474723472993209,12.99215200280399,b
SFQGHYEHAHDCDRRMSEPKECHECRRPDDRPAYRHCHRKSDWKCNPCKYIWRIAGCLRRKKYDCLIYYKAGQEECYRKDKDHYPLHDCEINDEEKCVIA,0.1360840648143966,95.8240074255532,a
SFDDCKHDACDWARYMRECCDCRDRDERPTIPKTDYYHDCDEWQDKRKYYYWDIDGHLRRHKHDHYEWKEACEYYHYDNYIEEQEECRCYHECDYKRVEH,-10.795646861405213,0.9281103352979159,a
SFDGHHEDAPDDAERMRRYCIYFEYDMPCTYPATYIQEDKKAWQIEPKRRIWTIDKHYRRHLDRECIWGYKGKKMESVNEICMKPLCRCIINGEDTRVIC,-1.0870564237286224,50.76423065261331,a
SFQGHAEDAPDWAERMSEPGICFEGDMPPTIPATYIQHRKSAWQINPKKRIWTIHGHLRRHLDDELIWGEAGQKMESVNYICMQPLRDCIINGEETRVIA,1.736715439303142,98.13667796982146,b
SFQYECHDYPDWAERESDRGHKFRGYRDCTKPCCYIQRRDEAWCINPCKRKWKIAGHLYRHLDDELHEGEAGQKMDYYNRICMQYLDDDIIYGEETEVDA,5.566285018101775,70.24386162203777,b
HFRKDHEDAPRDCERMCEPGHCKRKDCPYYIRDTYRDCHESEDQINYKCHYDTRACCCRRCDRDEEDWGEAKQKMHSVYYECMYHLCDHYHKGRRRRVRA,-0.4280239840937756,75.63461585797805,a
CHEGEAEDYPDWACRMSEPGDCFKGDKPEHIHATEIQCRKSAHRIREDKYIRTIAGDCRHCLEDELIWCEAKQKCEKVNYKCCQDLHHRIIKGEHRRVKR,0.12596403297766123,0.06665398802914169,a
RCRGYDECHPDWKERMSHHGIHCEGHMPKTIPYCEHRYKESAWQIRPKKRIKTIRGHLKRELYDELKWHKACCKDHSDYYICHDDLCCCIKNGEKTRVRA,-9.305210454211295,99.46251864747884,b
SFHGHAEDAPDWAERMSEPGICFEGDMPPTIPKRYIQHHKSAWQINPKKRIWTIAGRLRRHLDDRLIWGEAGQKMESVNYICMQPLCDCIINGEETRVIA,-1.968642102828051,60.00054181530192,a
DRYGHCEDAPEWAYKYSHYGIHFRGDEPPTCRAKRHHKCKSKWQKDCEDRICTYRGHRYYKCRCEEIRGDYCRKMHKRNCDKHEYYEECEIHEEKTRVCK,4.712914288015533,21.956704810347805,a
SFEGHAEDKPDWAERMSEPGICFEGDMPPTIPAKYIQHRKSARQINPKKRIWTIAGHLRRHKDDEKIWGEAGQKMECVNYICMQPLCDCIINGEETRVIA,-0.4804544350621862,70.66305597880658,b
RCQGKAEDAPDHYERMSEDGIYFYGDMEPTHYYTYIYHRKYAWQIRPEKRYWTIAGHLHKHKDDELICGEAGQKMESVNYCCKHPRHDEKIHKEYTRVEA,-2.762406132265732,69.28907221076685,a
HFQGEAEEHCEWCCRMHDCRICFEKEMPYYIRACYCQCRKSREDDNRKKCDEHKRGYRRKDLDDEHIREKRGCCCESVHCICMQDLCKCERHKEHTDRDR,-1.1676532466270197,72.1916142966379,b
SHQGEARDAPDWAERRSEPGKCFEGYMHPTKPADYDHHRKSAWQINPKKRIYTIAGHLYRKLDYELIDGYAGQKMEYVECECMQPDCDHIINGDERRCIA,2.051167153004404,34.38243104868657,b
RFQGHAERAPDWAERMSEPGICFEGDMPPTIPAHYIDHRKSAWEINPKKRHWTIAGHLRRHLDDEDYWYEAGQKMESVNYRCHQPLCDEIINGEETRVIA,-5.1362427099564165,31.807522985206127,a
SFQGHARDAPRWAERMSEPGICFEGDMPPTIHATYIQHRKSAWQINPKKRIRTYAGHLHRRLDDELRWHEKGQKCESVNYICMQKLCDCIINREETRVIA,-5.209386040984049,47.41490210310766,b
SFQGHHHDADDHEEKMSEHGICCEGDMPYTIPATYIDCRRSDWQINRKERHEDEAGHDRRHKDDELEWGEKGQKMESVNYIYYQPRCDCIINGKDTRVIY,7.884438615174269,32.56922415448192,b
RKQEHAEDAPDWAERMSKDGYCFCGDMPPTRPARYKQHRKSAWQIDPKKRIWTIAKHKRRHLDDELIWGKAGQKMESVNYICMQPKCDCIINGEETRVIC,3.6663987415718644,66.4293635432564,a
SFQGCREDDPDWAERDDEPGICFHKRMPPKIPETYIQHCKHAWERNPKKRCWTRAGHLRRHLDDELIWHHHHQEHESVNYIKHQYLDDCDINYEKTRVIA,-2.620578742980254,18.93572860005277,a
CFQCEAEYAKDWAKRMSEPGICHEGDRHPTIPATHEEERKDADQYNRKDKRWTYARELKRCLDDKLIWYEDGQCRKSVDYIEMRPLCDCHINHEEYRDIA,-5.032787727249523,3.293980875192426,a
CCQDHAEERYYWKEERSHCRCEFEKHEPDTCRATDIYYHKEHKCINRKKREEEIDDHDCRCLDDELIHGYRRKKYEKKNYICMQKEYECHEEGEKTYVIC,3.5897353355438946,67.36180273018569,b
SHHREAECAYYWDEHDDHYGYHKEEDMPKEKDKCYYQHHKRHWQKKEKEDYWCYAGHLRRCLDDDHYCDEAGYKDESVEKIRMDRDCDCEIHGEEKEKKA,-9.416298912535119,2.1913744020233605,a
DHDRHRDDYPRHAERMHEPGIEEDGKDCHEIPATYHQYYKEYDQKNPHYRRKTIYGHLRRKDDDERRWDRAGQCDESENRCCYQPRHDCIDNYKCTRKIA,-1.5992805239012233,4.514108557487894,a
SFQHHKEDAPDWAEKMSEPGICFRGKMPKTIPATYCQHRKSAWQIKYKKRIWTIAGHLRRHLDDELIWGEHGQCREYVNYIKMQPLCDEEIRGEETYVDA,-1.6991429609602748,68.4684059282694,b
DFDEHAEDAPDWREDKSEYEREDEGDKPHEIPATHRYHRKSAWQIRYHERIYDYAHHERCHLEDELYWKEYGQKYESVRDYRMYPHCYCIINGYCYRVEA,8.294972497307375,53.76142190272945,b
SFKKHAEDDPRWAHRDHECGHCFECDEPPEIHDTKEHCRKSDWKINPKDRHHTEEGHLRRHLDDELIWCEAGQCMECRNYICMQPLCCCEINYDETRVKA,6.598204315017157,57.02678408286892,b
SFQGHAEDAPDWAERMSEPGICFEGDMPPTIPATYIQHRKSAWQINPKKRIWTIAGHLRRHLDDEYIWGEAGQKMESVNYICMQPLCDCIINGEETRVIA,4.183775881770288,34.141103568155515,b
DFQGHKHDHPDWAERMSEPGICFRGDMPPTIPATYIDHRKSACQINPKKRIWTIDGHLRRHLDDYLIWGEAGQKMCKVNYICHQPKCDCIINGEETRVDA,-1.5652723053123232,42.78864128265161,a
SYQCHARDAEYWRERHSEKKICKEGDCPPEEPHTYKQKRKRARQINPKKKYKTDCKHYEREEKDDLIHGEHDQDMERVHEYCMQPLKDCCIDCEKERCIK,0.7738458952228424,16.10399308271647,a
HEQGHDCYKPCHCDRDHEYGIDCDYHDPHYKPDTYCQYEKERWCIRCHKRYRKIYCHDRRELCRDHCRDKAGEKECEVREHCMQPDDDCDIRKEHTYVIC,3.607446455926403,62.155258139821846,b
SFRGHAEDKPDWAERMSDPGICFEGDKPPTIPAYRIQHRKSAHQIECKHRIWTIAGHLRRHLDDERDEGEAGQHMESRNYIRMQKLCDHIINGEETDVCA,2.848240235298119,30.98042596789583,b
RYQGHHYRDKDWAHHMSEPGRCFRGDKYPTCPATEIQHRKSAWQYECYERIWTIRGHLRRHLDDYLRWGHHGDKEECVYYRCDCCLCCCHKKGEETRVIA,-4.145566371908213,41.49635347909639,b
SEDEHDEHAPKWAERMSRPGIYHEGDMPPTHCATRIECRKSDWQRYCKERIWCHKRDYRRHDRDKLIRGEARRKCCSKNHICMQDYCKCIIEGEECHCIK,-3.966671982167136,45.44696102241043,b
SFDYHARDAPDWDCHMSEEGIYREGKMPPTHPATYIQHYKERWEINPKKREWTEADHDDRHLDDELIYGEAGQKMEDVNHDCMQHLCDKIINEEEERVID,-14.559628420452617,8.222959909035144,a
SYEGYAEDADKHAERMSEPGCCFCHDYDPTIPATYIQHRKSAWQINPKDRIWTCAEEYRRKLDDELIWGYEGQKMESVNHIDMQPLCDCIIKGCETRVIA,-8.746842465523564,83.88670858094503,a
KKKGRKRDADDWEERCKCPCCKFHRRYRCHEKKRYDCHRKSKWCKKEHKRIWYIDGRLRKHLCKCLDWGEAGQDYRSVNYRCYQCEDHDIKNCRETRYDA,-13.881849517338344,4.890167155890057,b
SFCGHCRDAPDWAERMCEPGECFEGHMPPTYPAYYIQHEKSARCINPKKRIHTIAGHLRRHLDDELIWGEAGQKMESVNYICMQPKCHKIINGRETRDIR,-3.188981517983567,98.17738362097205,b
HFQGEDEDAPDWERRMSCKGICFEGCMPPTIPYTYIQHRKKADQINPRKRIYRIAGHLRRHLDKELRWGEAGCKMEHVNYICMQPLCDCIRNGEKYRVEA,1.5709887251480246,72.8154021212439,a
SFQYYAEDAPDWAERMSEHGICFEGDMPPTIPATYIQCDCSHWQIYPKKCIWTIDGHLRRHLDDELIWGEAGQKMESVNYDCMQPLCDCIINDCETRVIA,-12.114419783186598,48.84519021651634,a
EFQGCAKDAPRWAERYSHPGIEDHGDCPPTDPATKIQHRKCAWQHNPKKRIWTDAGYLRRHCDKELIEGCAGQKMESVNYICRQPCCKCIIRGEETRDIH,-2.2562886305487315,13.239358260520028,b
SFQGHAEDAPDWAEKMSEPGDCFEGDMPPTCPCTYIQHRKSAWQIDPKKRHWYIAGHLDRHLDRELIWGDAGQEMESVNYCCMCPLCCCIICGEETHYIC,8.082073444491414,52.97504921084874,b
SFKGHAEDAPDWAEHMSEPGICFEGDMPPTIPATYIQHRKSAWQINPKKKIWTIAGHLRRHLDDELIWGEAGQKMESENYICMQPLCDCIINGEETRVIA,5.1762496692586595,29.487124235140893,b
SFQGHYEDAPDWAECMSEPGIHEEGHMPDTCPAEYIQHRKHADQINPCKRKWCCACHLRRHLDDELHWGEAGQKMESVDYCCMQRLCDCIINGEEDEVKA,9.03945683730882,91.58124914075738,b
SFQYHAEDAPDWAERMSEPGICFEGDMPPTIKATYIQHRKSAWQINPKKRIWTIAGHLRRHLDDELIWGEAGQKMCSVNYICMQPLCDCIINGEETRKIA,0.8272170210887733,55.438450357885806,b
SFQGDACDAPDWAERCSEDGERFCGDRPPTIPHDDIQHRKSAWRDNPKDRIWTIAGHLRRHLDYYLIRREAGQRMERKNYIDDQCCKDCCRNDEETRVIA,-3.3682714557479687,15.011978380677938,a
SFQGKDECAKRWKERMSYPHICFEHDMHPTIPATDYDDRKSKWYRYEKKRIWTIARYLRRHDDDDEIWGHAGQKMERVEEIDHKCLRYYIIHGKETRYCA,-4.099778249048977,83.65885018129082,b
SKHDHARDAPCDAERESHPGYCFEGKKPREHRARYIRHKCHAWQINPDKKRWTIRGCLRRHLECELIYGEAKYKCYKDNEICYDPLCDCIIRYEETRVEA,-4.334918257889149,62.18921788313357,b
EFRYHAEDKHEKRERDSEPDDCFECDHDKTEPEHKCYCKRSEKCDDCDDRIWTKAEHLRRHKDDECKRGEHGREDESEHYKKDEPLHRDYICDEEKKVYA,-11.183348981063867,27.74473670519987,a
HRRGHAEDDDRWARRRSEEDEHCRGDMCPDEECTYYCYRRKCKEINPKCHCWTHRECLRKCDCDEYIWGEAGQHMKSCNECYCQRERECIKDRYERDVRY,1.6780499193214162,33.05002934472107,b
SFDCHDEDACDKYEYCYEPCICRHEDMRPTEPATDIQRCDSAWCENPCKREREIKHDLRKHLDCHYYKDCECCCHKSCDYICMKPHHDEKINYEERRCEA,-10.609133885743177,66.59301799561938,a
CYQRCHEDAHYWHCCRKEPERKRCHKEPPRIPAHRIQERKSAWQINDEKRICEIDGDYDCRYEDCRDHRKEDKKMHCVRYKCEQPYCRHIRNHDKKRVEC,-7.394139783351125,65.33310321365333,b
CKQYRACDYDDWCECMRDPEIHCYCDERDKDPHTYHYKREKRKQINHHEHYHTIACKKDRHLYCRHIHCHDGYKMKSYDYICHQDKEDYIKCCERTREIA,-0.7596021008652387,56.84523315944369,a
HFHGHARDAPDWAYRMKEPGCCDEHDERPTIPRTYIQHRKSAWQIDCKHEIWEICDKCHCHLDDELIWGEAKQEMEYVNYRCYQPCKDDIIKGEETRVIY,-7.279824131020232,27.005997074595143,a
HYQKYCEDCPDCAERMSKRKDCFEGDMPPTRPAHYIQERKCAWDIKPKKHEDTRAGYERRHLDYYLYWGEHCQRMESVYYIDHERLCCCDICGEECRCIA,2.6646408269282875,27.29036709136443,b
SHKGCYEDAPDWHERMSEPYICFEGDMPPTIPATYIKHRYSAWQINYKKRIWTIAGHLRRRLERYLIWEHAGCCMKSHNYICCKPLEDCIIYKEETRVIA,-2.875828195414336,37.65503588119456,b
EHQGHAEDADEWAERMYEPGKYFEGDCPPTYPAEYIQHRKEAKRIHPEKEIKRCEYHKRDHHDDKLEDGEAGQHEESEDRICDDYEKDCEHNGDCRRVIA,13.349604133315548,3.8979739706414995,b
SEHGRAEDRCDCAERMSEPCICHRGRMRRYCPAEYIQHCKKAWQENPDKRICYKYGKLDRHLDDRDIHYEAEQDMESVNYICMCRKCDRIINGKERYVIA,-0.7058280720650125,76.590990561306,a
EFHYHAEDRPEWACRCCEPGIEREKDKPPTDHCTYCQHRKYAKQINPKKREETIAGRLDYHCDYEYIWGEADCYRESVNEYCEQDRYCCIENEEETRVIA,8.613094963272237,27.670327552155804,b
RYEGYCHDEPEYHKYKSKDYIHFHGDRPDKHYACRIQYRDRCWCIEYKECIWTIAHHCRRHLEEECICHEADCKDDSYRDYCKQKKKYDIINKREDECYA,-2.995986670817234,57.366254426120335,a
SFQGKYEDKKEWAERDSEPEICDEKRYPPTIPETYIKHRKSAWQCNKKKEIKTIKGHHRRHLDDKLIWGEAGQKMESVNEEYMQDHCDCIINGYETEVIA,1.090739214700152,83.64917252527589,b
SFQGHAEDAPDWAERMSEPGICFEGDMPPTIPATYIQHRKSAWQINPKYRIWTIAGHLRRHLDDELIWGEAGQKMESVNYICMQPLCDCIINGEETRVIA,5.529224758079424,16.857972227203533,b
SFQGDAYYAPDWDERRSEEGICFEGEEPRTHPATYKRERYSAHRINPEYRICEIYGDLHRHLDDEKEDGYYDDKMESVNYKEMHPLCDHYINYRETRRRA,-9.095013844449351,74.8149069989994,a
EFKKDDHKACDWAYKMHEPEICFEGDDPPDIYEEDHCKRRSREDINYHKHKYCRHYHLDYRRCCCLRWREDRERRCHYEYICYQEHCHKYCKCKHTYVCH,-1.540678160616156,92.69174981603584,a
SFQGHAEDAPDWAERMSEPGICFEGDMPPTIPATYIQHRKHAWQINPKKRIWTIAGHLRRHLDDELIWGEAGQKMESYNYICMQPLCDCIINGEETRVIA,-6.265120115409743,74.86676665773389,a
HFQGRAYDAPDWAERHSDEYICFEYHMYPTEPYTYDQHRKSEWRINPRERHWRIAGHLRKHLKCELRWYEECDHHESKKYIYMQDLCDKDINGEEYRDHE,5.23467514790661,1.8939481218933296,b
KFYGHADRDPKWAERMSRPGICKEYDMPPTIPATRIRHRKSAWQINPKCHIWTIAGHLRRCLDDELIWHEDGQKMESVDYICRQPLCDEYINGEDHRVIA,-1.2464415250580607,75.36918091462009,a
SFQYHACDRPCWAERMSEDGICFEGDMPPTIDYTYIQHRESACQYNPKKDYETIAGHLRCHLHDELHWGEAGQKMESENYICEQPKCDHIINHEETCVHA,-11.742447433870039,55.10471230140804,a
SCDKHEHDARDWKEHESHDGICHEKKMPDKIKATERQHKKSAWQYNPDKRYHRIACKLRDHLKKEKKRGKARQCYDEHDYIYMQPLHDCIINGDETRVIR,-5.839958722660569,9.201885649008723,b
SYQGHAEDAPKWCERMSEPGIHFKYDMPHTHPATREQHCKCYWQINPYCRRHHIAHHHRRHLDDELRWGDAGRKMEERDYRCMDHLDDCIIHRDETDVIE,2.9625026406196953,57.44704758971817,b
SHQGHEEHDEDHAERMKDPDRCEEGDMDRCYPAHYHQHRKSAEQHNPKKYIWRIAGHLRRCCDEELEWDEAGQKMESVNYKEDERDDDCIIHDKDKREIY,-11.780337011774204,22.45829430884887,a
SFQKDAEDAPRWHERMRKDGIDCEGDEKPTYPDTYYCHKKEEWRINPKKEIWTIADCLRRYKCDKCIWHEYGCRMESVNYICMRDRCDCIINGEETRKIY,-2.2231166466411505,46.01688973794761,a
KEQDKAYRHPDYRKRMHKPGDCFEGDECPDIKHHKRCKKRDCRDYYEEKRYWDCEGHLRHECEDYLICGRDGQKCEKDEYIYKYELKCRDRHHHYTRHDY,-0.16820034566540332,77.74097781633559,a
SCQCHEEEAPKDDKCMSHHKIRHYGDDERREPHTRIQRRKYAWQRNDCKHIRDHDECLRRCCEDECIWGKARRKMEKVRYIEDKCLCRCIIEKEEYYRDC,-3.113985552584638,60.98965191448635,b
KFQDHCRDAEDWADRMKEPGDCKEKYMPYTCPADKIQCCKHAHQYDECHCEWRIYGHRRRHKDCDLIDYEAGYKYESRDYKDHQPHCDKEIDGCEKRVYA,2.4889145057060658,69.49522383170668,b
SCQGCAEDAPDWAERESEKGCCFERDMPPTIPATYIQHRKSAWQINPKKRIWTIAGHLRRHCDDELIWGEAGQKMESVNYICMQPLCDCRINGEETRVIA,2.6431876077911327,29.522451314020937,b
SFYCEAEDAEDDAKRHDRPRYDFHGDMPPEIPATRIQHRKSAWRYNDRKRICTIAGHLRYYHCDEDKCGEAGCHDCSVNYICMQPKCDCDINGEETRVIA,-6.699357391532035,84.58370321532037,a
KFCDHAYKDPCHYHCESEPGICCERDRYPRDPATYHHHRKKAHYINPKKRIWEIADELRRKLHRERYWGHAHQKMHEVKYIDMQCHRYEIDNEERTYCYH,2.324098292219509,74.56154980290701,a
SFKDHHHDAPRRAKEMSEHYHYKYHDDPYKHEEEYRQRRKYRCQKNPEKRIWTIAYKKRDDLCKELEWGEAGKRMREVEYKCMQDCHYCRHKGCETRRHA,7.123837426155749,23.267313898848652,a
SFQCHCHDARDKAERMKEPHICFEKRMPPYIRATYEQHRYSAWQINPKKRDWTIAGHLCRELDYELIDGCACQHMESDNYKCCYPLDDCIRNEEDTRVIA,-4.454294794187723,72.313920464605,a
EYRGEAYDKPKWADRMKRDYCHFEGDEPRTIPEYHIQHREKCYQIYPKKRRHTCAGHLDRHLKDDLHKRKCYQHDHDENYDCMKRHCDYIINGEETRYIA,-2.7620751893340385,58.76046431666767,b
HCDGHARDHPDWAEHKSEPECCHYGCYPYTYEATYDQHRKSEWQINYYKRIREIAGHLRRHLDDYKKWCEHGKKMESRNYICHQYLKDCIIEGRETRVHE,-1.1664428834933112,77.35498774636017,b
CHYGDKHDAREDCHDCEYPCIRFRDEMDPTERAYDHYDRCDRDHINPKKRCYTEACHLKRDLKDHRIRGCAEDRYDSDDYYRHHELKDCYINKRETEDCK,3.8619919878566566,95.7680947101843,b
SFQCHADCAREWKERMDEPGICFEGYMPHTIPETYIQHKKSADQIRHKHRKETIYGHRRRHDDKELIWGEAGQKCRSRNYKKMCHKCCCIINGEETRVCA,3.6827845936614674,75.34549823128455,a
SFQRRARDAPCDHEEMEEPYICEECDMDKKDPCKYCQCCDCARQERRCDRCERRYGHDRRELDDKDYWKHAGCKKCYCKYHKYKKRCDCDDHKECTCHRK,0.5063594694921878,47.343786348595586,a
SFDGHAEDAPDWAEEMKEHGICFEGDMPPTIYATYIQHRHSAWQINPKYRIWTIAGHLHHHDDDEKIWGEAGQRMERVNYIRMQPLEDCIENGEETRVDY,9.484876135993199,92.34866449569748,b
SHQKHHEYAYDHRERCSEPYIDCEGYRPKTCPHTKEQHKKSDWQINKKHRIRHIAGELHRKCDDKKEWEYAGRKMESKCKRHHYPLCECYCNGEHTKDDA,-5.216484619346744,28.238590770226335,b
YFHGYREDADEWAERMEKPGKCFEKECPEHYYATYKCHDKSKKRDDHHKRKWHICRHYRRKLDDELEWGEAGQKMESKYEKCRQPCCHCIKNGHETRYIA,-4.618464721139299,63.05859903180365,b
SFQYHAHKADCDEEYCSKPGIHREEEMHHKIEAEYYQHRKKHWKRHPCYRICCIAGHLRRECDCELECGEDGQKMESYRHIDDKEHCDCIYNGECTYEEA,7.050419782747315,29.589059859723264,b
SFQGHHEDAPDWAHKMSEPGHCFEGHMPPTIPATKIQHRDSAWQINPKRRIWTICGHLRRHLDDECIWGEAGQKMESVNYICMQPLCDCIINGEKTRVKA,-1.1360081419171602,87.20573325936365,b
SFCHHREDAPDWACDDCEPYKEKEGKCPRCIPADRIRHRKDAWCCNRHKRIWTIAHCERYHHDDCRDWHRRGQCCCEVNYICMQPLCDCIIEGEETKHIA,-3.4113915865660998,64.86961728570235,a
EFKKHAEDKKYDRHKEERPYRCHDGDKDYTIYATYDQHKKSKHCCREKCCYCTIARHLRRHLHERREYYEYEYKDESYRYICYQPEREEHKDGKETRKIC,3.799620017295,27.780177412417927,a
KFEGDAEDAEDHAERMSYERIRFEGEREPYCKATEIQKRHSEWERNKDKRIWRIAGHLRRHLYDERYKGKREQRYECCHRYCDQPLCDDDIEGERTYDIA,-5.2558558335728565,71.42788501753246,a
YFECDAEDAPDYAKYKSKRRICFEYDRPPDYPHCEIYCRRSAWQIHYRKRYYYIAGERHRCYHEDLIYGEACQKHESENRCCMDPDHHCIDHGEETKRIA,-4.107186681158316,64.74198275526362,a
SFKGCKEDHPEYADRMSEPGICKEYDMEPRIPDTYEQHYYSEWQIYYKKEIERREGHRYRHLKEHLYDGERDQCHESVKCKCMQPLKDCIIYGEYTRKIR,-2.8032983294667413,49.95680345649676,a
SEQGHAEDKPDWREYKSECDICFYHDDPCYYPATYRQHRKEACQINPKKRIWTRDGHKRRHLHDEDIWGHEHYCDESVNYICMQYRCDCIDNEEHCRERA,3.9889332157534545,86.0196354052644,b
SFQGDAEDRPRYCCRMEEPRIDYEYEMPDCCHATYIRRRKSHHEINPKKRIETIAGDLRRHHDDELICYDHCQKEKSYDYYCMKPLCYKYIHGEHCRDHA,-3.6161809344473625,95.15613888571946,a
CKEGHDEDHCKERECKSYEGERCEERKYKRIPEREYQDHKKHWQRNYYKKDWTKAHHLRRCLDCCLEKGEEKQKMYYRHYICMQKYRDCRENCEKTRYIR,5.600237306541563,71.24023034850046,a
SFDHHAEDHPDWAERDHYYYCCFEHDMPPYICETYYKHRYSAWQENPEKRHCYCCRHLCRHRHCDDIWGCAGQKCESDNKHCHQDLHDCIINYRETCVIR,-5.949649309603975,18.014070458511377,a
SRQGHYRDAPDWAECRSDPGIRFEGDYPRYIPATHIQHRKYEWQIKPKKRIRTYACHLREHHDDYLIWREAGQKKESCEYICMQPLCHCCINGEETRVIH,1.94834246471616,18.70100852226524,a
EFQDRREDACDRCKYMSEPGHYDEGCMKPCEEYTYYYHRKSARQINPKKYKWCDACHHDDHLRDELIHHEAGQKRKHVHYICMQPYEDHCCHYEETRVIK,2.4575653631034484,2.8686088315105107,b
SFQGHAEDAHHWAKYMSEDGYCHEGDMPPTIRATYIQHCKCKKCINYKRRIEEIHGHLERHLDDELIWGDAGCKDEEVNRECMQPLCRRIINGEETREIA,-6.273979207434526,30.24507722335684,a
SFQYHAEDAPDWAERMSEPYICFEEKMPHTIPATYHQHRKSAWYINPKKRIWTIAGHLRRHKDDELDWGYKGQEKEYVRYICMDPLCDEKINGEETCVIA,-3.7497755714606966,4.005392780856698,a
SEQEHAEDADDWREKMSEKGICFDGDMPPRIPATCCQHYKSAWCINPKKRIWTKAGHLRRHLDKELIWGEAGQEMESVNYICMQPLCDCIDEGEETDVIA,-9.612454324739852,27.456805242532322,a
KRQRHARHRPKYAEECDECEIEKCGDCPETIPHERIKDRKYRWQRNRKRRICTKYGRHRRHCDHECKWREDGQDMKEDNYDYMQPDYKCDIHDYKDYCYY,-4.447189356122746,17.886771627247853,b
SFQGHHRDAPDYYERDCKPHIDRECDMPPDKPKTYIQYRKKAHCINPCKRIWTHKHHYRYHLDDELRWGEAGYKMEYYEYIRYKYLCDCIDHGEEDRCIA,-1.5820708406787218,49.990262004992694,a
SFQDHAYDADECHERRSDPYYKEEEDRCHTEPACYYYDRESAWRCEPKKRIRKIADHCRRCEDREDIWGKYGEDMKHVYHRCMQREYDYIYNEYRTYRHC,3.643250752243344,9.866532797495376,b
CFKGHEEDHPKWCERMYEDGICFEYDMPDCHCHRYIQYKYRAWCHDPKKRIWYYAGDCYYHLYKYLIWREAGRKCESHNDRDMCCLCDEHKNGCEYRVIR,0.6786523536464832,16.978873208551136,b
SCEEHAEHACHWAHDYSEKDICCEGKKPYTIEEKRIHHDHEKWECNPYRRIWTKAGHLRKHYCDKHIYGEAGQKMECVNYCCMQRLCYYCICHYETHRRR,1.13822218994922,12.132230231025687,a
SFDGHEECAPCYACRMSEPGEREERDEPYKRDADYIQHRKHAWQKNPKDHIWTIAGHLHEHLDRCLIWCEAGQDMHSVNYICMRYKYDCIINKYERRVIK,-2.50993943590188,41.726997453635086,a
SCRGYAEKDCDWREEMSKEEIDFEGDCPETDYATDHEHRCSAWYENRRKCIWDIYYHLRCHLKDCLKWGEAGQEMERYNYIYMQPHCDKIIDKEETRVHC,-9.41497372795252,20.636473209275273,a
SYCGCAYKEPDWKEYMSYPYICDEGDMYPTIPADYIQHRKSAWHINDKKRIWTIAGHLRRHLDYEYIWEECGQYCEKDNYRDKQPLHDCIINGEETRVIY,-5.2131825049658245,15.202546433021924,a
EFQEDAEEACRYKERMKYCEHEEYEDMYETIKYTCDDERYSHEHIRPDKREWDDEGRYRRKEEDCLIEGYYYYEDHKEDYDCMQHLCKCHDNDKEERDHR,16.12710739814967,31.6351927580926,b
SFQGHEEEAPDEAERYSEPGRCFEGDMRPTIPETYIQHRKSYWQINKKKRIWTIAGHCRRHLDDEDIWGEAGQKMESVNYICMQPLCCCCHNGERCRVIY,2.164213417756234,43.59387097055002,b
HFQGDAYDCPDWAERMSDYEIDEEGDMRPTCRAYYIQHEKSAWRYNPRKRERDCAGKLRRELHDELRKCKCGQKMDSVREICMKHLRDYDKNGEYYRKIR,-3.453359527771956,72.80923942680306,b
SFQGHAEDAPDWAHRMSEPGICFEGDMPPTIPATYIEHRKSAWQINPKKRIWTIAGHLDYHLDDDLYWEEAGQKMERVNYICMQPLCDCIINGEETRVIA,6.5644766201864835,60.153435982172944,b
SFQGHAEDAPRWDERMSEPGICHEGDMPPTIPATYIQHRKSAWQINPKHRDWTICGHLRRHLDDELIWGEAGQHMESVNYICMEHDCDCIINGEETRVIA,6.611012879111048,96.21167109230608,b
DFQKHAEEDPDWKEDMYEPYCCFHGDMPPYIHACDIQHYREYWEINYKKDRWTHYCHLRRCYDRELIWDECGQKKCSVNDICMCHLCEHICNCDCTREIK,-9.633056664471853,77.65624655094314,a
CFQGHAEDKPEWEERMYEPGICFDDDMPPEIYATRICHDESAHQINPKKRIWHIAHHHERHLDDRLCWGEEDDKMESVNYICMQPLCDCIINHEETRVYA,-12.613474805708393,2.259574827684796,a
HDQGHDEDAPDWAERMSRPGICFCGDCPPTIPKTYIQHRKSAWQINPKKDDWTIAGHLDRHHDDELIWGEAGQKCESHNCECMEPLCDRIDHCEHTRYIA,8.478821943698923,8.083263895272186,b
SKQDYAEEKCKYDERMSHDRICHCKHCDPTIPYTKHQHRRDAWHIHPKKRIWRHEGYYRRHLKYDLDYYEAEQHDEYVHYHCHHHLCDCIRNKYEREVEA,-2.6073074184843925,79.70561730124786,b
SFQGHAEDAPDWAERMSEPGICFEGDRPPTIPATYIQHRKSAWQINPKKRIWTIAGHLRRHLDDYLIWREAGQKMESVNYDCMDPLCDCIINGEETRVIA,2.135582167674566,86.57085100050047,b
SFHGDAEDADDHAERMSRPGICFEGDMPPTIPATYIQHRKSAWQINPKKRIWTIAGHLKRHLDDELIWGEAGQKKESVNYICMHPLCDCIINGEETRVIR,2.5864112530015,4.1293726474396,b
SFCGHYEKAPHWKKRMHEKYICFYGKYPPDDCETYKQHRESAWQINPKKRIWRIADHLRRHLDDRDIWCHDCHDMKKVCDICMQPLCDCIENREKCEVDC,0.23710659120542488,40.767015145049434,a
SFQGHAREKPDWAEKMSERDICCEGKMPPTEPATYIQHRRSAWQINDKKDIWTKARHHRHHHDEELHWGEAGHRRESVCYRHRDKLKDCIDNDEEREVDC,-4.147881346970609,90.63966995055806,a
DFHGRAHDAPDWRRRMSEPGKCFEDKMPETYKDERHRHRRSADCIKPEKKKWKIKKKLDEECDRCEKKGRCKHYMHHVEDKEMQRKCCKCINKECTRKCR,11.615322448674018,20.55548300562502,a
EFCHHREDAPDWEDRMCHRKICYECEMPYYIPAYYIDHDCDACEINPKKKKWTCEGDLDKHLYKELHEKEEKKKMRSVNYIKRQDLHKCIHNGRETKVIA,-0.07205673985537653,40.657249545361815,b
SFQGRAEDAPDWAERMSEPGICFEGRRPEDIPAHYIQHRKCAYRDNCKKRIWDIAGDLRRYHDDELIWYEAGQKMESVNRIHEQPLCDCKIEGEETYVDY,6.890200484652657,2.014604247025298,b
SFQGHAEDAPDWAERMSEPGICFEGDMPPTIPATYIQHRKSAWQINPKKRIWTIAGDLRRHLDDELRWGEAGQKMESVNYICMEPLCDCIINGEETRVIA,-6.76931869924816,40.330823669204094,a
SHKGHREDYPDWACRMSRPYIEFEGDMPPTCPATKHKRRKSAWQIYPKHDIWTDAGYLRRHLEDELIWGYACQKDDYVRYRYYQHLCDCIIRGEECRHHD,-0.610960118880737,11.170277325219235,b
DFQKHAEDAPDWAERMSEPGICFEGDMPPTDPATYDQHRCSKWQINPKKRIWDIEGHLRRELDDELIHGEAGQKMESVNYICMQPLDDCICNEEETYVIA,11.510503288840049,70.8527936415165,b
SFQGCAHYAPDWCDCMEKDGRYFKGDYPRTIPETYICHCDCHWQHEPKCREWTCCEHLRRELDDCLIWGRAGCHCEYCNKIYEQPYCDCIYDEEECRVKA,-9.588859357178416,55.47280504461324,a
SRQHCAEDACCRAEDMCCHRIKFYGDMEPYIPADKRQHRKSHRHINPECYRWHEAGEHRRHLDKEEEWKEADHKMCDRYYECRQDLKDCIIHDEEDKHCR,1.5949615136788622,98.97646506750803,b
SFQGHHEDAPDWAERMSEPGIRFEGDMPPTIPATYIQHRKSAWQINPKKRIWTIHGHLRRHLDDELIWGEAGQKMESVNYKCMQPLCDCIIEGEETRVRA,1.0461513989616322,77.66477887460208,b
SFQGHAEDAPYWAERMSEPGICFEGEMPPTIPATYIQHRKSAWQINRKKRIWTIAGHLRRHLDDELIWGEAGQKMESVNYIYMQPLCDCIINGDETRVIA,1.6486244416811793,57.586886097254165,b
SFQGHHEDAPDDAERMSYPRICFEGDMPPTIPATYEQHRKSAWQINPKKRCCTIAGHYRRHLDDERIWGEAGRKMESVNEICMQPLCDCEINGCETRVHA,-5.479208457018403,80.47430362914625,a
SFQGKDDKHPDWCEDHSEPGICFEYDRYCTIPARRIQHDKSEWQIKPKRRIWDICGHDRRHKKYEHIYGDAKQRMKSVNYDCMQPLCDCIYDHEHTHVHA,0.07108992205435372,20.4950434729663,b
EFQYKRRDAPCWCERMEHPDICFHGDRPPHIPRTYCYYRCSARHINHRKRYCDHYCEHRKHLDYEDIWDKAEQKREYVNYIDMQELCDCICYGEEHRKIA,-1.3302430979679034,27.46640605184938,a
RFQGHKDDKKDWRERRRYCGICFERDRPPEKRHTYIYDHESHKDIRKKKEIDRHDGHLRRHEDDEEIWGCYHYKCDSRDYIRDQPCYDCIIHGEYTCHIA,-0.6931283695241419,8.524869181774408,b
SFQGHAEEAPHWAERMSEPEKCFEGDMPYTIPATYIEHRYSAWQINCKKRIYTIADHLRRHHKDELIWCEEGRKMESDNCKCMYPLKDCIINRKRTRVIY,-3.0536426342054046,92.9332868452872,b
SFQGHAYDCPDEACRMSEPKICKEGDCPPTIPATYIQHRKHAWQDYPKKRIWTHAYHLRCHLDRELIEGEAGKKMESVEYKCMQPDCDCIINCEETREIA,-4.122008822027648,5.8089178378771695,a
DFEGKDYKAPCYAEEMSEKECHRERHMYCTIPAHYCDHKCSRWCRNPKYCYEHEHGHCDCHHCKECIDEEHGQKMECDKYIDMEPLHHKIIKGECCHRIK,-6.558893068710402,95.4507793014547,a
SFYYKAYDAPDWAEREYEEHYCFYGDCPEKKHCTRIQHEKSEWKIDCKRRICTDHGHEERHLDRKLHEGEADRDRESVDRIYCQYKCDEIIDGYEKEHIA,-7.860155056823737,9.566559718902445,a
RCQEHAEDKPDYEECMSERDKCDKGEYYPRIEEEYKYRRKKDCDIYYKDRICRIAKHLRRHYDDEYIEGERGQKMRHDNDICHYRCCDCIRNGEETRVHH,2.3775604741665406,26.34539888148786,b
SFYGRRCDAPCRCYRMEEPDIKFERDRPEKIHHTYIQHRKSAHQIDKYKRIWTIEHHCHRHLDDELCKYYAYQYMEKYNYDCMQRLCDCKKNGYYTRVEA,-5.811463795712376,78.08231390403587,b
SDQGRAERADYRYEKMREPYRDEKDDCYPRIEADYKDKRDEACQINPCKCEYKCRGHDREDLKRCLIWYEYGYKHESRDCIYKQDLDCCKEKYEEERVIA,-6.282572086346034,94.16725331453144,a
EFQCHAEDHPDWHERMSEPGICFEGDMPETIPADYIQHRKSARQINPRKREWTIAGHLYEHLDDELIWDKAGQKMESVNYIRMQPLCDCIINGKHTRVIA,-6.7065514679290175,56.930353789111024,a
YRQKDYEYRHCDCKHMHEPGIKDEGDEPYRKPETYKQHKKSDWCINREYKICYEAGHYHRHLDDKLRCKRAGRYRESDYHEHMQYLCDCIINGEECRVDH,-1.4707522520856022,46.20204171178162,a
SFQGEAEDACDWAERMSEDGIRFCGDMPPKIPRTYIQHRCKAWQIEPDKRIETHHGHLRRHEDYCYCWGEAGQKMESVCYIKCQPLCDCYRNGEETRVIA,2.288059953162146,90.79831305571699,b
RFQKHAEDHHEWADEHCEPYDCFECDCPPTRCHYYIERKECKYHKYKKKRHETYAGCERRYLDDYECCRYKGYKDESDNKIYMRPLDRCDKKGERYEVIR,-0.884085183755952,45.37130717270188,a
SFQGCAHDAPDWAERMSEYGHCDYKHKPPTIPRTYDQHEKDAHQIECKYRHEHIHRCLRRKRCDELIHGEAGQKEESDNYICKEELCDCIINHEYTRVIE,5.5384528174259495,0.09185401777868085,b
RCQKHACDEPDYRERDDHPERCFYKDCYEEEPKTEIQRRKSCHQIRPKKRRWTRRCHLRRHEDDRYIWYECGQKKDRHNRYCMRPCCYCIKNGHKHRVIA,10.161581966965596,44.534757230961844,a
REQGHRDHAPDWAYEMDYCGIHCECCKCPRDCATYCRHHRDYEYINPKKKRWKRCGHLREHHDHRHIWCRHGQKMYSHNYICERPHKDHDINHYEKRVEK,-7.5472629155216895,86.88432059207155,b
SFKGHAEDAPDEAERMSEPGICFYCEHPPHRPATYIDHRRSAWQINHKKYIETIAGHLRYHLKKEYEWGRADQKYESRNRICMQYYCDCIINGEETRKIA,-1.2729998171748833,45.65166825233764,b
KEQRHAERAYDWEERMSHCCICEEGDMPPCIPCYYKCHKDCHYQRCKKHRRWTHHGHRDRHLCEELIWRYCGQYRERDCKRRMQPLHRCIINRCYTRKRY,9.520877706008438,29.61216954173178,a
SDQGHKERAPDKYERHKCPKICFEDDKPPTIEHDYIQRYKSKWQINPKKRKWYIAGHDRHCLKKELCWGEAKQKKKRVNCCYRQPHCDRIINGEETYVIA,-9.537644043730216,20.756283729660197,b
CYEKHEEYDPCKCERKSHHECCFYGCMDPRCHHTCIQHRHDAWQDKPKKEIWKEAGHKYRHDCDEDIWKECKDKRESVYYIRRHCHDDKDINGCRDYCDK,-2.1817596502246377,19.9393967335469,a
SKKGEAEYDDYWAHRMKEKDICYCEDMRPEIRAYYIRHRKHECQDNPDKHCYDIAGHLRRHLCECLRWGEDYHKMDSVNYEYMQPLCDCYINDEEEYVIY,-8.816197840175388,48.74167467345975,a
SFYGHADDAPDWAKRMRCRGCCKEGHMYPTIPATYIEHHKSRWHYNYKKRIWTIRGDLCRHLDYRLKWGEAGQYMESVNDICMQPLCDCIINGEETRHIA,1.6029522700753247,30.844702192409436,a
SFCGHAEDAPDWAYRMSRPRICFEGDMPPTIPATYIQHRKSAWQINPYKRIWTIAGHLRRHCDDELIWGEAGQKMESVNYICMYPLCDCIINGEETRVIR,0.5794068032215585,21.32548864013065,b
SFQGHAEDAPDWAERMSEPGICFEEDKPPTIPATYIQHRKSAWQIRPKKCIWTIARHKRYKLDDELYWGEAGQKMESCNYICMQPLCDCIKNGEKTRVIA,-1.2266913912897635,66.45325118111607,b
SFQGCAHDKEDDCERMSKPCICFEHDMPPTYKHTYIQKKKDAWYINPDEYIWTIAGHLRCYLDDECIYGCAGCKHESDKYIDMQPLRDCIINGEEKRVIA,-6.786619225467114,33.900454418443594,a
SEQHRKYDAPDWCERMKEPRICFEGEMDDERPKKDEEYYKSARQHNKKKRCWRIDHHRKRHLDDKLIWCKEGKKMDECHYDCHCELYDCKYNGKHCRYIE,2.033517877855025,7.931175784683175,a
HDQYHHYDAPKKCKRYREKYHCFEGYMYPTCDATKIHHRKYAWHDRHKKCICTIAGHLRCHREYDEIWCEAHYKMKSVHYICMRCDCCYYINREYTKCHA,-9.382784626788862,95.70725135347664,b
SFQCYKEKAYDWAERRSEHYICKEEDMPPTIRAYYIQHRDRRWQHHPYRRKWTEDHHLYEHLRDDCCRHEDGQKMESVNYKDMYPLCRHHINDEETYVKH,-2.8393266700377358,79.74964588262152,a
SEQGEHEEHPHCCKREDYPKICYCGEHPYYIYDKDIKHCYSCWEIRKEREDCCKHDHKRRHLDEECHWGEAGQKHESVNYKYMQCRKYCIYEGDYEKVID,4.069800706418436,83.75628963256638,b
HFQGHAEYKHDWARRMEEPGIKFEGDDPPTIPATYIQHRKSKWKINRKKRIWTEHGKHRRHLDDELIWGERHQKDESYNYYCMQPRCCCIDNKEEDRVIK,2.2717846286548484,62.809521090159016,a
SFRGHAEKACDWAERMDEEGICFEGDKKPTIPDHYIRHRRSAHHIKHCKHIWTDAGHYRRCCKHELKWGREGQRMERENRICMRPLCYCRYNGERTHKDH,6.342317222994733,10.61376017794089,a
SHDGHAEDHPEWAERRSYPGYHFHEDMPDTIRDCYIQRHHSAKHENHKYRIWTDACHRRRHLHDELYKCCAYHKMEEKERYHDQPHCDHRDNGEETRRIK,0.14464997098108556,80.12592139476895,b
SHDECACRAPERARRMSECGCKFEGDDPKHIDADYIKDHKEEKEHEKEKRIWTHRDYLCEHLDRDECWEKAGQKEESVEHEHMQEYHDKIINKERTRVRR,4.948036988457504,27.31929190522202,b
SEQKYYERAPDWAECMSEPGRHCECDCEYTIPDDRECDYKCAWYINPKKEIWTHYGELRRKLKHHCIWGKHGQYHKSRNYIRMQPDCDCIYNRCRKRCRA,3.6121355740499785,12.0342277387247,a
EKYKHAHEDCHCADRMKEKGRCDRGHMDPTDPAYYCQERKCCCQEDCHKRIYCCAGRKRKHHDDEHIWGRAYCCCHYDCCCKKYYRCECIHDGHHDRVIY,-2.8524029750407554,44.02652637191632,b
SFQGHAEDKPDDCERDSRKGICFEGDHPRTIPATYEQHRKSAYDIEDKDRIWTIAGRLERDLDDELIWGDAGDKMESVDYICMQPYYDCCINGDETRCIA,11.780151142064824,15.852554376230177,b
SRQCHDHKDCCWAEYHSHHGKYFRGDMEPTKPCKYYDHREDAWQINKKKRDWDRAGHLRRDCDHEDDWCEAEQKMDDVNYDEDRCRCDCICYCEETRKCE,6.981217109275898,1.37367405304466,b
SFQGHAEDYPDWDERMSECGICFEGDMPPTDPATYIQHDKSAWQINPKKRIHTIAECYRRHCDRELKDGEAGQKMESVNYICMYPLCYCIENGEETRVIK,-7.112106171070723,2.1947911885377813,a
SFQGRAHCAPCWAERYSHYGICEEGCEPETICATDIERDEDAYQIYPKKRIWTYKGHLRDECDDELIWGEAKQKMRRVNYICYHPECECKINGRETRVRA,-3.531339302597302,16.449965992920003,a
SFQGHAEDAPDWAERMSEPGICFEGDMPPTIPATYIQHRKSAWQINPKKRIWTIAGHLRRHLDDELIWGEAEQKMESVNYICMQPLCDCIINGEETRVIA,-6.7196225911395775,42.761444044053206,a
SFDDHECEEPRYCDRHEEHGICKEGDMDRDIPATYIHERKSHWKINPKKRIHTIAGHLRRHLDDELDWGDYGQKMYEVCYICMRPLCKKICYREEDEVDA,-8.053638960437135,69.18454525188663,a
CEQGHKDDRPDCAERDDKPRKKFEKYCKCCHCRHCKQHKKSYWCIHRKHRHETIAGCCERERDDERCCREHGQEMKSRNYCKYQPLCHCIKNGKETCDIA,5.40151694625796,70.74077150743518,a
DFQYEAEYAPDWAKEMECCGICHYCRRPCTIPADYEQRRKSAWCIRHHHREWTIADHLRRYLDDYYDWGEAGEDDESECDCCRQPRRRCICNEEETRRIA,6.136509039801181,54.96221034609341,b
CYCKHREDHRDWAERYHCKGDCFECDEEPTYPACYRQRDHSADQYNPKKCCYTICGHEYRCLDDELEDRCADQKMHEVNEICKCELCECIIKGEEKYVIA,9.000878692206618,20.34357764152518,b
RFQGYYEDAPDWRCRYHKRDKEFYGKMPEDHDADYIQYYDRAWDHRDEDRIEKKKHHLRYEYDYRLIWGECGKEMRSVKCIKMQYLCRCDHKGYEDDHDA,2.597322124077145,2.2119229074425317,b
SRQKCRYDYYRRRREHCEPGICFDGCRHPKIPCTYICHRESRKQINPKHRIKEIAYDLERYLDDERIEGDAKQEMESVNYICEQHLCDCEIHHCYECVKH,-0.6394194528897961,29.176404571989735,b
SFQGHREDAPHDARRMSEPGICFERDMPPTIPATYIQHCKSAWECNPRKRIWTIACDLRRHLEDECCDGEAGQKMESENYHCMQPLCDCIINGEETCVIA,6.519242233657209,32.47587360211448,b
SEQGHAEDAKDWYEEMSEHGIRFEGDMPPTEPETYIQHKKDKWQINEKKRIWYIHYHLDRHLDDELIYDCAEQKMESVNYIKYQPLCDCIINGEERRVDA,10.459384499401626,6.847790672995336,b
SFEGHCEDAPDWAERESDYRYCFEGRMPCKRPATYYQDRKSAWKINEKKRIWTDAGHLDRHLDDCHEWGKAEQKMESVCYICMQECCDCIRNRRETYVIA,-4.881697502620212,83.93270862161032,a
SFCCHAKDDPDKEERRCYDGDCFHGCMPPTICETYERHRHSKWQYNRRKRYYRKEGHLRCHLDDELIWGEHGYKMESRNYDCMHCLCDCIINGHETKVIH,-0.3217348550665753,53.53070029746699,b
SFQDHAEYAPDWAEYDSDHGIDCCDDMPHCIEATYIYHRKSRWHENPKEYIWHIACHKRRYCHDELEWGEAGQKMRSVNDICMYPLCDCIINGDYYRVIA,7.146508762223409,79.93231813442972,b
SFQGHARDAPRWAERRSKCHICFEGCMPKTIEATRIERRESDWQINPKKRIWTIAGDCRKHLKYEHDHKYHGEKEESVNDKEEQYLYDCIIRGRRCRKIA,-6.947869578451387,37.562598050009186,b
KDQGDYEDEPCDACKMSHPHIRYEGDMCPTIRATHIRHCKRDWYINPEKYIYDDECHHEKHDDDELIWGERGRDMESENYICCQPKCDCIIKGRETRVIA,-10.688037407349938,89.17499351017551,a
SFQHHACYAPRWAERMSEPKICHHGRMDCTIPYKYEQHRCSKKQINPRHRIWTIAGHKCRHLDDEEIWKCRGQKMESVDKIEMRPLRDCIIEGCHYYVIA,5.064537308119076,14.416658154560002,a
SFKCRRDYAYHHAEHHYYKGCCCEGDMPDTYEATYIQKYHKYYQEEPRKRYETIAGDHREDLCECLRRGEAGCKRKSCCDICMRPECDEIDRDEETYCYH,4.232082201192137,43.95563999130935,b
DDHHHAEDAPERKYRHSEEGYKFEDHMPHTIYAYKCHDRKSRWYCNPKKCCWHKACHHRHCLCDELIYGEAGDKMEKHCDICMQPDCECIINGRETRHRA,-0.3724534959116297,91.15502529329056,b
SFQEHAEDKPDWAERESEPGDCFEGDDPDHIPAHYIQHRKSEDQINPKERIWRICGCLRRHLDDHEIHEEAGQKMYEVNYICMQPLCDCDINGEETCVCA,-16.317489977522417,74.33735694906935,a
SKQGHAEDAPHCAYRMSEPEREFEGKMEPYKPAEYCYRRKSEWQINPKCKEETIAGCLKRHHDDELIWGRAGQKMESVNYICDQPKCDCIKNGEEYKVHA,0.49646350162629393,73.56542937653806,b
SFQGKARRAYDHAEREHEPHIHCRHEMKDEDPARRHHYDKSAEQIDPKKEHWTIAGDERHELDDKLIKGYRKCKHEYVNYIRKQHLDDKIINGEYTKVIA,-0.8565901822553905,90.87705201767513,a
SFQGHAEDAPDWEERHSEPEICFEGDMPPTIPATYIQHYKSAWQIEPKKRIWTHAGHLRRHRDDELIWGEAGQKMESVNYICMQPLCDCIINGEETRVIA,-9.29807061683487,81.66653203741431,a
KFEEHRRDADYDAKCKDHHHICDEGHRPHHICETYHQCRDHHRQIHCEYRHWKKAGHKRDHERYRYKKHKDRQKMERVEDCHMQPLYDCYIRRERDKKHH,7.191945877689238,5.9902562999239795,a
SFQCKAEKRPRDEEEMSEECICFECDKHPTIPYTYIYHRHSYWEINHKKRIWTHEGDREDRLDRHLIKGECGQRMESYNDECRHPLYKRYINGCEKRVEH,-1.9254002120309088,12.789930837643338,a
DFCGHYHYAYDWAERMCEDRCCDHEDMPKRHPKTHEQHHKRAWQINPYKRDDTYDRHYRRHRECRYIHGKAGQKHYCKNCCHMQRHCHDKIEGEETREIA,-4.349824870921323,78.46873075120936,b
SFQGHAEDAPDWAERMSEPGIRFEGDMKPTIKHTYIQHRKSAWQIRPKKRDWTIAGHLRRRLDDELIWGEAGQKMEHVNYICMQPLCDCIIRGEETRVIA,-0.056719501560079655,17.866588533748462,a
SYQRHRRYAPEWAEHMSEEGICFEKDMPPTIPATKIHRRRSYWKINPEKRICTIHGHLRRHLDDDLIWGEAGQKHEEVNYICMCPYCDERIRGEECRCIA,-0.6445416145205414,43.68016592243951,a
SEQGCCYKACKWEERHREPGKCCEERMRPEEEAYYDYHCKSEWQIDERCRIDYRYGHLRRRCCDHCIHGDHDHKHESKEKERRHKRCRCYCKYYETHVKA,-5.115650184038275,99.74821688865035,b
SRQEHEEDRPDWAERMKRPKYCHEGDDKPTHYCTYIQHRDSAWQIHPKYRRWTKHGHHRRHLDDECYWECAGQKMESVKYCCMQPLCDCIINGEEKDVIA,-1.6989030662842317,2.792963354854938,a
SKHGHCEDKRKWREEHDEPGYEDYCYMPPHIPATYIRKRKSACQKHPHKRIKRIKGHLRRHRCDKDIWGCAYQKMCCVNDICDQPLCKHIDNKKETYVIE,-9.19296101416874,45.47907895970138,b
SDDGHHEHHPKWHCRDHEYHHDFEGKDCKTIPATDIQECDSAWQENPKERYWYCAGELREELDRRLICCCAKYRMESVNYIYMDPLCDHIIREYEDCCDC,-12.026417776873602,9.247310827813592,a
YYQEHREEKRYWAKKHRYYGICFRGDRPYEIPRTYIQRKKSAWYINDKEDIWCIAGCRKRHYKDHYIKKEAGHDMESCCYICKQELCDDDRYKERTRRIH,6.139964510113023,99.02650509435283,a
YFQHCCKDCPDDHCRMSCYERCYEGDKPPRIPATYIQHDRSDWHICPKKRIDTIHGHHRRHYCDEEEWGEDCDHMECHNYIREHYLCHCYDNGEDTRVIA,-8.200965750765047,29.177810254460756,a
CECGHAERDYDWYERKEEYEIDKDKDMCPTIRKRYIRHDHRAEQKNEEKERWTIAGYLEHYYDDEHDWEKAGQDMESYNYICEKPCCEYEINYHCTRCEY,10.854525453110497,53.89575714478313,b
YFKGHDEDKYKWAEHEDEHGECYEEHMPHYCYHDCIRHRKDYEHDNPRKYKKCRKKHERRHRDDELIRREAGQKHDDEHYCDMQDKCRCDCNEEETRYIA,-7.33159411295213,99.55273572744659,a
SDKYHARHYPDWEEHHRHEGHKYHEHMPPTIPATCIQHDKSAWQINPKKRIWRIYCHLRDHLDDCCCWGEHGCCMDSVNCKRMQPHKDHIIYGHYYRVEA,-1.2616177842345961,15.925069893019007,b
SFHRYARDYRDRYDRHKEYYICFDCDKPYCIDYYHIKHRKYAWCYNPKKKRHKCDEKDRRKYDDRLIWGEAYQRMESVNYDCHEECCDRICNKKKTRVIE,-8.548055015085534,78.22193027960137,b
SFHHDAEDAPYWACDMHEYDICECGDHHPTCKAHRIQHEKHAKQINPKKRIWDHDGHYHRHLDDHYIYGEHEQKMERKNYICHCPLCDEEYNGECTRVIA,6.904900103056303,7.265012338003807,b
KFREHREKAPDWCERMSKYEICFEGDEDEHRPYTYKQHRKSAWQIDPCKRDWEHAGRRYRHLRDELIWGYAGKKEESVRRIYMQPLCDCIINGRETRCIA,1.3778050217917253,86.0377365307047,a
SFQGHAHDAPDWAERMSEPEICCEGDMKPTRPATYIQHRKYACRINRKKRIWCIAGHLCRHKDDDLIWGECGQKCERCKYREMQKLKCCIINGYYTRHIA,5.887476658243013,1.6371272612256793,a
SFQGHRHDAPDRAERMSEPGICFEGDMPPTIPATYIQHRKSRWQINPKKRIWTIAGHLRRHLDDELIWGEAGQKMESVNYIDMQPLCDCIINGEETRVIA,-3.5222948213898753,91.09659948235532,a
SFQGHDEDAKDWAERMSEPGYCFEGDMPPTHPRCYIQHRKSAKQINPKKRIWTIHGHERRHLDDELIWGEAGQKMEDVNKICMQPLCDDIINGEETRVIA,-4.7273188739446645,3.0720053084959287,a
RFQHHAEDAPDWKEDMSEDGEDREGDMPPTIPKCYIQYRKSACQDNYKRRIWTYAKDLDRHCHDYLIWHEEHQKCECVNYDCMQPDCRCRINGKECKYKA,-5.443581083421015,71.78377439564153,a
SHHKHDDRAYECREHMSEPYICFKCDDDRKHRAYDRRDRRSAYREEPKKRHWTIAGDERDYRDKELKRGKYCQKMEDVHEICMCECHDYKIRGECTRHYA,-3.7402414877453607,69.11997511256884,b
SFQGHKDDAPDWRDDMDEPGCCFEGDHCHTIPRTYIQHRKSKWEENPKKCIWECEKHCDRHLKDECKWGRARKKDCSVKYICEQPLCDKIYNGEETKVIA,1.1060427468221115,48.3089627783189,b
DFQGHCEYYPDWDDRRSEPGKCFEHDDHPTIPETYYYHRCDAWQIRPKKRIWYIEHKLREHEDDELICGCHGCKMDRDEYKCYQPCCRRHHNHEETRVKA,3.238690415467616,68.6018044011348,b
EDQGHAEDAPDDAEKMSHPGYCFKGDMPKTCPATCIKKCDYRWQIDPRKRIWTIAGHLRRHLDEEYCWGHAGCKEESVKCICMQKLHDCIERRERKDVID,-2.820874346428983,40.770859651577496,a
SFQGHHHDAPDWAYRMSEPGRCFEGDMPPTIPATYIQCRKSAWQINPKKEIYDCAGHRHRCEDDELIYGEAGQRMESRNHICMQPLCDCIINGEETRHCR,2.7022498630337575,56.90999359424755,b
RHDGRAEEAPYWAECHSEYCICFRCDDPRTIPATHIQHRKHKWQIKPKHRIHDIAHHLREELCDELHDGEHKQKMCSVNYCCMKPLCDCIINGYHTREIA,-1.086126824162588,78.42289107515712,b
SYQGHDCDDHDEAERMSDPGICFEGDDPPTEEATKIQYRREAWKEHPKRRIKDIADKLKRHLKDELIWHEEKQKMESVNYIRMQPYYKCKRNGERTRVKR,0.030296040928439405,63.620705966974434,a
SHQGHAEDAPDKHHRMSHPHICCEEDMHPTIPATDIRHRYSKWQINCDKRIWTIAGEERRHEDDDHCDGEHGQKCDEVNYICMQDLCDCIIDGDETRVIR,9.710762203717943,36.473253498880595,b
SEQDHHDDRPDCAERYREPGIHYKEHMEPHKYYHYIKHRCSECYKCDDKEICCRDGDLYHECDYELIWHDARKKDEDVDYIDEQRLHDCIIDKEETRRIA,-11.65645252758957,5.8830315340272605,a
SHQGDAECRKDKAHKMHRHGIKFHGEMDPTIPKTYIYHRDEKWQCKHYKRICKIAGHLHRHCHCELRDGHCGDDMESKRCYCMCPHYDRYKEREHTHVDA,-6.154606423453176,63.85970565933735,b
HYQGEAEDAPDHEYRDKEPGCKFEGDMPPTICADYIDHEYEDWQYCKKRRIWTCYDHLRYHKDDYLIYGDAGQHMESCNEIREDPLCDRIYNEKEHRRID,10.992752546001864,35.50864005844387,b
SFQEHREKDYDHRERMSERGICRHEDYRPTIHAHKCQHHKSAWQINPKCEDWTIAGHDYRHLDDDRDWGHADEKMHSRKEICMHPCCEREDNHEYRCVHH,-4.592425344081681,30.712267568975527,a
SFQGHEEDAPDWAHRMSEPGICFEGDMPPTIPATYIQHRKSAWQINPKKRIWTIAGHLRRHLDDELIWGEAGQKMESVNYICMQPLCDCIINGEETRVIA,3.7964515570881083,48.52697636943928,b
SFQGHAEDYPDWAERMSEPRICDEDKHPPTIPATYIQHRKSAWQINPKKRIWYDHGHLRRDLDDHLIWGEAGQHMESVNYICMQPLCDCIINGEETRVIA,-7.254656903528785,84.19120362061534,a
SFQGHCYDYPYHAREYEHPGICFEGKMHRTRKETRIQHRKYDCQICPYKRIRYIYGHLRRCEDDHKIWHECCQKMDCRNYICMKDLCDCIDEKHYTRVIA,2.9029193095979333,62.17259464459277,a
SFYKHAEDAPERHCRMSEKCKCYEGRDCRYRPYCRCKHRYSAWQYNYKKKIRHIKHHLRRKYDDDLIEHDHRKKMESVHYICRDECCKEDINCCHTHRIY,-10.54636393109137,60.09133651131555,b
SFQGHAECAPRWAERCSEPGCEFEGDMPPTYPKEYIQHRKSAWQINPKKRICHIAGHLRRHLDDELIWGEAGQKMESVNYICMQPLCCCIINGEETEVIA,2.084300758520068,97.5602025208557,b
SFDGYRYRAPDWAEYEKKPGRCDEGCEPPTIHHYYKKCKHSYRRIHDYRRHHHCACHEDKCCRYECIECEAERKMESRDRICDQPEYDCIHKGEHKEVED,1.9532766087664808,39.52863282140496,b
SCEGHAEDKPDWACRCKREGICFEGYMPPTIPHTYYQHRYSAWQINPKKYIWTIYKDRRRHLRRELIWYCDGQKYRSVYYDCMQPYCRCIINGEETRDIA,-5.675818594477155,91.11272765658497,b
RFDRHARHAPDWAERMSDPGICFEGDMPPYKCRCYHQHRKSARYRKEKKRIKYIAGHRRRCLDDEKHWGKEGDDMESRCKICRRPLRDCIIKGEDTRYIY,9.42037690526263,35.17398641699331,a
SFQGHAEDAPDWAERMSEPGIDFEGDMPPTIPATYIQHRKSAWQINPYKRIWHIAGHLRRHLDDDLIWGEAGQKMESVNYICMEPLCDCIINGEETRCIA,6.624111285143373,57.121727480887316,b
SKCHHAYYHPDWYERMDKPRIEFEHDMPPKIPYKYEKRRHHAWQRYKKKDIWTIHCRHDRYLERKLCWCRARQKMESVNYICMQYLKDCIIDGEETRVID,5.650301505574689,36.82848311824143,a
SFREHEHCAPDHAEERSEPGERYEDDEYCDIECTYIRHYKSKWQIYPYKRHWTCEGCKRRHHDCELIKGYAHHEKDSHRDICMQCLCKCIDRREEDRKIA,-4.767965720686053,54.673381527714504,a
SFCGHAEDHPRWAERESEPGICFEGDMCPTIPATYRHHRKSDEQINPKKRHWKIAEHLRRHLDDELIWGEAGQKMESRNYICRQPLCDCRCCGEHTRVIA,-0.5832364880952923,66.07102761681126,b
DKRDHCEEDKHWYCKMSEHGICYEDEYPPEDPCCEKKREKSHCHICKRRRIKEIACRLRHHLHHEEIEGEDGKDMESEERYCKQPLYKCCIEKEETRHIH,4.517465565732602,5.949678703131522,b
SFYGHAEDACKWAERMSYPGICFERDMPPTIPATYIQCRKSAKQINPKKRIWTIAGHLRRHLDDELIWGEAGYKMEDVNYICMQPLCDCICRGEETRCIA,-2.0315639662995517,89.62556990950802,a
SFQGHAEDAPDWAERRSEPGICFEGDMPPTKPATYIQHRKSAWQINPKKRIWTIAGHLRRHLDDELIWGEAGQKMESVNYICMQPLCDCIINGEETRVIA,-4.751783207346209,94.28786291309149,a
SFQGHAEYAPDWAERMSEPGIREEGDMPPKIRKTHIQHRKSEWQKNEKKKIWEICEHLCRHLDDELIRGEAGQKMESVNYICMRPLCDRIYNGHEKRVIA,-1.8489226469558202,75.69286293224876,b
RFQHHCEHCPDRREKCREPDHDHEGDMPHTDDDTYIQKRCSKCQIEPKYKIWDHCEHDRRHLDDKLEHEKDKHKYYSRYYHEMQCLCDRICHCRYTRHIA,1.0896726854318652,9.739440160598667,b
SCQGHYEDACDWAEEMKEPGICFRGHMPKTIPATEEQHEKSARQINPKKRIWTIAGHDDRRLKHELIWGRAGQKMESCCKICMQHLEDRIIYGDRTRVIA,0.7561257205161063,22.056401064576825,a
SFQGHCEDAPHKAKDDSEPGICFEHDYEPTDPRTYCQEEKSAWQIHEKRRDWYIACHLRRHLDDELICDYARRKMESVKYICEQPLCRCKIKGEETRVIA,2.1429924492898196,89.64380372803554,b
CFDGHACDKPHHAERMSEPGICFEGDMPKTIDATYICHRKSYCQECPKKEIHTIRGHLRRHLRDELIWEEAGQKEESVEHICMQPLCDCIINGERYRRIA,-4.41523818454594,80.49615372777915,a
YFQGHEECDPKCCERESERGERFEDDMDPTRCCYCEHYDDDREKINRYEYIWKIAGHLKRKLDDELKWEEAEKKMEKCNYICMQDLCHEYHNEEDTKVCR,-12.25495628384416,54.63280226647906,a
SFHCEAEDYPRKDERCCKKGHCCECDRPDTIEAHYKQYRKSACQRCDKKDKWHIDGHLRCKLDDELHRGHAGKKRRRHNHECMQPYCDCHYNYEEERVHA,2.209512835302293,3.736252590236977,a
CFQDDEERAPKYACRMCEKGICFRGDRPKKRPRCYHQHEKSAEYIEHHKDIWDIAGDLYEHLYDCRIWDEYYQKMHDRYYRRMDHLCDCIINYEDTREIC,2.643827804605654,63.291574844997065,b
SFQGHAEDAPDWYERMSRPRIKHEGDMKPTIPKTYIQHRKHHWQINPKDRIWKIRDHLRYEKDDELIWGEAGQKMESVDYICMQPLCDCIINGEETRVIA,-0.14208144897290098,87.18149110666405,b
SFQGHAEDAPDKARRMSEPGICFEGDMPPTIPATYIQHYKSAWQINPKKRHWTDYGHLHRHLDDCLIWDEAGQKMDSVNYICMQPLYDCIINGEETRVIA,-5.425111961111214,37.58266535367042,a
SFQGHAEDAEDWAERMREYGICFEGDMPPTIPATYIQHRKCAWQINPKKRIWTIAGHLRRHLDDELIWGEAGQKMESVNYICMQPLCDCIINGEETEVIA,6.542652547146625,19.433717239495774,b
SFQGHAEDAPDWAERMSEPGICFHDDMPPTIPATYIQHRKSAWQINPEKRIWTIAGHLRRHLDDELIWGEAYQKMESVNYICMQPLCDCIINGEETRVIA,-7.118727417870809,17.58344923088352,a
YKDREAECHCYYAHRKRCPGICCDYDMCPTIPATYKQKRHCAYQINPKKCIKDDAGHLRKHLKDELDWGECGQKKCSHNYECHQYLEDCKINGEETKDIA,-2.338986274742887,72.76509985476294,b
SCQGHCEDAPRYRKRMSYPGKCREGDHPDTECATYIKHRCSEWCIKEKRRHWTIAHHLREHEDDHKIKGEARQKMESVCYICCDPLCDCKINKEEKCVIA,-2.038358117143141,2.4541855527801304,b
YFQGHAEDDHCYAERRSEEGICFEGDMPPTIPYTYIHHRKSAWQINCKKRDWHIAGHLREHLDRELIWGEAGQKMESVRYICMQHLCDCIIEGEETEVIK,5.283831008621168,65.93906139453405,b
SFQKRCRKADDDYERKERHGICECGHKPPTEPERYERHRKSAEQKHRKDDYCTICKHLRKERDRCKIWCDADQRDEEVNYIEHHDLYRDEHDGHEYHHYH,1.0816765420878065,9.643062818826698,b
SFRGHCEDCPDWAERMSEPGICFDYKMHYTIKATYIRHEKKAWDIYPKRRHWTIDGHCHRKLDDELIWKYEKYRMCHKNYIHMQPLCDCICNCEETRHIA,-2.7481232985315827,73.15251602347803,b
SFRGYKEDAPDYYYRMSERCIDFYGEMPCHRPYECIYHRHCAWQIHYKKRRWDIAGHDKRYYKDELIWGCACDDCESKRHECYQPHRKCIHHRDKTRVIE,-4.271538230177717,49.44727335517292,b
SFQGHAECKPDWAERMSEPGICCCRDMPPTRYKTYIQHRKSAWQKNPKKRIWTIAGRERRHLHDHLCWGEAGKKYESVNYICMHPLCDEIICGEETRVDA,3.0468017676230286,0.592068852319283,a
SKQGHAEDAPYWDERMKDEGYCFEGDMPRTIPATYIQHRESAWQINDEEYIWCIAGHLRRKEDDHLDDGEAGHKMYSVNYICMQHLCDCIINCEETRKIE,9.368097839188481,71.61433223837925,b
DFQKHAEDAPDWKEDMYEPGICFEGEMCPTIRADYIQHRKSEWQRDPKKRIWTEAERLRRHLDDELIWGRAGQKMESVNYICMQPLCDCIINGCRKRVIH,-2.2195275972528146,11.00524511461659,a
YHYGHAEDARKWAERRDEKGIRFEGKHPPTIDATHKQHYKCDEQKDHKCRIWCIAKRLRHHRCHELIWGKAYHKHERVNYICMQPYYDYHHRDEHTCVDA,4.372166672191763,30.429945626253428,a
HYYGHARDAPDWDYRMCRKCICCYGDMHPTKKATKIQERKSACDINPKKREWEIDGCKYRRLHYRLIWGCAGQKMYSVYYICHDPKCDCCIRREEDRVIA,-7.950358017146736,60.05908965566618,b
SFQGHAEDARDWDEREHEPGICFECCMDPHKKATCRQHRKCAYDINPKKRIWTIACHDRRHLCDELIWGEYGYKMESVNYICMQPLCYCIHYGHETCKIA,0.9288909758665107,50.89110931605176,b
SFQERHEDADDHAEDMSECGYCFEKDCPPTIPCTYIQCEKSEWQIYPKHRDWKCAHHLRRHLEDDLIWYKARQKEESEREICRKPECDRIINGEETYHEC,-11.808718411798633,95.49884519729372,a
RHQEKCEDAPYDAEEHCEYRCRFDHYKEYTYPATYDEYKCSAWRIKHKKRIETKAEDLRRYLYKRHIWGEAKYKMESYNYIDRQCLCKRIINYREYYVIA,-4.767226244506276,33.84698962339723,b
SFQCHAEHAPDWAERMSEPGIEEEGDMPPTEDACYIQHEKSRWQIDPYYRIWDICGCLCRHLDDEDHWGEAGQKCESVNYICMQPLCDEEIYGCDCRVIC,-17.824254903882803,79.50802708446825,a
SFQHHRHHRPDWAKCREEPGIEKEGEHDPTIKYKEYCKKRSADQRNRYYRIRTIDYDLRDHCEDRHIWGCAHYKMESVNKCYERYEERCIYNKKCHYRRK,6.660929076877093,38.00533711531919,a
SFQGHAEDAPDWAERMSEPGICFEGDMPPTIPATYIQHRKSARQINPKKRIWTIAGHLRRHLDDELIWGEAGQKMESVNYIHMQPLCDCIINGEETRVIA,2.6335659369858515,53.29415308568598,b
HFQEHAECYPDDAERMCEPGHCREGCMPRTIDATHIQHRKSACKINCDCRDETIHGHDRRHHDDELKWGEADDHHKSVNEICMQPLCYCEDNGEETRVIC,9.942246237586259,34.8968641642469,b
HHQGEHEDAYDWAYRCSHHYRCFCGDKPPHIERTCKQDKKSKKQIRDCKHIWTIAKCYCRKLDKELCDKEARQKMYSVNYKEKCDLDYEIIHGEETRVIE,1.6223614275847338,28.308562947707372,a
SFDCHKEKADDWECRMHDPYICHCGDMDDDDPDDYECHRKSAWYIYPKKRKWTIRGRRRRHLRCELIWKCYGYKRHSHNYECMQRLCDCIINGEETRYIE,-1.2106503981236236,61.599283962760396,a
SRQGHAEDAPDWAERMSEPGICFEGDMPPTIPATYIQHRKSAWQINPKKRIWTIAGHLRRHLDDELIWGEAGQKMECVNYICMQPLCDCIINGEETRVIA,3.231829581758429,35.07663229063145,b
DRQHHAEDAEEWHRHKSEERKDDKKEMHRTRPHTKKQHRESRYRINYKKHCETKRGHERDDLCKELHWGHADHHCCRKRRECHYPYRHCIKEGCEYDKIY,5.127624689149128,94.6185567041332,a
KYQGHRCREPRHKEDDSEPCICRRGEMEPTIPYKRCKHRRSDWQRNPKKKIWTRAHHHRRCHDDDYICDDCGRKMESYNYICHQPYRDCIHNHKEKRVIY,8.012771584432201,68.49736324293939,a
SHRHHKYHKRDWRYRMSKRGRDFRHDMDPKICEDDERHRKSHWQKYKKKHHHRIAGHLEYCEDDEYHHKEDGHEYHSVNHIDKQRHERHECCREEDRVCE,2.63581365652358,40.81382443677523,a
SCKGHAEDAPDWKEEMSEPGICFEGDHKPTIPATYIQHRKSAWCDNPKKRRWTIAEHCRRHLHDKKIWGDYGDKMRSVNYICMQPCCDCYINREDTYVIA,-1.6860532942581434,81.4586203831824,b
HFQGHAEDAPYYAEKMEEPGICREEDHPPHIPCTYHQHRKRAWQINHHKRIWTIKDHLRRHCKDYLEWGEAEQDMKSKNYRCMQDLCDCIINDEETRVIK,1.3282050790140258,53.96129518497529,b
SFDGREEDRPDWAEHMSKPRHCFCKHYPREIPAKYIQHRKKAYQKNCCKRIWRIDGHYHREDDHCLYWYEAGQKMRSVNYICREPLKDDIINGDHRRYIR,-6.652368815312438,13.259514080907431,b
SFQCHAEYAPDWAERMCEPGICYEEDMPPTIPAEYIQHRKSCWQINHKKRIEDIAKHLREHLDDEKIWGERGQKHESVNCICMDPLCDCIINGRETRYIA,-5.965052734801832,1.4698049601868712,a
SFQGHAEDAPDWAKKMSEPGICFEGDMPPEIPCTYIQHKKSAWQINPKERIWTIDGHLRRHLDDRKIWKEAGQKMESVNYICMQHLCCCIIRKEETRVYA,-1.8804778378614337,89.22157153295804,b
SFQGCAEDAPDEAERMSEPGICEEGDMPPTIPATYIQHRKSAWQINPKKRIWTIAGELRRHLDDELIWGEAGQKRESVHYICMQPLCDCIINGEETRVIA,6.037229616864089,49.53570731475752,b
SEHHHKEDADDDCCKCCRRYIDFKDDMPPHEPARYIHYEREKWHINCKHRKWYIARCLRRHLRDELRCEHEGQKKKSKNDICHQKLCDKIINGEKTCCHY,-5.16803035138313,40.86394201993051,b
SYQECHECHDKWAEHHSEDYHCFRKDRPPYIPHREDKHEEKDCQHCPKKDYWTHACCRRRCYDREDRRCERGDKMESDNEDYMQPCKRCYHEKEKTCRCA,-2.2453968853574056,18.37139579420898,a
DFRGHAEKCPDHACRMSEHCIHCYGKEEPTIPAEYKQCYKSEYQINPKKYIRKCAGHLRRHLRDECIEGEDGKCMCSHHCCHMQPLCKYRDEGEEKRVIK,-3.037772804628031,47.543966594328616,b
CYYGHYCDRHDWAERMREHGICDDHDCPYHEPACKICRRCEYKEKNDCKDYETDAHHLKRHKDREYHWGCACDKMESVNCECRQDHRDHIINYYEEREID,-8.434107280464575,36.05929525827254,a
SFQGHAEDAPDWAHRMSEPYICFEGDMPPTIPATYIQHRKSAWQINPKKRIWTIAGHLRRHLDDELIWKEARQKMESVNYICMQPLCDCDKNREETRVIA,0.5294968165093794,11.981464990434343,b
KFQHHAEDCPCYCHRMSEYGICCEYDRPDTYEYTYIQHDKRRRQYNYKKRIWYIAGHRRRHLDDDLRKCRCHHHMERYNEKECQCYHDCRIRHREDRVHE,3.3678176995010167,57.273541022558526,a
SHKGHADRDYKWRYRCSKPYECFEGHKPPKIYRKKIREECKARQHEPKKRIDTRAGHLRRHHHRELIWCEAEQKHESVHYECYQPLCKCIRCDEERDVIH,7.923030053243812,31.571820531722782,a
RCYDHDHRKDKRAERCSECKICEEKHKPRYIPAEYYECEDCHWKKNPECCIWTIEGECRRHLHCEKHREEAGKKDEDKNKICEHYDHDHDICGRETREKA,1.0923808446795977,85.62295409645459,b
SCQGHAEDAPYEAERMCHPGICKEGDMPPTIRKEKIEHRKHAYQINPKKRCWTDAGHLHRHLDDELIWGDAGQKMESVNYCCKQPLRDCCINGEETRVIA,1.5911560311987205,12.407116347805191,b
KDQGHAEDEHKWAERMSERGICFEGDMYDYIPAYEIRHRRSAWQIYPKKRIWTIAGHLRRHLDDELEWGDARQHMDSVCYDCMQPLCDCIINGYEHRVEA,-5.955920162538803,15.96298829485525,a
EFQGHAEDCPDWCERMSYPGICFECDMYPTIDHTYIQHCKSAWQRNPKKRCDKHAGHLRRHLDKEYIWGEAGQKMESEHRKCMDPLCDRDIDGYETRRIA,-3.0961806319025778,12.780999632107848,a
SFRGHAECHPDWKKDCSEYEICFEGDEPRTIDKTYRQYRKSDYRENPKRRIWTIDGKLKYHLDCELIYGEAGKKMERVYKRCMQYDCDCRIRGEETRYIA,-2.1767774025889883,17.328603848244605,b
SRQGHAEDEKKWYERKDDPCECFDYDMPPYKPKTYIDERRDCWQINCKKHYWTIAGHDRRHLKEEYCWCDHCQKMESKRYICMQPLCDYYICGEETRVCA,-3.7381054966468055,74.74354371567863,a
CFQDRAEDAPCYAHCHDHHGRCFDEEKPDTIYRTYIQHRKDAYQINKHKEKRYYREDLRRHLDYDDKHEEKGQHYRSVNYIKEEDLKDCHIRKERCREDR,-0.15566854584864842,28.208927216541113,b
EKQGHAEHADDYERRMDRDHICFEEKMPRDICHREIQHRKSAWCINEKKECWTYCRKHYRYDKRRHKYGEAGQKRDSVCYYRHYRLRHCRRCDEEERHKA,5.951555898357457,75.2221761352499,a
SEEGHAEDAKDWAECMSEPGIEEEGDMCPTIPATYEQHRCKAWQIYPKKRIWDIAGYLRRHLDDEKKWGEEYQKYESVNYICMQPLCECIINGEETRVEA,10.960077936931503,6.608164297230634,b
SFQGHYHRAPDWDERMSEPEICEEERMKETIPDTYRQHRKSAWQINPKKRIWTIAGHRRRHLDDEKIWGEAGQKMESVNDICMQPRRECIINGEETRVIA,-0.010931413949611613,35.260272468919226,b
SFQGHYDDARDRYERMSEYGHCFEGDMPCTIPRDYHQHRKSKWQINPKCRIEEDAYELRRELDDELDWGCAGQKEKSKNYHHRQECCDCICNYEETRDIA,5.307941100661301,81.4035031980489,b
SFQGHAEDAPDDAERMSEPGICCEGDMPPTIPATYIQHRCKAWQIDPKKRIWTIAGHLRRHLDDELIWGCAGHKMESVNYICMQPLCDCIINGEETRVIA,4.4956305263472744,73.71979966160116,b
SEEGHAEDCCHCHEEMSEEGICFEGRMCPTIPKTYIQEERRAHQYNYKYRCWHICDKLHYYKDHERIWGRAGCKMDDVNYECMDPLCDDKRNHEEHRVIC,-8.723438787887154,44.125811503301094,a
SFQGHADDAEDWEERMCCERIEFKGDEHPDEPATCDRHKKSCWQINREYRIWCICGELEEELCDECIWGEADQKEHRVNYICMQPLDDRIKEGYETRYEA,14.498201395889906,34.62123685572178,b
SFQGHEEDADREAYRMSEEGHCYEGCMKYTRPATYIQHRYSHWQCCPYKRIWTYRGHLRRHLDCEYIDGEAYQKMESENYIYMQPHCCCIIKYEDCHVDA,3.8242558486596305,49.45888210959585,b
SFQGHAEDAPDWAERYSEPGICFEGDMPPTIPACYIQHRKSAWQINPKKRIWTEAGHLRRHLDDELIWGEAGQKMESVNYICMQPLCDCIINGEETRVIA,-6.642334614095415,35.47985885310801,a
DKQGHAECHPDCAERYSEKRICFDGHMCHTIPHTYIRHRKDKRRINPKKRIRTIKHHLYRHLDCELIEHCDGYYMERVNYRCMQHLCDEHKNGEDTREHA,3.0196789549585983,36.529147806055285,a
CHKGKHYDDPDRARRMSEPGICREHDMRKTICATYIQYRKSAWYIYKKHRIWTDAGHLRRYECDELIWRKRKQYMESVYYIEMDCDCKCIIHGEETRVIA,4.955144657388601,8.34848487991151,a
SFQYHAEDAPDWAERMSDEGICRDDDMPPTIPATYIDHRKSAKQKNPDKRRWTIAGHLRRHLDDYLIWDHCGQCMESVNYICMQPLCKEIINGEETRVIA,3.182650660715104,82.6982791498222,b
SFQGHAEDAPDWDERMSEPGICFEGDMPPTIPATEIQHRKSAWQINPKKRIWTIAGHLYRHLCDKLIWGEDGQKMKSVNYECKQPLCDCIIEGEETRVIA,4.046473728243248,44.27953604151361,b
SFEGDAEDEPDKYERMSERRDCRERYMKPTIEATEIEDEEHHHQINPKKRIWKEAGRDRRCLRKEECHYYRRHKMKDVNYKCMEPKKDHHYHDEETRCEH,-2.4986148553463154,3.4416239757958267,a
SFQCHYEDAPDKCERMSEPGICFEGDMPRTIPAYYIQRRHSAWQINPKKRIWTIAGHCCRHLDDELIYGEAGQKMESVNYICMQPLCRCCINGEETRVIA,0.249371938656074,97.85460199735336,b
SFYGHACDAPDWYHDCCEPGIHFCGDCHPTIPAHYIQHRERHWQYNPKDEDWTIAGHDRRHHRDELIWGCAGQKRCSYRYICRQPHCDCIENECEYHVIA,-6.017035765752504,23.202325271049283,a
SFQGKAEDADDWAERMSKPGICFCGDMPPRIPATYIQYRKEAWQINPKKRIWTIRGHLRRHCDDEDIRGEAGQKMESVNYICMQPLCDCCIHGEETDVIA,-5.0604667162299055,94.6044684074744,a
YFQGHAECAPDWHCRMSEPGKCFHRDEPECIPARYIQHRKSAWQINPCKRIWEIYGYLRDHLDRELKWGRAGQKMEYKNYHCMQPHCDCIINHEETRVHA,-2.343488884915875,49.47830610739994,b
CFHDYAHHEPRDCERRHYPGIRFCRDEPPYHPCCYCKDKKHRDECNHKRRHWKYAGRLRRDCDEELCKGDHEQDMYSHEKICMHPYDDHHHCGEETKKYC,-0.943721678062313,68.18457871823998,b
SFQGHAEDAPDWAERMSEPGICFEGDMPPTIPATYIQHRKSAWQINPKKRIWTIAGHLRRHLDDELIWGEAGQKMESVNYICMQPLCDCIINGEETRVIA,4.602537171057796,13.16335421487157,b
DFQGHAEDCYKWAKRMSEPKIYFHGHMPPTIPDTYIRHRKKAWQKNRKKRIWCKAGHLRRHLDDELIWHEAGQKMESHNYIEMQELHYCIINHYETKEIA,3.879973555718854,45.47298283996148,a
KFRGHACDDCEKRYRKYYCKIHFRGDYYRKCYDTYCQHKKSAWQIEPEKDIWERDCHKRYHEEKELYWEEAGQKEDSVNYKCCQEYCDCIRRGRCTRVYD,1.7858839421986108,48.44734790303944,a
SFQCHARDRPDWKKHCKEPGKEFCGDMCPTIPHHYRCHRCHARHIRPKHRIWTIADHLRRCLCDDRIDHEEGEDMECVNYIEYYKHCDCIINGCETRYIH,-1.3258691079098355,85.37244637687176,a
SFDGKEECCRDKAEKHHDPGIRFEGDRYPKYPCDYDQHRKCCWQINPEKRRREIAGDRRCELDDELIWGEAGDKMESVNYIRCQPLCDDIIDGEKCRVKA,3.7195431058475794,28.955552496670023,b
SDQGDKECAKDWYERRDECGIHFEGEMPPRIPADHIKEEKEHWQCNPHKRKCTHARHLDRHLDYHYIWGEDDQKMDSKNHICMQPLCYKDHNHEHTYRIA,3.97538224994469,11.725047396174148,b
SFKGHKEDAPDWACRMSEPGICFEGDMPCTIPATYIQKRKSAHRINPKKREWTIAGHERRHLDDEKRWGEAGQKMESVNYKCMDPLCDCICNCEEERVID,0.16291442089255792,98.51641511297574,b
SFQCHAEDKDDWCERMKEPGIRFEGHMRPTIPATYHQHRCSAWQICPKKRIHTIKGDLRRHKDDHLCHKEAGQKMESVNYICMQPLDDCIHNGEETKKIA,0.854564831628879,28.46854430132446,a
SDDGYHREAHKHAERDCHPEHCHEDDMPRKRYRYYCQHRKSAHQIYRKYEIDTHYHHYDRKLDEECIDGERCQKYHSCKYICMHPHCDHDEEEEHTHCDA,5.32019411440277,79.92482508437858,b
SFQGHREYDHDWDYRMSRPGHCFEGDMKPTKPATYYEHYYYEYRCNPKKRIWTYDKHYKRHLDDELYRGEHGECMKDVHYIRDCPLCDCRICGRECKVRE,-1.2537695353595493,75.31182727909338,a
SHKGHAECAPDWDEHMSRPHDCCEEDMPKTKYAHYKQDRKSAYQINPKKRHYTKYYHLRRYHDKCLIWGKADEKMRSVYYICYQPECDEYINDEERRCEE,-2.0177320438448945,67.01169253357105,a
SEQKHKEDAPDWCEEMSEPRRCDEGRMPPHIHCKEECYEESYWYIYEKKKIWKIACKLHRHEDCCLRRGEYGRKMHSVEKHCMDPHCDYCENCEYYEEHA,-8.583603810430546,87.28287397068526,a
SDQHHCEYACDKRERMSEPDKDFRGRMPDTIPATYIRECKYAWYRNHDKKHETIHGHLRDHDKEECIEGKCGQKDESVDYICMQHLCDCCIKREETKVIH,3.3890119470263804,15.938599954947929,b
SFQHHACDRPHYYERMSYPGECFEKKDKHDIRCTYIRHRESAWQYNPKCRIDHIAKHRRRELDKELHRRDAGEYHESENYHCEKHLKDCYHNGEKYHHKA,-4.652869621441075,33.45933204617664,b
RKRCHAEYAPDWAERCSEKKICFHRDMPYTIHATYIEHRKHARQIKPKKRDHTIKRRDHRRLHDELIWGEAGQKREEVNYIHMQPDCDCEECGCKTRHIR,6.778174150670191,37.26201157369087,a
YFQGEYCEARKCRERESEPGDCCEKDYPCCDYAHCIQKCHYAYQHDCKYCIWTIAGHLRHRCDKEKIWEEECEYMHEEYYKKHCYDCHHICCKYETHRCD,4.470283902248575,84.11160555738756,b
SFQGHAEEAPDWAERMSEPGICFEGDMPPTIPATYIQHRKSAWQIYYKKRIKTIADKLRRHLDDELIWGEAGQKMESVNYIRMHPLCDCIINGEETKVIH,-2.949901113050857,12.482097779060663,a
DEQGEKRDRDKYAEEMSYPEECFDDHMYECIPRRYDYYYCSKCRRNEHKRYWTCAGELHRELDHELKCDRARECDESDNYIYMCKHCDHRINGHETDCIA,8.844887850387183,6.323277460911292,b
SYKDHCEDYCCDAERMDCPGHCFCDHMPPTIDDTYRYHHCKCWHIYPCDRIWHEAGDLRKELYEKLIWGKDGKKMKHVNYICMQPLCCKKDNHDEKRVIH,1.2969086987271234,26.151480345482582,b
HEDGYAERKHCWCCRMSEPGCYHEGCRPPTIPCTKIHHRKSRWYKRCDKRCHTCAGELRRHYRDYLIDGEKGYKHYKVNDIDMRPLHYDIINYEDTYVDA,2.332129229277048,47.49273148489562,a
SFHGHEEDAHCWDRRDCEPDICCECDHPRTIYARYIHYCKSAWQINHDCKYKEIDYDRRREKHRHYRKGEAEQCDEEVKDRCDQPLCHCYINKEEERVRA,-5.335318693061215,24.71389311162576,a
EFQECRCDAYHYAKRDEEPCDCCEHHMPKDIECTYICDRKKAWQIHPDEYIHTIDGDLRDHLDDERIYHEAGRCMESDKYICCQPLRDKIYDGHEEEVCA,-15.758332325729619,91.01347930524032,a
SFQHDYERHPHWAERYSDEYECFECDERYHERETYIDCYHEAKRIREDKCCWTIADHKHRHEDHECIWRERKHKDESEDCRCRYPHCCCIENGEETCVIA,9.801474790348834,45.15133774905933,b
SFCHHYCRAPDKAYYMSKPCDYFRGKMYHTIKAEYIDHEKDCYKINPRKRCYTRKGHRKEDEHKELKWGDRGQKYEKVNYIDDQPLDKCIIDECYDRVRA,4.8482390806174145,13.5685103150333,a
SCHKEKEDCPHWAYRMKEEGIHKEKDMYPEIPATYIQHRKRAWQHNREERIECIAGELRHHKDDHLICGEDGQYMHSVNYIDEQYECDCHINKYETYVIH,5.459413398724916,42.39252916040817,b
SEHHHARKAPEKKERHSEDGDEFEGDRKDHKPAEYDEHRYSCWQHDPCERIWCIECDLRRHRCDELRRHEDGYYHEHVNHDHMQELYDKHINKHHTHVIH,5.826891459183551,35.82584163345728,b
SFQGHAEDAPDWAERMSEPGICFEGDMPPTIPATCIQCRKDAWQINPKKRIWTIAGHYRRHLDDELIWGEAGQHMESVNYICMQPLCDCIINGEETRKIA,-6.139361693553045,6.9484989348342125,a
SFQKRAEHAPDHAERCREYGIHKCGRRYPCCPATYIQERKKRCQRNCHKRRWDHCDKLRCHRCDECIYGERRRKMEEYHYYRERPLEDCIINGEETEKIY,6.733144209971842,11.203293105317258,a
YFQGHAERKPDWAERMSDPGIDFEGDMPPTICACYIQHRKDAWKINPKHRIWTIAGHLRRHLDDERICGCAGQKMESVNYICMRPLCDCIINGEETRVIA,-1.8390345099635739,43.328308367086535,a
RFQGHAEDCPDWDERMSEPGECKYGDDPPDIKETEDQHRKSRWCHKCKHHIHTIAGHERKHLDDRLIWGHDGHKMHDCNYRHMQPLCDCIINRERTRVCA,-4.093602269727309,87.45476434305633,a
SFQHHCEDRYCWAERHSEPGYYFEHDKPRTIPATYIHHRRSADRINPYDRIWTYADHLDDHLDCEDRDKCAGYKRKSKRYICMQPLCDCDCRGEETRCIH,1.0996623534576613,30.729764411226345,b
SCQGHYEHAEDYAERMEHPRRCFERRKCPKIPATYIQHREKHKRIKEKHEIWCCADEKRRHDDCDLEWGRHCYKRESVHYIECQPLCKCIICGEETYVIK,-2.548938146552005,19.57418168841962,b
KFQGRAEYAPDWAERMSRCRDYFRKDMPPYIPDTCIQYRHDCYDKNCKRRICTYACHYRYDLDCDCIYDRCGKKMKEVCEYEYQCERHDDDRCEERYEDY,3.280381118521127,11.49816406866082,b
CCYYHREDDECERKHMHECGDDFERDCPPTDPATYIDRRKCYKYENPKKRICHYCRHCERHHDHELCKGEAGYHDESVNYEHCQCLREDICNREYTRVCH,5.659415705963278,9.426358520884726,b
CFKGHAEERPDWCEYESEDDICFKGDHYPHICACYIEHRHYKWQINPKKRDWTIARKDRRHHKHRLEKGEYGQKMESCNYDCMQRLCDHIENGEETHVKA,-3.2635575436935986,86.06079246428287,a
SFQGHAEDAPEWAERMSEPGICFEGDMPPTIPATYIQHRKSAWQINPKKRIWTIARHLRDHLDDELIWGEAGQKMESVNYICMQPLCDCIINGEETRVIA,5.684255425746691,9.006914225591112,b
SRQGHCEDAPHWAEHYSECGICFEGDMPDYIYDTYIQCHKKAWQICPKKRIKEIADELRRELKDELIWYCCGRKMESDNCICMQPLCDKIDNDREDRDIC,6.171168125754937,58.312211756042586,b
SFHGKARDAPDCAKKRCEPGICFECDMDPYDPRTYIDHRESHWCICEEHRCKTRAGYLRRHLDCELIWGDAEQEREDDNCRCMQPKCDCDINGYHKRVDA,-6.560639763253083,67.67975972268238,a
SHQERRCDAHDWRERMHCPGRCFEECEKDHIPDTYDCKRYSDWYIRCKKEECCIAKRHCDHKDECDIKGDARDKMCKHCKCCMDPCYDYIYNGCEDRVIA,-3.475817964710796,4.773229745935669,a
SFDHHYCDAPEHAERHSCPGICDEGDEPPDIPACCIQHHKSAWQICRHKRKWEIHHHLHRHYDDCLIKREAEQKHCYEEYIRMQPRCDCICEHRKTREIA,1.5572501350848922,89.57325267597352,b
KDRCKKKEYPYRACHMHYPGICRERDEPPCIPDDHHQEDKSAWCIYEKCRHCHDAYKCECHLDCCKIKKEHDYKCESVCYIEDRRLCYCIECGEEHDEDA,-7.971027858450976,89.53139494589392,a
SFQRHRRDYPDECYCDSYEYIEFKRDYPECDEADYIQRRCSADEDNPKKCDWYHYGHLRYHEDRELCRGKACQKKEKDNYYCMQHLKDCKCKRHETCDKD,-4.73100136755467,79.3406638781554,a
SFQGHREDAPDWAERMSEPGICFDGDKPPTIPATHIQHRKSKWQINPKDRIWTIAGHLRRHLDDELIKGEAGQKMCSENYICMQPLCHERINHRETRCIA,-1.2325980131989602,43.50341822099239,b
SFYGHAEDAPRWAERMYEPGICFEGDMPPTIEAYYIQHRKSAWQINPKERKWHIAGHLRRHCDDELIWGEAGQKMESVNYICMQPLDDCIINGERTEVIA,-7.527175520376087,88.0308244769432,a
