sequence,test,pred
VTLIELMIVIAIVGILAAVALPAYQDYTARAQVSEAILLAEGQKSAVTEYYLNHGEWPGDNSSAGVATSADIKGKYVQSVTVANGVITAQMASSNVNNEIKSKKLSLWAKRQNGSVKWFCGQPVTRTTATATDVAAANGKTDDKINTKHLPSTCRDDSSAS,1.2990000000000002,-0.5271385185959484
FALIELMIVIAIVGILAAVALPAYQDYTARAQVSEAILLAEGQKSAVTEYYLNHGEWPGDNSSAGVATSADIKGKYVQSVTVANGVITAQMASSNVNNEIKSKKLSLWAKRQNGSVKWFCGQPVTRTTATATDVAAANGKTDDKINTKHLPSTCRDDSSAS,0.7859999999999999,0.7858545646092446
FSLIELMIVIAIVGILAAVALPAYQDYTARAQVSEAILLAEGQKSAVTEYYLNHGEWPGDNSSAGVATSADIKGKYVQSVTVANGVITAQMASSNVNNEIKSKKLSLWAKRQNGSVKWFCGQPVTRTTATATDVAAANGKTDDKINTKHLPSTCRDDSSAS,0.217,0.21685498379076318
FTIIELMIVIAIVGILAAVALPAYQDYTARAQVSEAILLAEGQKSAVTEYYLNHGEWPGDNSSAGVATSADIKGKYVQSVTVANGVITAQMASSNVNNEIKSKKLSLWAKRQNGSVKWFCGQPVTRTTATATDVAAANGKTDDKINTKHLPSTCRDDSSAS,1.394,1.3939973031779378
FTLFELMIVIAIVGILAAVALPAYQDYTARAQVSEAILLAEGQKSAVTEYYLNHGEWPGDNSSAGVATSADIKGKYVQSVTVANGVITAQMASSNVNNEIKSKKLSLWAKRQNGSVKWFCGQPVTRTTATATDVAAANGKTDDKINTKHLPSTCRDDSSAS,-1.145,-1.145473022925432
FTLNELMIVIAIVGILAAVALPAYQDYTARAQVSEAILLAEGQKSAVTEYYLNHGEWPGDNSSAGVATSADIKGKYVQSVTVANGVITAQMASSNVNNEIKSKKLSLWAKRQNGSVKWFCGQPVTRTTATATDVAAANGKTDDKINTKHLPSTCRDDSSAS,3.554,3.553523515327727
FTLLELMIVIAIVGILAAVALPAYQDYTARAQVSEAILLAEGQKSAVTEYYLNHGEWPGDNSSAGVATSADIKGKYVQSVTVANGVITAQMASSNVNNEIKSKKLSLWAKRQNGSVKWFCGQPVTRTTATATDVAAANGKTDDKINTKHLPSTCRDDSSAS,2.1180000000000003,2.117524573226953
FTLIVLMIVIAIVGILAAVALPAYQDYTARAQVSEAILLAEGQKSAVTEYYLNHGEWPGDNSSAGVATSADIKGKYVQSVTVANGVITAQMASSNVNNEIKSKKLSLWAKRQNGSVKWFCGQPVTRTTATATDVAAANGKTDDKINTKHLPSTCRDDSSAS,-1.269,-1.269190402855757
FTLIDLMIVIAIVGILAAVALPAYQDYTARAQVSEAILLAEGQKSAVTEYYLNHGEWPGDNSSAGVATSADIKGKYVQSVTVANGVITAQMASSNVNNEIKSKKLSLWAKRQNGSVKWFCGQPVTRTTATATDVAAANGKTDDKINTKHLPSTCRDDSSAS,0.486,0.48580830423815435
FTLIERMIVIAIVGILAAVALPAYQDYTARAQVSEAILLAEGQKSAVTEYYLNHGEWPGDNSSAGVATSADIKGKYVQSVTVANGVITAQMASSNVNNEIKSKKLSLWAKRQNGSVKWFCGQPVTRTTATATDVAAANGKTDDKINTKHLPSTCRDDSSAS,-3.455,-3.455469309169247
FTLIELVIVIAIVGILAAVALPAYQDYTARAQVSEAILLAEGQKSAVTEYYLNHGEWPGDNSSAGVATSADIKGKYVQSVTVANGVITAQMASSNVNNEIKSKKLSLWAKRQNGSVKWFCGQPVTRTTATATDVAAANGKTDDKINTKHLPSTCRDDSSAS,0.008,0.16094405396696385
FTLIELMNVIAIVGILAAVALPAYQDYTARAQVSEAILLAEGQKSAVTEYYLNHGEWPGDNSSAGVATSADIKGKYVQSVTVANGVITAQMASSNVNNEIKSKKLSLWAKRQNGSVKWFCGQPVTRTTATATDVAAANGKTDDKINTKHLPSTCRDDSSAS,-0.531,-0.42296079953542076
FTLIELMFVIAIVGILAAVALPAYQDYTARAQVSEAILLAEGQKSAVTEYYLNHGEWPGDNSSAGVATSADIKGKYVQSVTVANGVITAQMASSNVNNEIKSKKLSLWAKRQNGSVKWFCGQPVTRTTATATDVAAANGKTDDKINTKHLPSTCRDDSSAS,-0.337,-0.33739379279528303
FTLIELMILIAIVGILAAVALPAYQDYTARAQVSEAILLAEGQKSAVTEYYLNHGEWPGDNSSAGVATSADIKGKYVQSVTVANGVITAQMASSNVNNEIKSKKLSLWAKRQNGSVKWFCGQPVTRTTATATDVAAANGKTDDKINTKHLPSTCRDDSSAS,1.369,-0.20792492536415658
FTLIELMIVLAIVGILAAVALPAYQDYTARAQVSEAILLAEGQKSAVTEYYLNHGEWPGDNSSAGVATSADIKGKYVQSVTVANGVITAQMASSNVNNEIKSKKLSLWAKRQNGSVKWFCGQPVTRTTATATDVAAANGKTDDKINTKHLPSTCRDDSSAS,0.795,0.7950867871148017
FTLIELMIVITIVGILAAVALPAYQDYTARAQVSEAILLAEGQKSAVTEYYLNHGEWPGDNSSAGVATSADIKGKYVQSVTVANGVITAQMASSNVNNEIKSKKLSLWAKRQNGSVKWFCGQPVTRTTATATDVAAANGKTDDKINTKHLPSTCRDDSSAS,0.12,0.11985114179363988
FTLIELMIVIATVGILAAVALPAYQDYTARAQVSEAILLAEGQKSAVTEYYLNHGEWPGDNSSAGVATSADIKGKYVQSVTVANGVITAQMASSNVNNEIKSKKLSLWAKRQNGSVKWFCGQPVTRTTATATDVAAANGKTDDKINTKHLPSTCRDDSSAS,0.459,-0.09940410058819446
FTLIELMIVIAVVGILAAVALPAYQDYTARAQVSEAILLAEGQKSAVTEYYLNHGEWPGDNSSAGVATSADIKGKYVQSVTVANGVITAQMASSNVNNEIKSKKLSLWAKRQNGSVKWFCGQPVTRTTATATDVAAANGKTDDKINTKHLPSTCRDDSSAS,0.113,0.11290090388345903
FTLIELMIVIALVGILAAVALPAYQDYTARAQVSEAILLAEGQKSAVTEYYLNHGEWPGDNSSAGVATSADIKGKYVQSVTVANGVITAQMASSNVNNEIKSKKLSLWAKRQNGSVKWFCGQPVTRTTATATDVAAANGKTDDKINTKHLPSTCRDDSSAS,-1.6469999999999998,-1.6470977995269607
FTLIELMIVIAIIGILAAVALPAYQDYTARAQVSEAILLAEGQKSAVTEYYLNHGEWPGDNSSAGVATSADIKGKYVQSVTVANGVITAQMASSNVNNEIKSKKLSLWAKRQNGSVKWFCGQPVTRTTATATDVAAANGKTDDKINTKHLPSTCRDDSSAS,0.198,0.19761895336615293
FTLIELMIVIAIVAILAAVALPAYQDYTARAQVSEAILLAEGQKSAVTEYYLNHGEWPGDNSSAGVATSADIKGKYVQSVTVANGVITAQMASSNVNNEIKSKKLSLWAKRQNGSVKWFCGQPVTRTTATATDVAAANGKTDDKINTKHLPSTCRDDSSAS,-0.436,-0.43563066863296457
FTLIELMIVIAIVDILAAVALPAYQDYTARAQVSEAILLAEGQKSAVTEYYLNHGEWPGDNSSAGVATSADIKGKYVQSVTVANGVITAQMASSNVNNEIKSKKLSLWAKRQNGSVKWFCGQPVTRTTATATDVAAANGKTDDKINTKHLPSTCRDDSSAS,0.5579999999999999,0.5583685990886021
FTLIELMIVIAIVRILAAVALPAYQDYTARAQVSEAILLAEGQKSAVTEYYLNHGEWPGDNSSAGVATSADIKGKYVQSVTVANGVITAQMASSNVNNEIKSKKLSLWAKRQNGSVKWFCGQPVTRTTATATDVAAANGKTDDKINTKHLPSTCRDDSSAS,3.1060000000000003,3.106366721980507
FTLIELMIVIAIVGILTAVALPAYQDYTARAQVSEAILLAEGQKSAVTEYYLNHGEWPGDNSSAGVATSADIKGKYVQSVTVANGVITAQMASSNVNNEIKSKKLSLWAKRQNGSVKWFCGQPVTRTTATATDVAAANGKTDDKINTKHLPSTCRDDSSAS,-1.716,-1.716042302698382
FTLIELMIVIAIVGILGAVALPAYQDYTARAQVSEAILLAEGQKSAVTEYYLNHGEWPGDNSSAGVATSADIKGKYVQSVTVANGVITAQMASSNVNNEIKSKKLSLWAKRQNGSVKWFCGQPVTRTTATATDVAAANGKTDDKINTKHLPSTCRDDSSAS,0.8059999999999999,0.09969171783814774
FTLIELMIVIAIVGILAPVALPAYQDYTARAQVSEAILLAEGQKSAVTEYYLNHGEWPGDNSSAGVATSADIKGKYVQSVTVANGVITAQMASSNVNNEIKSKKLSLWAKRQNGSVKWFCGQPVTRTTATATDVAAANGKTDDKINTKHLPSTCRDDSSAS,1.289,0.3180347425330093
FTLIELMIVIAIVGILASVALPAYQDYTARAQVSEAILLAEGQKSAVTEYYLNHGEWPGDNSSAGVATSADIKGKYVQSVTVANGVITAQMASSNVNNEIKSKKLSLWAKRQNGSVKWFCGQPVTRTTATATDVAAANGKTDDKINTKHLPSTCRDDSSAS,0.855,0.8548555266717619
FTLIELMIVIAIVGILAAIALPAYQDYTARAQVSEAILLAEGQKSAVTEYYLNHGEWPGDNSSAGVATSADIKGKYVQSVTVANGVITAQMASSNVNNEIKSKKLSLWAKRQNGSVKWFCGQPVTRTTATATDVAAANGKTDDKINTKHLPSTCRDDSSAS,-0.393,0.1517220127697608
FTLIELMIVIAIVGILAAVDLPAYQDYTARAQVSEAILLAEGQKSAVTEYYLNHGEWPGDNSSAGVATSADIKGKYVQSVTVANGVITAQMASSNVNNEIKSKKLSLWAKRQNGSVKWFCGQPVTRTTATATDVAAANGKTDDKINTKHLPSTCRDDSSAS,0.519,0.28680881426670635
FTLIELMIVIAIVGILAAVAIPAYQDYTARAQVSEAILLAEGQKSAVTEYYLNHGEWPGDNSSAGVATSADIKGKYVQSVTVANGVITAQMASSNVNNEIKSKKLSLWAKRQNGSVKWFCGQPVTRTTATATDVAAANGKTDDKINTKHLPSTCRDDSSAS,-0.303,-0.3032898587658365
FTLIELMIVIAIVGILAAVALLAYQDYTARAQVSEAILLAEGQKSAVTEYYLNHGEWPGDNSSAGVATSADIKGKYVQSVTVANGVITAQMASSNVNNEIKSKKLSLWAKRQNGSVKWFCGQPVTRTTATATDVAAANGKTDDKINTKHLPSTCRDDSSAS,0.636,0.6366426507664763
FTLIELMIVIAIVGILAAVALPGYQDYTARAQVSEAILLAEGQKSAVTEYYLNHGEWPGDNSSAGVATSADIKGKYVQSVTVANGVITAQMASSNVNNEIKSKKLSLWAKRQNGSVKWFCGQPVTRTTATATDVAAANGKTDDKINTKHLPSTCRDDSSAS,-1.486,-1.4864007625953621
FTLIELMIVIAIVGILAAVALPSYQDYTARAQVSEAILLAEGQKSAVTEYYLNHGEWPGDNSSAGVATSADIKGKYVQSVTVANGVITAQMASSNVNNEIKSKKLSLWAKRQNGSVKWFCGQPVTRTTATATDVAAANGKTDDKINTKHLPSTCRDDSSAS,0.826,0.8255975341574182
FTLIELMIVIAIVGILAAVALPAHQDYTARAQVSEAILLAEGQKSAVTEYYLNHGEWPGDNSSAGVATSADIKGKYVQSVTVANGVITAQMASSNVNNEIKSKKLSLWAKRQNGSVKWFCGQPVTRTTATATDVAAANGKTDDKINTKHLPSTCRDDSSAS,0.054,0.054550035763452784
FTLIELMIVIAIVGILAAVALPADQDYTARAQVSEAILLAEGQKSAVTEYYLNHGEWPGDNSSAGVATSADIKGKYVQSVTVANGVITAQMASSNVNNEIKSKKLSLWAKRQNGSVKWFCGQPVTRTTATATDVAAANGKTDDKINTKHLPSTCRDDSSAS,1.55,1.5505489336623126
FTLIELMIVIAIVGILAAVALPAYQDFTARAQVSEAILLAEGQKSAVTEYYLNHGEWPGDNSSAGVATSADIKGKYVQSVTVANGVITAQMASSNVNNEIKSKKLSLWAKRQNGSVKWFCGQPVTRTTATATDVAAANGKTDDKINTKHLPSTCRDDSSAS,1.063,1.0627338544510716
FTLIELMIVIAIVGILAAVALPAYQDDTARAQVSEAILLAEGQKSAVTEYYLNHGEWPGDNSSAGVATSADIKGKYVQSVTVANGVITAQMASSNVNNEIKSKKLSLWAKRQNGSVKWFCGQPVTRTTATATDVAAANGKTDDKINTKHLPSTCRDDSSAS,-0.155,-0.1552652482500049
FTLIELMIVIAIVGILAAVALPAYQDYKARAQVSEAILLAEGQKSAVTEYYLNHGEWPGDNSSAGVATSADIKGKYVQSVTVANGVITAQMASSNVNNEIKSKKLSLWAKRQNGSVKWFCGQPVTRTTATATDVAAANGKTDDKINTKHLPSTCRDDSSAS,-0.7490000000000001,-0.748695930443009
FTLIELMIVIAIVGILAAVALPAYQDYTSRAQVSEAILLAEGQKSAVTEYYLNHGEWPGDNSSAGVATSADIKGKYVQSVTVANGVITAQMASSNVNNEIKSKKLSLWAKRQNGSVKWFCGQPVTRTTATATDVAAANGKTDDKINTKHLPSTCRDDSSAS,-0.131,0.15698532040347132
FTLIELMIVIAIVGILAAVALPAYQDYTVRAQVSEAILLAEGQKSAVTEYYLNHGEWPGDNSSAGVATSADIKGKYVQSVTVANGVITAQMASSNVNNEIKSKKLSLWAKRQNGSVKWFCGQPVTRTTATATDVAAANGKTDDKINTKHLPSTCRDDSSAS,-0.539,-0.5384588702128306
FTLIELMIVIAIVGILAAVALPAYQDYTGRAQVSEAILLAEGQKSAVTEYYLNHGEWPGDNSSAGVATSADIKGKYVQSVTVANGVITAQMASSNVNNEIKSKKLSLWAKRQNGSVKWFCGQPVTRTTATATDVAAANGKTDDKINTKHLPSTCRDDSSAS,-0.596,0.15698532040347132
FTLIELMIVIAIVGILAAVALPAYQDYTACAQVSEAILLAEGQKSAVTEYYLNHGEWPGDNSSAGVATSADIKGKYVQSVTVANGVITAQMASSNVNNEIKSKKLSLWAKRQNGSVKWFCGQPVTRTTATATDVAAANGKTDDKINTKHLPSTCRDDSSAS,0.192,0.19166237656003476
FTLIELMIVIAIVGILAAVALPAYQDYTARAQVYEAILLAEGQKSAVTEYYLNHGEWPGDNSSAGVATSADIKGKYVQSVTVANGVITAQMASSNVNNEIKSKKLSLWAKRQNGSVKWFCGQPVTRTTATATDVAAANGKTDDKINTKHLPSTCRDDSSAS,0.787,0.8126207619749817
FTLIELMIVIAIVGILAAVALPAYQDYTARAQVFEAILLAEGQKSAVTEYYLNHGEWPGDNSSAGVATSADIKGKYVQSVTVANGVITAQMASSNVNNEIKSKKLSLWAKRQNGSVKWFCGQPVTRTTATATDVAAANGKTDDKINTKHLPSTCRDDSSAS,0.613,0.6159213188312732
FTLIELMIVIAIVGILAAVALPAYQDYTARAQVSVAILLAEGQKSAVTEYYLNHGEWPGDNSSAGVATSADIKGKYVQSVTVANGVITAQMASSNVNNEIKSKKLSLWAKRQNGSVKWFCGQPVTRTTATATDVAAANGKTDDKINTKHLPSTCRDDSSAS,1.195,-0.14735737180926192
FTLIELMIVIAIVGILAAVALPAYQDYTARAQVSEDILLAEGQKSAVTEYYLNHGEWPGDNSSAGVATSADIKGKYVQSVTVANGVITAQMASSNVNNEIKSKKLSLWAKRQNGSVKWFCGQPVTRTTATATDVAAANGKTDDKINTKHLPSTCRDDSSAS,1.381,-0.430226201600344
FTLIELMIVIAIVGILAAVALPAYQDYTARAQVSEVILLAEGQKSAVTEYYLNHGEWPGDNSSAGVATSADIKGKYVQSVTVANGVITAQMASSNVNNEIKSKKLSLWAKRQNGSVKWFCGQPVTRTTATATDVAAANGKTDDKINTKHLPSTCRDDSSAS,-0.7859999999999999,-0.7857996168502843
FTLIELMIVIAIVGILAAVALPAYQDYTARAQVSEAIPLAEGQKSAVTEYYLNHGEWPGDNSSAGVATSADIKGKYVQSVTVANGVITAQMASSNVNNEIKSKKLSLWAKRQNGSVKWFCGQPVTRTTATATDVAAANGKTDDKINTKHLPSTCRDDSSAS,0.669,0.6685294791422692
FTLIELMIVIAIVGILAAVALPAYQDYTARAQVSEAILWAEGQKSAVTEYYLNHGEWPGDNSSAGVATSADIKGKYVQSVTVANGVITAQMASSNVNNEIKSKKLSLWAKRQNGSVKWFCGQPVTRTTATATDVAAANGKTDDKINTKHLPSTCRDDSSAS,-3.651,-3.65136781310812
FTLIELMIVIAIVGILAAVALPAYQDYTARAQVSEAILLAEGKKSAVTEYYLNHGEWPGDNSSAGVATSADIKGKYVQSVTVANGVITAQMASSNVNNEIKSKKLSLWAKRQNGSVKWFCGQPVTRTTATATDVAAANGKTDDKINTKHLPSTCRDDSSAS,0.1,0.2536433991049658
FTLIELMIVIAIVGILAAVALPAYQDYTARAQVSEAILLAEGQTSAVTEYYLNHGEWPGDNSSAGVATSADIKGKYVQSVTVANGVITAQMASSNVNNEIKSKKLSLWAKRQNGSVKWFCGQPVTRTTATATDVAAANGKTDDKINTKHLPSTCRDDSSAS,-1.1,-1.0994604758658069
FTLIELMIVIAIVGILAAVALPAYQDYTARAQVSEAILLAEGQKTAVTEYYLNHGEWPGDNSSAGVATSADIKGKYVQSVTVANGVITAQMASSNVNNEIKSKKLSLWAKRQNGSVKWFCGQPVTRTTATATDVAAANGKTDDKINTKHLPSTCRDDSSAS,-0.957,-0.957544410132537
FTLIELMIVIAIVGILAAVALPAYQDYTARAQVSEAILLAEGQKSPVTEYYLNHGEWPGDNSSAGVATSADIKGKYVQSVTVANGVITAQMASSNVNNEIKSKKLSLWAKRQNGSVKWFCGQPVTRTTATATDVAAANGKTDDKINTKHLPSTCRDDSSAS,0.136,0.13564256837199237
FTLIELMIVIAIVGILAAVALPAYQDYTARAQVSEAILLAEGQKSTVTEYYLNHGEWPGDNSSAGVATSADIKGKYVQSVTVANGVITAQMASSNVNNEIKSKKLSLWAKRQNGSVKWFCGQPVTRTTATATDVAAANGKTDDKINTKHLPSTCRDDSSAS,0.351,0.35064240998178875
FTLIELMIVIAIVGILAAVALPAYQDYTARAQVSEAILLAEGQKSGVTEYYLNHGEWPGDNSSAGVATSADIKGKYVQSVTVANGVITAQMASSNVNNEIKSKKLSLWAKRQNGSVKWFCGQPVTRTTATATDVAAANGKTDDKINTKHLPSTCRDDSSAS,1.258,1.2576417417961396
FTLIELMIVIAIVGILAAVALPAYQDYTARAQVSEAILLAEGQKSAVTVYYLNHGEWPGDNSSAGVATSADIKGKYVQSVTVANGVITAQMASSNVNNEIKSKKLSLWAKRQNGSVKWFCGQPVTRTTATATDVAAANGKTDDKINTKHLPSTCRDDSSAS,-0.14,-0.1400439241421103
FTLIELMIVIAIVGILAAVALPAYQDYTARAQVSEAILLAEGQKSAVTAYYLNHGEWPGDNSSAGVATSADIKGKYVQSVTVANGVITAQMASSNVNNEIKSKKLSLWAKRQNGSVKWFCGQPVTRTTATATDVAAANGKTDDKINTKHLPSTCRDDSSAS,0.794,0.7939553877813773
FTLIELMIVIAIVGILAAVALPAYQDYTARAQVSEAILLAEGQKSAVTEYHLNHGEWPGDNSSAGVATSADIKGKYVQSVTVANGVITAQMASSNVNNEIKSKKLSLWAKRQNGSVKWFCGQPVTRTTATATDVAAANGKTDDKINTKHLPSTCRDDSSAS,-0.341,0.4387720883437003
FTLIELMIVIAIVGILAAVALPAYQDYTARAQVSEAILLAEGQKSAVTEYYPNHGEWPGDNSSAGVATSADIKGKYVQSVTVANGVITAQMASSNVNNEIKSKKLSLWAKRQNGSVKWFCGQPVTRTTATATDVAAANGKTDDKINTKHLPSTCRDDSSAS,-2.311,-0.561431036691373
FTLIELMIVIAIVGILAAVALPAYQDYTARAQVSEAILLAEGQKSAVTEYYLDHGEWPGDNSSAGVATSADIKGKYVQSVTVANGVITAQMASSNVNNEIKSKKLSLWAKRQNGSVKWFCGQPVTRTTATATDVAAANGKTDDKINTKHLPSTCRDDSSAS,0.809,0.809906607921576
FTLIELMIVIAIVGILAAVALPAYQDYTARAQVSEAILLAEGQKSAVTEYYLYHGEWPGDNSSAGVATSADIKGKYVQSVTVANGVITAQMASSNVNNEIKSKKLSLWAKRQNGSVKWFCGQPVTRTTATATDVAAANGKTDDKINTKHLPSTCRDDSSAS,-0.583,-0.5820923665939436
FTLIELMIVIAIVGILAAVALPAYQDYTARAQVSEAILLAEGQKSAVTEYYLNHSEWPGDNSSAGVATSADIKGKYVQSVTVANGVITAQMASSNVNNEIKSKKLSLWAKRQNGSVKWFCGQPVTRTTATATDVAAANGKTDDKINTKHLPSTCRDDSSAS,-0.15,-0.15070866840804079
FTLIELMIVIAIVGILAAVALPAYQDYTARAQVSEAILLAEGQKSAVTEYYLNHDEWPGDNSSAGVATSADIKGKYVQSVTVANGVITAQMASSNVNNEIKSKKLSLWAKRQNGSVKWFCGQPVTRTTATATDVAAANGKTDDKINTKHLPSTCRDDSSAS,0.557,0.5562908107460336
FTLIELMIVIAIVGILAAVALPAYQDYTARAQVSEAILLAEGQKSAVTEYYLNHGQWPGDNSSAGVATSADIKGKYVQSVTVANGVITAQMASSNVNNEIKSKKLSLWAKRQNGSVKWFCGQPVTRTTATATDVAAANGKTDDKINTKHLPSTCRDDSSAS,-0.073,0.022733788520190028
FTLIELMIVIAIVGILAAVALPAYQDYTARAQVSEAILLAEGQKSAVTEYYLNHGECPGDNSSAGVATSADIKGKYVQSVTVANGVITAQMASSNVNNEIKSKKLSLWAKRQNGSVKWFCGQPVTRTTATATDVAAANGKTDDKINTKHLPSTCRDDSSAS,0.124,0.12378299865629473
FTLIELMIVIAIVGILAAVALPAYQDYTARAQVSEAILLAEGQKSAVTEYYLNHGEWRGDNSSAGVATSADIKGKYVQSVTVANGVITAQMASSNVNNEIKSKKLSLWAKRQNGSVKWFCGQPVTRTTATATDVAAANGKTDDKINTKHLPSTCRDDSSAS,0.953,0.6416943968557994
FTLIELMIVIAIVGILAAVALPAYQDYTARAQVSEAILLAEGQKSAVTEYYLNHGEWSGDNSSAGVATSADIKGKYVQSVTVANGVITAQMASSNVNNEIKSKKLSLWAKRQNGSVKWFCGQPVTRTTATATDVAAANGKTDDKINTKHLPSTCRDDSSAS,1.097,0.6416943968557994
FTLIELMIVIAIVGILAAVALPAYQDYTARAQVSEAILLAEGQKSAVTEYYLNHGEWPRDNSSAGVATSADIKGKYVQSVTVANGVITAQMASSNVNNEIKSKKLSLWAKRQNGSVKWFCGQPVTRTTATATDVAAANGKTDDKINTKHLPSTCRDDSSAS,-2.89,-0.31393937176505093
FTLIELMIVIAIVGILAAVALPAYQDYTARAQVSEAILLAEGQKSAVTEYYLNHGEWPGVNSSAGVATSADIKGKYVQSVTVANGVITAQMASSNVNNEIKSKKLSLWAKRQNGSVKWFCGQPVTRTTATATDVAAANGKTDDKINTKHLPSTCRDDSSAS,-1.215,-1.2148266950047935
FTLIELMIVIAIVGILAAVALPAYQDYTARAQVSEAILLAEGQKSAVTEYYLNHGEWPGHNSSAGVATSADIKGKYVQSVTVANGVITAQMASSNVNNEIKSKKLSLWAKRQNGSVKWFCGQPVTRTTATATDVAAANGKTDDKINTKHLPSTCRDDSSAS,1.202,-0.3705778546336564
FTLIELMIVIAIVGILAAVALPAYQDYTARAQVSEAILLAEGQKSAVTEYYLNHGEWPGANSSAGVATSADIKGKYVQSVTVANGVITAQMASSNVNNEIKSKKLSLWAKRQNGSVKWFCGQPVTRTTATATDVAAANGKTDDKINTKHLPSTCRDDSSAS,0.168,-0.3705778546336564
FTLIELMIVIAIVGILAAVALPAYQDYTARAQVSEAILLAEGQKSAVTEYYLNHGEWPGDHSSAGVATSADIKGKYVQSVTVANGVITAQMASSNVNNEIKSKKLSLWAKRQNGSVKWFCGQPVTRTTATATDVAAANGKTDDKINTKHLPSTCRDDSSAS,-0.928,-0.9279310964718852
FTLIELMIVIAIVGILAAVALPAYQDYTARAQVSEAILLAEGQKSAVTEYYLNHGEWPGDISSAGVATSADIKGKYVQSVTVANGVITAQMASSNVNNEIKSKKLSLWAKRQNGSVKWFCGQPVTRTTATATDVAAANGKTDDKINTKHLPSTCRDDSSAS,-0.6509999999999999,-0.1437136375149843
FTLIELMIVIAIVGILAAVALPAYQDYTARAQVSEAILLAEGQKSAVTEYYLNHGEWPGDNISAGVATSADIKGKYVQSVTVANGVITAQMASSNVNNEIKSKKLSLWAKRQNGSVKWFCGQPVTRTTATATDVAAANGKTDDKINTKHLPSTCRDDSSAS,1.959,1.9588219784406187
FTLIELMIVIAIVGILAAVALPAYQDYTARAQVSEAILLAEGQKSAVTEYYLNHGEWPGDNSFAGVATSADIKGKYVQSVTVANGVITAQMASSNVNNEIKSKKLSLWAKRQNGSVKWFCGQPVTRTTATATDVAAANGKTDDKINTKHLPSTCRDDSSAS,0.98,0.9804980914656805
FTLIELMIVIAIVGILAAVALPAYQDYTARAQVSEAILLAEGQKSAVTEYYLNHGEWPGDNSSGGVATSADIKGKYVQSVTVANGVITAQMASSNVNNEIKSKKLSLWAKRQNGSVKWFCGQPVTRTTATATDVAAANGKTDDKINTKHLPSTCRDDSSAS,2.511,2.5097932913791543
FTLIELMIVIAIVGILAAVALPAYQDYTARAQVSEAILLAEGQKSAVTEYYLNHGEWPGDNSSTGVATSADIKGKYVQSVTVANGVITAQMASSNVNNEIKSKKLSLWAKRQNGSVKWFCGQPVTRTTATATDVAAANGKTDDKINTKHLPSTCRDDSSAS,0.07,0.06879508966048582
FTLIELMIVIAIVGILAAVALPAYQDYTARAQVSEAILLAEGQKSAVTEYYLNHGEWPGDNSSVGVATSADIKGKYVQSVTVANGVITAQMASSNVNNEIKSKKLSLWAKRQNGSVKWFCGQPVTRTTATATDVAAANGKTDDKINTKHLPSTCRDDSSAS,0.916,0.914794466413454
FTLIELMIVIAIVGILAAVALPAYQDYTARAQVSEAILLAEGQKSAVTEYYLNHGEWPGDNSSAAVATSADIKGKYVQSVTVANGVITAQMASSNVNNEIKSKKLSLWAKRQNGSVKWFCGQPVTRTTATATDVAAANGKTDDKINTKHLPSTCRDDSSAS,-3.942,0.05046930042530202
FTLIELMIVIAIVGILAAVALPAYQDYTARAQVSEAILLAEGQKSAVTEYYLNHGEWPGDNSSASVATSADIKGKYVQSVTVANGVITAQMASSNVNNEIKSKKLSLWAKRQNGSVKWFCGQPVTRTTATATDVAAANGKTDDKINTKHLPSTCRDDSSAS,0.503,0.5029786685359866
FTLIELMIVIAIVGILAAVALPAYQDYTARAQVSEAILLAEGQKSAVTEYYLNHGEWPGDNSSACVATSADIKGKYVQSVTVANGVITAQMASSNVNNEIKSKKLSLWAKRQNGSVKWFCGQPVTRTTATATDVAAANGKTDDKINTKHLPSTCRDDSSAS,0.6459999999999999,0.6459785631880837
FTLIELMIVIAIVGILAAVALPAYQDYTARAQVSEAILLAEGQKSAVTEYYLNHGEWPGDNSSAGVPTSADIKGKYVQSVTVANGVITAQMASSNVNNEIKSKKLSLWAKRQNGSVKWFCGQPVTRTTATATDVAAANGKTDDKINTKHLPSTCRDDSSAS,-1.278,-1.2781377453951313
FTLIELMIVIAIVGILAAVALPAYQDYTARAQVSEAILLAEGQKSAVTEYYLNHGEWPGDNSSAGVTTSADIKGKYVQSVTVANGVITAQMASSNVNNEIKSKKLSLWAKRQNGSVKWFCGQPVTRTTATATDVAAANGKTDDKINTKHLPSTCRDDSSAS,1.265,1.264860381180279
FTLIELMIVIAIVGILAAVALPAYQDYTARAQVSEAILLAEGQKSAVTEYYLNHGEWPGDNSSAGVAASADIKGKYVQSVTVANGVITAQMASSNVNNEIKSKKLSLWAKRQNGSVKWFCGQPVTRTTATATDVAAANGKTDDKINTKHLPSTCRDDSSAS,-0.455,-0.4548709935315626
FTLIELMIVIAIVGILAAVALPAYQDYTARAQVSEAILLAEGQKSAVTEYYLNHGEWPGDNSSAGVAISADIKGKYVQSVTVANGVITAQMASSNVNNEIKSKKLSLWAKRQNGSVKWFCGQPVTRTTATATDVAAANGKTDDKINTKHLPSTCRDDSSAS,0.16,0.16012855339878668
FTLIELMIVIAIVGILAAVALPAYQDYTARAQVSEAILLAEGQKSAVTEYYLNHGEWPGDNSSAGVANSADIKGKYVQSVTVANGVITAQMASSNVNNEIKSKKLSLWAKRQNGSVKWFCGQPVTRTTATATDVAAANGKTDDKINTKHLPSTCRDDSSAS,-2.152,-2.151869743354008
FTLIELMIVIAIVGILAAVALPAYQDYTARAQVSEAILLAEGQKSAVTEYYLNHGEWPGDNSSAGVAPSADIKGKYVQSVTVANGVITAQMASSNVNNEIKSKKLSLWAKRQNGSVKWFCGQPVTRTTATATDVAAANGKTDDKINTKHLPSTCRDDSSAS,-0.394,-0.3938710384701787
FTLIELMIVIAIVGILAAVALPAYQDYTARAQVSEAILLAEGQKSAVTEYYLNHGEWPGDNSSAGVATPADIKGKYVQSVTVANGVITAQMASSNVNNEIKSKKLSLWAKRQNGSVKWFCGQPVTRTTATATDVAAANGKTDDKINTKHLPSTCRDDSSAS,0.333,0.3330184808316745
FTLIELMIVIAIVGILAAVALPAYQDYTARAQVSEAILLAEGQKSAVTEYYLNHGEWPGDNSSAGVATSAVIKGKYVQSVTVANGVITAQMASSNVNNEIKSKKLSLWAKRQNGSVKWFCGQPVTRTTATATDVAAANGKTDDKINTKHLPSTCRDDSSAS,-1.408,-0.057424435930052226
FTLIELMIVIAIVGILAAVALPAYQDYTARAQVSEAILLAEGQKSAVTEYYLNHGEWPGDNSSAGVATSAYIKGKYVQSVTVANGVITAQMASSNVNNEIKSKKLSLWAKRQNGSVKWFCGQPVTRTTATATDVAAANGKTDDKINTKHLPSTCRDDSSAS,-0.916,-0.9160600598024217
FTLIELMIVIAIVGILAAVALPAYQDYTARAQVSEAILLAEGQKSAVTEYYLNHGEWPGDNSSAGVATSADTKGKYVQSVTVANGVITAQMASSNVNNEIKSKKLSLWAKRQNGSVKWFCGQPVTRTTATATDVAAANGKTDDKINTKHLPSTCRDDSSAS,-2.11,0.0437021098678496
FTLIELMIVIAIVGILAAVALPAYQDYTARAQVSEAILLAEGQKSAVTEYYLNHGEWPGDNSSAGVATSADIQGKYVQSVTVANGVITAQMASSNVNNEIKSKKLSLWAKRQNGSVKWFCGQPVTRTTATATDVAAANGKTDDKINTKHLPSTCRDDSSAS,0.945,0.944857394076988
FTLIELMIVIAIVGILAAVALPAYQDYTARAQVSEAILLAEGQKSAVTEYYLNHGEWPGDNSSAGVATSADIRGKYVQSVTVANGVITAQMASSNVNNEIKSKKLSLWAKRQNGSVKWFCGQPVTRTTATATDVAAANGKTDDKINTKHLPSTCRDDSSAS,2.293,2.292856401007248
FTLIELMIVIAIVGILAAVALPAYQDYTARAQVSEAILLAEGQKSAVTEYYLNHGEWPGDNSSAGVATSADIKVKYVQSVTVANGVITAQMASSNVNNEIKSKKLSLWAKRQNGSVKWFCGQPVTRTTATATDVAAANGKTDDKINTKHLPSTCRDDSSAS,-0.312,-0.31227543429249904
FTLIELMIVIAIVGILAAVALPAYQDYTARAQVSEAILLAEGQKSAVTEYYLNHGEWPGDNSSAGVATSADIKGKFVQSVTVANGVITAQMASSNVNNEIKSKKLSLWAKRQNGSVKWFCGQPVTRTTATATDVAAANGKTDDKINTKHLPSTCRDDSSAS,0.161,0.5513864715087773
FTLIELMIVIAIVGILAAVALPAYQDYTARAQVSEAILLAEGQKSAVTEYYLNHGEWPGDNSSAGVATSADIKGKDVQSVTVANGVITAQMASSNVNNEIKSKKLSLWAKRQNGSVKWFCGQPVTRTTATATDVAAANGKTDDKINTKHLPSTCRDDSSAS,3.455,3.456233197517639
FTLIELMIVIAIVGILAAVALPAYQDYTARAQVSEAILLAEGQKSAVTEYYLNHGEWPGDNSSAGVATSADIKGKYGQSVTVANGVITAQMASSNVNNEIKSKKLSLWAKRQNGSVKWFCGQPVTRTTATATDVAAANGKTDDKINTKHLPSTCRDDSSAS,1.484,1.4836038050623828
FTLIELMIVIAIVGILAAVALPAYQDYTARAQVSEAILLAEGQKSAVTEYYLNHGEWPGDNSSAGVATSADIKGKYVQSLTVANGVITAQMASSNVNNEIKSKKLSLWAKRQNGSVKWFCGQPVTRTTATATDVAAANGKTDDKINTKHLPSTCRDDSSAS,0.3720000000000001,0.3718704773893477
FTLIELMIVIAIVGILAAVALPAYQDYTARAQVSEAILLAEGQKSAVTEYYLNHGEWPGDNSSAGVATSADIKGKYVQSGTVANGVITAQMASSNVNNEIKSKKLSLWAKRQNGSVKWFCGQPVTRTTATATDVAAANGKTDDKINTKHLPSTCRDDSSAS,1.754,1.7538694592718582
FTLIELMIVIAIVGILAAVALPAYQDYTARAQVSEAILLAEGQKSAVTEYYLNHGEWPGDNSSAGVATSADIKGKYVQSATVANGVITAQMASSNVNNEIKSKKLSLWAKRQNGSVKWFCGQPVTRTTATATDVAAANGKTDDKINTKHLPSTCRDDSSAS,-0.231,-0.2311290783813851
FTLIELMIVIAIVGILAAVALPAYQDYTARAQVSEAILLAEGQKSAVTEYYLNHGEWPGDNSSAGVATSADIKGKYVQSVTVGNGVITAQMASSNVNNEIKSKKLSLWAKRQNGSVKWFCGQPVTRTTATATDVAAANGKTDDKINTKHLPSTCRDDSSAS,1.124,1.1234451588988321
FTLIELMIVIAIVGILAAVALPAYQDYTARAQVSEAILLAEGQKSAVTEYYLNHGEWPGDNSSAGVATSADIKGKYVQSVTVAKGVITAQMASSNVNNEIKSKKLSLWAKRQNGSVKWFCGQPVTRTTATATDVAAANGKTDDKINTKHLPSTCRDDSSAS,-1.439,-1.4387198581396727
FTLIELMIVIAIVGILAAVALPAYQDYTARAQVSEAILLAEGQKSAVTEYYLNHGEWPGDNSSAGVATSADIKGKYVQSVTVAHGVITAQMASSNVNNEIKSKKLSLWAKRQNGSVKWFCGQPVTRTTATATDVAAANGKTDDKINTKHLPSTCRDDSSAS,-2.114,-2.113719360868107
FTLIELMIVIAIVGILAAVALPAYQDYTARAQVSEAILLAEGQKSAVTEYYLNHGEWPGDNSSAGVATSADIKGKYVQSVTVANGLITAQMASSNVNNEIKSKKLSLWAKRQNGSVKWFCGQPVTRTTATATDVAAANGKTDDKINTKHLPSTCRDDSSAS,2.3480000000000003,2.3470832903751355
FTLIELMIVIAIVGILAAVALPAYQDYTARAQVSEAILLAEGQKSAVTEYYLNHGEWPGDNSSAGVATSADIKGKYVQSVTVANGVVTAQMASSNVNNEIKSKKLSLWAKRQNGSVKWFCGQPVTRTTATATDVAAANGKTDDKINTKHLPSTCRDDSSAS,-0.669,-0.6682401599085546
FTLIELMIVIAIVGILAAVALPAYQDYTARAQVSEAILLAEGQKSAVTEYYLNHGEWPGDNSSAGVATSADIKGKYVQSVTVANGVSTAQMASSNVNNEIKSKKLSLWAKRQNGSVKWFCGQPVTRTTATATDVAAANGKTDDKINTKHLPSTCRDDSSAS,0.298,-0.4061622314687689
FTLIELMIVIAIVGILAAVALPAYQDYTARAQVSEAILLAEGQKSAVTEYYLNHGEWPGDNSSAGVATSADIKGKYVQSVTVANGVTTAQMASSNVNNEIKSKKLSLWAKRQNGSVKWFCGQPVTRTTATATDVAAANGKTDDKINTKHLPSTCRDDSSAS,-2.809,-2.808238583373513
FTLIELMIVIAIVGILAAVALPAYQDYTARAQVSEAILLAEGQKSAVTEYYLNHGEWPGDNSSAGVATSADIKGKYVQSVTVANGVITAPMASSNVNNEIKSKKLSLWAKRQNGSVKWFCGQPVTRTTATATDVAAANGKTDDKINTKHLPSTCRDDSSAS,1.995,1.9952581903439277
FTLIELMIVIAIVGILAAVALPAYQDYTARAQVSEAILLAEGQKSAVTEYYLNHGEWPGDNSSAGVATSADIKGKYVQSVTVANGVITAQMATSNVNNEIKSKKLSLWAKRQNGSVKWFCGQPVTRTTATATDVAAANGKTDDKINTKHLPSTCRDDSSAS,2.131,2.1326223465475156
FTLIELMIVIAIVGILAAVALPAYQDYTARAQVSEAILLAEGQKSAVTEYYLNHGEWPGDNSSAGVATSADIKGKYVQSVTVANGVITAQMASGNVNNEIKSKKLSLWAKRQNGSVKWFCGQPVTRTTATATDVAAANGKTDDKINTKHLPSTCRDDSSAS,-0.03,-0.029883093039806033
FTLIELMIVIAIVGILAAVALPAYQDYTARAQVSEAILLAEGQKSAVTEYYLNHGEWPGDNSSAGVATSADIKGKYVQSVTVANGVITAQMASTNVNNEIKSKKLSLWAKRQNGSVKWFCGQPVTRTTATATDVAAANGKTDDKINTKHLPSTCRDDSSAS,-0.211,-0.21088295969735643
FTLIELMIVIAIVGILAAVALPAYQDYTARAQVSEAILLAEGQKSAVTEYYLNHGEWPGDNSSAGVATSADIKGKYVQSVTVANGVITAQMASSNINNEIKSKKLSLWAKRQNGSVKWFCGQPVTRTTATATDVAAANGKTDDKINTKHLPSTCRDDSSAS,0.089,0.08884752741840089
FTLIELMIVIAIVGILAAVALPAYQDYTARAQVSEAILLAEGQKSAVTEYYLNHGEWPGDNSSAGVATSADIKGKYVQSVTVANGVITAQMASSNVDNEIKSKKLSLWAKRQNGSVKWFCGQPVTRTTATATDVAAANGKTDDKINTKHLPSTCRDDSSAS,-0.166,-0.16631244894049432
FTLIELMIVIAIVGILAAVALPAYQDYTARAQVSEAILLAEGQKSAVTEYYLNHGEWPGDNSSAGVATSADIKGKYVQSVTVANGVITAQMASSNVNSEIKSKKLSLWAKRQNGSVKWFCGQPVTRTTATATDVAAANGKTDDKINTKHLPSTCRDDSSAS,-0.045,-0.04496738245479074
FTLIELMIVIAIVGILAAVALPAYQDYTARAQVSEAILLAEGQKSAVTEYYLNHGEWPGDNSSAGVATSADIKGKYVQSVTVANGVITAQMASSNVNNVIKSKKLSLWAKRQNGSVKWFCGQPVTRTTATATDVAAANGKTDDKINTKHLPSTCRDDSSAS,-0.5660000000000001,-1.6185816720929198
FTLIELMIVIAIVGILAAVALPAYQDYTARAQVSEAILLAEGQKSAVTEYYLNHGEWPGDNSSAGVATSADIKGKYVQSVTVANGVITAQMASSNVNNEVKSKKLSLWAKRQNGSVKWFCGQPVTRTTATATDVAAANGKTDDKINTKHLPSTCRDDSSAS,-0.074,-0.07413886258362475
FTLIELMIVIAIVGILAAVALPAYQDYTARAQVSEAILLAEGQKSAVTEYYLNHGEWPGDNSSAGVATSADIKGKYVQSVTVANGVITAQMASSNVNNEIKRKKLSLWAKRQNGSVKWFCGQPVTRTTATATDVAAANGKTDDKINTKHLPSTCRDDSSAS,-0.348,-0.2182002859491384
FTLIELMIVIAIVGILAAVALPAYQDYTARAQVSEAILLAEGQKSAVTEYYLNHGEWPGDNSSAGVATSADIKGKYVQSVTVANGVITAQMASSNVNNEIKSRKLSLWAKRQNGSVKWFCGQPVTRTTATATDVAAANGKTDDKINTKHLPSTCRDDSSAS,0.772,0.7719095014414681
FTLIELMIVIAIVGILAAVALPAYQDYTARAQVSEAILLAEGQKSAVTEYYLNHGEWPGDNSSAGVATSADIKGKYVQSVTVANGVITAQMASSNVNNEIKSKNLSLWAKRQNGSVKWFCGQPVTRTTATATDVAAANGKTDDKINTKHLPSTCRDDSSAS,0.889,0.8889990558144983
FTLIELMIVIAIVGILAAVALPAYQDYTARAQVSEAILLAEGQKSAVTEYYLNHGEWPGDNSSAGVATSADIKGKYVQSVTVANGVITAQMASSNVNNEIKSKQLSLWAKRQNGSVKWFCGQPVTRTTATATDVAAANGKTDDKINTKHLPSTCRDDSSAS,-1.921,0.008865840500265374
FTLIELMIVIAIVGILAAVALPAYQDYTARAQVSEAILLAEGQKSAVTEYYLNHGEWPGDNSSAGVATSADIKGKYVQSVTVANGVITAQMASSNVNNEIKSKRLSLWAKRQNGSVKWFCGQPVTRTTATATDVAAANGKTDDKINTKHLPSTCRDDSSAS,-0.067,-0.06700023990162611
FTLIELMIVIAIVGILAAVALPAYQDYTARAQVSEAILLAEGQKSAVTEYYLNHGEWPGDNSSAGVATSADIKGKYVQSVTVANGVITAQMASSNVNNEIKSKKPSLWAKRQNGSVKWFCGQPVTRTTATATDVAAANGKTDDKINTKHLPSTCRDDSSAS,-0.061,-0.06080019699742924
FTLIELMIVIAIVGILAAVALPAYQDYTARAQVSEAILLAEGQKSAVTEYYLNHGEWPGDNSSAGVATSADIKGKYVQSVTVANGVITAQMASSNVNNEIKSKKVSLWAKRQNGSVKWFCGQPVTRTTATATDVAAANGKTDDKINTKHLPSTCRDDSSAS,-3.312,-3.3117978019902345
FTLIELMIVIAIVGILAAVALPAYQDYTARAQVSEAILLAEGQKSAVTEYYLNHGEWPGDNSSAGVATSADIKGKYVQSVTVANGVITAQMASSNVNNEIKSKKLSQWAKRQNGSVKWFCGQPVTRTTATATDVAAANGKTDDKINTKHLPSTCRDDSSAS,-0.237,-0.23807259419499685
FTLIELMIVIAIVGILAAVALPAYQDYTARAQVSEAILLAEGQKSAVTEYYLNHGEWPGDNSSAGVATSADIKGKYVQSVTVANGVITAQMASSNVNNEIKSKKLSLCAKRQNGSVKWFCGQPVTRTTATATDVAAANGKTDDKINTKHLPSTCRDDSSAS,-1.911,-1.0535329564302234
FTLIELMIVIAIVGILAAVALPAYQDYTARAQVSEAILLAEGQKSAVTEYYLNHGEWPGDNSSAGVATSADIKGKYVQSVTVANGVITAQMASSNVNNEIKSKKLSLRAKRQNGSVKWFCGQPVTRTTATATDVAAANGKTDDKINTKHLPSTCRDDSSAS,-1.932,-1.9329675913735889
FTLIELMIVIAIVGILAAVALPAYQDYTARAQVSEAILLAEGQKSAVTEYYLNHGEWPGDNSSAGVATSADIKGKYVQSVTVANGVITAQMASSNVNNEIKSKKLSLWTKRQNGSVKWFCGQPVTRTTATATDVAAANGKTDDKINTKHLPSTCRDDSSAS,1.2,1.1996802258860917
FTLIELMIVIAIVGILAAVALPAYQDYTARAQVSEAILLAEGQKSAVTEYYLNHGEWPGDNSSAGVATSADIKGKYVQSVTVANGVITAQMASSNVNNEIKSKKLSLWAMRQNGSVKWFCGQPVTRTTATATDVAAANGKTDDKINTKHLPSTCRDDSSAS,-0.948,-0.21519140455237143
FTLIELMIVIAIVGILAAVALPAYQDYTARAQVSEAILLAEGQKSAVTEYYLNHGEWPGDNSSAGVATSADIKGKYVQSVTVANGVITAQMASSNVNNEIKSKKLSLWAERQNGSVKWFCGQPVTRTTATATDVAAANGKTDDKINTKHLPSTCRDDSSAS,0.419,0.4191007381922843
FTLIELMIVIAIVGILAAVALPAYQDYTARAQVSEAILLAEGQKSAVTEYYLNHGEWPGDNSSAGVATSADIKGKYVQSVTVANGVITAQMASSNVNNEIKSKKLSLWAKHQNGSVKWFCGQPVTRTTATATDVAAANGKTDDKINTKHLPSTCRDDSSAS,-0.311,0.26901444894892046
FTLIELMIVIAIVGILAAVALPAYQDYTARAQVSEAILLAEGQKSAVTEYYLNHGEWPGDNSSAGVATSADIKGKYVQSVTVANGVITAQMASSNVNNEIKSKKLSLWAKRENGSVKWFCGQPVTRTTATATDVAAANGKTDDKINTKHLPSTCRDDSSAS,1.829,0.7376847463293376
FTLIELMIVIAIVGILAAVALPAYQDYTARAQVSEAILLAEGQKSAVTEYYLNHGEWPGDNSSAGVATSADIKGKYVQSVTVANGVITAQMASSNVNNEIKSKKLSLWAKRQIGSVKWFCGQPVTRTTATATDVAAANGKTDDKINTKHLPSTCRDDSSAS,-0.215,-0.21477634045565688
FTLIELMIVIAIVGILAAVALPAYQDYTARAQVSEAILLAEGQKSAVTEYYLNHGEWPGDNSSAGVATSADIKGKYVQSVTVANGVITAQMASSNVNNEIKSKKLSLWAKRQDGSVKWFCGQPVTRTTATATDVAAANGKTDDKINTKHLPSTCRDDSSAS,0.946,0.9462228042372518
FTLIELMIVIAIVGILAAVALPAYQDYTARAQVSEAILLAEGQKSAVTEYYLNHGEWPGDNSSAGVATSADIKGKYVQSVTVANGVITAQMASSNVNNEIKSKKLSLWAKRQNRSVKWFCGQPVTRTTATATDVAAANGKTDDKINTKHLPSTCRDDSSAS,0.5670000000000001,0.5671805097221052
FTLIELMIVIAIVGILAAVALPAYQDYTARAQVSEAILLAEGQKSAVTEYYLNHGEWPGDNSSAGVATSADIKGKYVQSVTVANGVITAQMASSNVNNEIKSKKLSLWAKRQNASVKWFCGQPVTRTTATATDVAAANGKTDDKINTKHLPSTCRDDSSAS,0.414,0.414180622436992
FTLIELMIVIAIVGILAAVALPAYQDYTARAQVSEAILLAEGQKSAVTEYYLNHGEWPGDNSSAGVATSADIKGKYVQSVTVANGVITAQMASSNVNNEIKSKKLSLWAKRQNGAVKWFCGQPVTRTTATATDVAAANGKTDDKINTKHLPSTCRDDSSAS,0.048,-0.3710823852484848
FTLIELMIVIAIVGILAAVALPAYQDYTARAQVSEAILLAEGQKSAVTEYYLNHGEWPGDNSSAGVATSADIKGKYVQSVTVANGVITAQMASSNVNNEIKSKKLSLWAKRQNGSVQWFCGQPVTRTTATATDVAAANGKTDDKINTKHLPSTCRDDSSAS,0.235,0.2348111172085594
FTLIELMIVIAIVGILAAVALPAYQDYTARAQVSEAILLAEGQKSAVTEYYLNHGEWPGDNSSAGVATSADIKGKYVQSVTVANGVITAQMASSNVNNEIKSKKLSLWAKRQNGSVRWFCGQPVTRTTATATDVAAANGKTDDKINTKHLPSTCRDDSSAS,-0.027,-0.1977743595632371
FTLIELMIVIAIVGILAAVALPAYQDYTARAQVSEAILLAEGQKSAVTEYYLNHGEWPGDNSSAGVATSADIKGKYVQSVTVANGVITAQMASSNVNNEIKSKKLSLWAKRQNGSVKWVCGQPVTRTTATATDVAAANGKTDDKINTKHLPSTCRDDSSAS,1.084,-0.8549127520029016
FTLIELMIVIAIVGILAAVALPAYQDYTARAQVSEAILLAEGQKSAVTEYYLNHGEWPGDNSSAGVATSADIKGKYVQSVTVANGVITAQMASSNVNNEIKSKKLSLWAKRQNGSVKWSCGQPVTRTTATATDVAAANGKTDDKINTKHLPSTCRDDSSAS,-1.158,-1.1587870540314185
FTLIELMIVIAIVGILAAVALPAYQDYTARAQVSEAILLAEGQKSAVTEYYLNHGEWPGDNSSAGVATSADIKGKYVQSVTVANGVITAQMASSNVNNEIKSKKLSLWAKRQNGSVKWFCEQPVTRTTATATDVAAANGKTDDKINTKHLPSTCRDDSSAS,0.8079999999999999,0.8081445728417856
FTLIELMIVIAIVGILAAVALPAYQDYTARAQVSEAILLAEGQKSAVTEYYLNHGEWPGDNSSAGVATSADIKGKYVQSVTVANGVITAQMASSNVNNEIKSKKLSLWAKRQNGSVKWFCGKPVTRTTATATDVAAANGKTDDKINTKHLPSTCRDDSSAS,1.176,1.1757252713414177
FTLIELMIVIAIVGILAAVALPAYQDYTARAQVSEAILLAEGQKSAVTEYYLNHGEWPGDNSSAGVATSADIKGKYVQSVTVANGVITAQMASSNVNNEIKSKKLSLWAKRQNGSVKWFCGHPVTRTTATATDVAAANGKTDDKINTKHLPSTCRDDSSAS,2.445,2.444724336470877
FTLIELMIVIAIVGILAAVALPAYQDYTARAQVSEAILLAEGQKSAVTEYYLNHGEWPGDNSSAGVATSADIKGKYVQSVTVANGVITAQMASSNVNNEIKSKKLSLWAKRQNGSVKWFCGQAVTRTTATATDVAAANGKTDDKINTKHLPSTCRDDSSAS,-3.185,-0.7307736708543215
FTLIELMIVIAIVGILAAVALPAYQDYTARAQVSEAILLAEGQKSAVTEYYLNHGEWPGDNSSAGVATSADIKGKYVQSVTVANGVITAQMASSNVNNEIKSKKLSLWAKRQNGSVKWFCGQPVRRTTATATDVAAANGKTDDKINTKHLPSTCRDDSSAS,2.388,2.3881291680270884
FTLIELMIVIAIVGILAAVALPAYQDYTARAQVSEAILLAEGQKSAVTEYYLNHGEWPGDNSSAGVATSADIKGKYVQSVTVANGVITAQMASSNVNNEIKSKKLSLWAKRQNGSVKWFCGQPVTGTTATATDVAAANGKTDDKINTKHLPSTCRDDSSAS,-0.389,-0.3887255419101359
FTLIELMIVIAIVGILAAVALPAYQDYTARAQVSEAILLAEGQKSAVTEYYLNHGEWPGDNSSAGVATSADIKGKYVQSVTVANGVITAQMASSNVNNEIKSKKLSLWAKRQNGSVKWFCGQPVTRATATATDVAAANGKTDDKINTKHLPSTCRDDSSAS,2.593,2.592628140562677
FTLIELMIVIAIVGILAAVALPAYQDYTARAQVSEAILLAEGQKSAVTEYYLNHGEWPGDNSSAGVATSADIKGKYVQSVTVANGVITAQMASSNVNNEIKSKKLSLWAKRQNGSVKWFCGQPVTRTPATATDVAAANGKTDDKINTKHLPSTCRDDSSAS,1.494,1.4944202421926231
FTLIELMIVIAIVGILAAVALPAYQDYTARAQVSEAILLAEGQKSAVTEYYLNHGEWPGDNSSAGVATSADIKGKYVQSVTVANGVITAQMASSNVNNEIKSKKLSLWAKRQNGSVKWFCGQPVTRTAATATDVAAANGKTDDKINTKHLPSTCRDDSSAS,0.358,0.35842107908224735
FTLIELMIVIAIVGILAAVALPAYQDYTARAQVSEAILLAEGQKSAVTEYYLNHGEWPGDNSSAGVATSADIKGKYVQSVTVANGVITAQMASSNVNNEIKSKKLSLWAKRQNGSVKWFCGQPVTRTTAIATDVAAANGKTDDKINTKHLPSTCRDDSSAS,0.01,-0.44510044421306655
FTLIELMIVIAIVGILAAVALPAYQDYTARAQVSEAILLAEGQKSAVTEYYLNHGEWPGDNSSAGVATSADIKGKYVQSVTVANGVITAQMASSNVNNEIKSKKLSLWAKRQNGSVKWFCGQPVTRTTATTTDVAAANGKTDDKINTKHLPSTCRDDSSAS,0.935,0.9352902153299748
FTLIELMIVIAIVGILAAVALPAYQDYTARAQVSEAILLAEGQKSAVTEYYLNHGEWPGDNSSAGVATSADIKGKYVQSVTVANGVITAQMASSNVNNEIKSKKLSLWAKRQNGSVKWFCGQPVTRTTATAIDVAAANGKTDDKINTKHLPSTCRDDSSAS,-0.6990000000000001,-0.6984874170587181
FTLIELMIVIAIVGILAAVALPAYQDYTARAQVSEAILLAEGQKSAVTEYYLNHGEWPGDNSSAGVATSADIKGKYVQSVTVANGVITAQMASSNVNNEIKSKKLSLWAKRQNGSVKWFCGQPVTRTTATATAVAAANGKTDDKINTKHLPSTCRDDSSAS,-0.429,-0.4294113676896986
FTLIELMIVIAIVGILAAVALPAYQDYTARAQVSEAILLAEGQKSAVTEYYLNHGEWPGDNSSAGVATSADIKGKYVQSVTVANGVITAQMASSNVNNEIKSKKLSLWAKRQNGSVKWFCGQPVTRTTATATDAAAANGKTDDKINTKHLPSTCRDDSSAS,-0.353,-0.35286766166528044
FTLIELMIVIAIVGILAAVALPAYQDYTARAQVSEAILLAEGQKSAVTEYYLNHGEWPGDNSSAGVATSADIKGKYVQSVTVANGVITAQMASSNVNNEIKSKKLSLWAKRQNGSVKWFCGQPVTRTTATATDVAPANGKTDDKINTKHLPSTCRDDSSAS,2.557,2.557174478274087
FTLIELMIVIAIVGILAAVALPAYQDYTARAQVSEAILLAEGQKSAVTEYYLNHGEWPGDNSSAGVATSADIKGKYVQSVTVANGVITAQMASSNVNNEIKSKKLSLWAKRQNGSVKWFCGQPVTRTTATATDVATANGKTDDKINTKHLPSTCRDDSSAS,-0.039,-0.038823609256317226
FTLIELMIVIAIVGILAAVALPAYQDYTARAQVSEAILLAEGQKSAVTEYYLNHGEWPGDNSSAGVATSADIKGKYVQSVTVANGVITAQMASSNVNNEIKSKKLSLWAKRQNGSVKWFCGQPVTRTTATATDVAATNGKTDDKINTKHLPSTCRDDSSAS,1.035,1.0363566410188672
FTLIELMIVIAIVGILAAVALPAYQDYTARAQVSEAILLAEGQKSAVTEYYLNHGEWPGDNSSAGVATSADIKGKYVQSVTVANGVITAQMASSNVNNEIKSKKLSLWAKRQNGSVKWFCGQPVTRTTATATDVAADNGKTDDKINTKHLPSTCRDDSSAS,-1.548,0.6048532409639981
FTLIELMIVIAIVGILAAVALPAYQDYTARAQVSEAILLAEGQKSAVTEYYLNHGEWPGDNSSAGVATSADIKGKYVQSVTVANGVITAQMASSNVNNEIKSKKLSLWAKRQNGSVKWFCGQPVTRTTATATDVAAADGKTDDKINTKHLPSTCRDDSSAS,-0.173,-0.17315624566586824
FTLIELMIVIAIVGILAAVALPAYQDYTARAQVSEAILLAEGQKSAVTEYYLNHGEWPGDNSSAGVATSADIKGKYVQSVTVANGVITAQMASSNVNNEIKSKKLSLWAKRQNGSVKWFCGQPVTRTTATATDVAAANSKTDDKINTKHLPSTCRDDSSAS,0.306,0.30582678737561886
FTLIELMIVIAIVGILAAVALPAYQDYTARAQVSEAILLAEGQKSAVTEYYLNHGEWPGDNSSAGVATSADIKGKYVQSVTVANGVITAQMASSNVNNEIKSKKLSLWAKRQNGSVKWFCGQPVTRTTATATDVAAANDKTDDKINTKHLPSTCRDDSSAS,0.985,0.9848262871572617
FTLIELMIVIAIVGILAAVALPAYQDYTARAQVSEAILLAEGQKSAVTEYYLNHGEWPGDNSSAGVATSADIKGKYVQSVTVANGVITAQMASSNVNNEIKSKKLSLWAKRQNGSVKWFCGQPVTRTTATATDVAAANGKNDDKINTKHLPSTCRDDSSAS,1.365,1.3650630354607272
FTLIELMIVIAIVGILAAVALPAYQDYTARAQVSEAILLAEGQKSAVTEYYLNHGEWPGDNSSAGVATSADIKGKYVQSVTVANGVITAQMASSNVNNEIKSKKLSLWAKRQNGSVKWFCGQPVTRTTATATDVAAANGKTGDKINTKHLPSTCRDDSSAS,-1.234,-1.2340936248080503
FTLIELMIVIAIVGILAAVALPAYQDYTARAQVSEAILLAEGQKSAVTEYYLNHGEWPGDNSSAGVATSADIKGKYVQSVTVANGVITAQMASSNVNNEIKSKKLSLWAKRQNGSVKWFCGQPVTRTTATATDVAAANGKTDNKINTKHLPSTCRDDSSAS,0.189,0.18880646788028801
FTLIELMIVIAIVGILAAVALPAYQDYTARAQVSEAILLAEGQKSAVTEYYLNHGEWPGDNSSAGVATSADIKGKYVQSVTVANGVITAQMASSNVNNEIKSKKLSLWAKRQNGSVKWFCGQPVTRTTATATDVAAANGKTDDKSNTKHLPSTCRDDSSAS,-1.534,-1.5340513686674053
FTLIELMIVIAIVGILAAVALPAYQDYTARAQVSEAILLAEGQKSAVTEYYLNHGEWPGDNSSAGVATSADIKGKYVQSVTVANGVITAQMASSNVNNEIKSKKLSLWAKRQNGSVKWFCGQPVTRTTATATDVAAANGKTDDKMNTKHLPSTCRDDSSAS,1.4509999999999998,1.4509464322872407
FTLIELMIVIAIVGILAAVALPAYQDYTARAQVSEAILLAEGQKSAVTEYYLNHGEWPGDNSSAGVATSADIKGKYVQSVTVANGVITAQMASSNVNNEIKSKKLSLWAKRQNGSVKWFCGQPVTRTTATATDVAAANGKTDDKIDTKHLPSTCRDDSSAS,1.151,1.1510396364419964
FTLIELMIVIAIVGILAAVALPAYQDYTARAQVSEAILLAEGQKSAVTEYYLNHGEWPGDNSSAGVATSADIKGKYVQSVTVANGVITAQMASSNVNNEIKSKKLSLWAKRQNGSVKWFCGQPVTRTTATATDVAAANGKTDDKISTKHLPSTCRDDSSAS,1.136,1.1360396474924757
FTLIELMIVIAIVGILAAVALPAYQDYTARAQVSEAILLAEGQKSAVTEYYLNHGEWPGDNSSAGVATSADIKGKYVQSVTVANGVITAQMASSNVNNEIKSKKLSLWAKRQNGSVKWFCGQPVTRTTATATDVAAANGKTDDKINTQHLPSTCRDDSSAS,1.52,1.5200616672909422
FTLIELMIVIAIVGILAAVALPAYQDYTARAQVSEAILLAEGQKSAVTEYYLNHGEWPGDNSSAGVATSADIKGKYVQSVTVANGVITAQMASSNVNNEIKSKKLSLWAKRQNGSVKWFCGQPVTRTTATATDVAAANGKTDDKINTRHLPSTCRDDSSAS,0.875,0.875062142461546
FTLIELMIVIAIVGILAAVALPAYQDYTARAQVSEAILLAEGQKSAVTEYYLNHGEWPGDNSSAGVATSADIKGKYVQSVTVANGVITAQMASSNVNNEIKSKKLSLWAKRQNGSVKWFCGQPVTRTTATATDVAAANGKTDDKINTKHVPSTCRDDSSAS,1.122,1.1220234244567922
FTLIELMIVIAIVGILAAVALPAYQDYTARAQVSEAILLAEGQKSAVTEYYLNHGEWPGDNSSAGVATSADIKGKYVQSVTVANGVITAQMASSNVNNEIKSKKLSLWAKRQNGSVKWFCGQPVTRTTATATDVAAANGKTDDKINTKHLRSTCRDDSSAS,-0.248,-0.24716477604135592
FTLIELMIVIAIVGILAAVALPAYQDYTARAQVSEAILLAEGQKSAVTEYYLNHGEWPGDNSSAGVATSADIKGKYVQSVTVANGVITAQMASSNVNNEIKSKKLSLWAKRQNGSVKWFCGQPVTRTTATATDVAAANGKTDDKINTKHLPSTYRDDSSAS,-0.929,-0.9285677710584457
FTLIELMIVIAIVGILAAVALPAYQDYTARAQVSEAILLAEGQKSAVTEYYLNHGEWPGDNSSAGVATSADIKGKYVQSVTVANGVITAQMASSNVNNEIKSKKLSLWAKRQNGSVKWFCGQPVTRTTATATDVAAANGKTDDKINTKHLPSTGRDDSSAS,0.7,0.7004310288595194
FTLIELMIVIAIVGILAAVALPAYQDYTARAQVSEAILLAEGQKSAVTEYYLNHGEWPGDNSSAGVATSADIKGKYVQSVTVANGVITAQMASSNVNNEIKSKKLSLWAKRQNGSVKWFCGQPVTRTTATATDVAAANGKTDDKINTKHLPSTCHDDSSAS,0.075,0.07466426210661568
FTLIELMIVIAIVGILAAVALPAYQDYTARAQVSEAILLAEGQKSAVTEYYLNHGEWPGDNSSAGVATSADIKGKYVQSVTVANGVITAQMASSNVNNEIKSKKLSLWAKRQNGSVKWFCGQPVTRTTATATDVAAANGKTDDKINTKHLPSTCPDDSSAS,2.681,2.6806623422700393
FTLIELMIVIAIVGILAAVALPAYQDYTARAQVSEAILLAEGQKSAVTEYYLNHGEWPGDNSSAGVATSADIKGKYVQSVTVANGVITAQMASSNVNNEIKSKKLSLWAKRQNGSVKWFCGQPVTRTTATATDVAAANGKTDDKINTKHLPSTCRDESSAS,-0.5720000000000001,0.6504654913948218
FTLIELMIVIAIVGILAAVALPAYQDYTARAQVSEAILLAEGQKSAVTEYYLNHGEWPGDNSSAGVATSADIKGKYVQSVTVANGVITAQMASSNVNNEIKSKKLSLWAKRQNGSVKWFCGQPVTRTTATATDVAAANGKTDDKINTKHLPSTCRDDASAS,0.44,0.4395815936512798
FTLIELMIVIAIVGILAAVALPAYQDYTARAQVSEAILLAEGQKSAVTEYYLNHGEWPGDNSSAGVATSADIKGKYVQSVTVANGVITAQMASSNVNNEIKSKKLSLWAKRQNGSVKWFCGQPVTRTTATATDVAAANGKTDDKINTKHLPSTCRDDLSAS,-0.045,-0.045418049049894785
FTLIELMIVIAIVGILAAVALPAYQDYTARAQVSEAILLAEGQKSAVTEYYLNHGEWPGDNSSAGVATSADIKGKYVQSVTVANGVITAQMASSNVNNEIKSKKLSLWAKRQNGSVKWFCGQPVTRTTATATDVAAANGKTDDKINTKHLPSTCRDDSPAS,0.157,0.059826359829754754
FTLIELMIVIAIVGILAAVALPAYQDYTARAQVSEAILLAEGQKSAVTEYYLNHGEWPGDNSSAGVATSADIKGKYVQSVTVANGVITAQMASSNVNNEIKSKKLSLWAKRQNGSVKWFCGQPVTRTTATATDVAAANGKTDDKINTKHLPSTCRDDSTAS,-0.499,-0.4988824075501432
FTLIELMIVIAIVGILAAVALPAYQDYTARAQVSEAILLAEGQKSAVTEYYLNHGEWPGDNSSAGVATSADIKGKYVQSVTVANGVITAQMASSNVNNEIKSKKLSLWAKRQNGSVKWFCGQPVTRTTATATDVAAANGKTDDKINTKHLPSTCRDDSSGS,0.028,0.0282771217358898
FTLIELMIVIAIVGILAAVALPAYQDYTARAQVSEAILLAEGQKSAVTEYYLNHGEWPGDNSSAGVATSADIKGKYVQSVTVANGVITAQMASSNVNNEIKSKKLSLWAKRQNGSVKWFCGQPVTRTTATATDVAAANGKTDDKINTKHLPSTCRDDSSVS,0.283,0.2832769338777444
FTLIELMIVIAIVGILAAVALPAYQDYTARAQVSEAILLAEGQKSAVTEYYLNHGEWPGDNSSAGVATSADIKGKYVQSVTVANGVITAQMASSNVNNEIKSKKLSLWAKRQNGSVKWFCGQPVTRTTATATDVAAANGKTDDKINTKHLPSTCRDDSSAR,-0.344,-0.3440082304589116
FTLIELMIVIAIVGILAAVALPAYQDYTARAQVSEAILLAEGQKSAVTEYYLNHGEWPGDNSSAGVATSADIKGKYVQSVTVANGVITAQMASSNVNNEIKSKKLSLWAKRQNGSVKWFCGQPVTRTTATATDVAAANGKTDDKINTKHLPSTCRDDSSAG,0.345,0.34499126195574675
