sequence,charge
EVKKCRRRGLMKCVDDKDSHYDKYYRIIRDNCRSHEGCRPYFYEKHKRCCICTRPAFQDDLMDRHRHMQPVECEDKKERCKPMCSYHQKRENCFFKVYWR,9.85194654998396
RVECQDKYYCYQDVCKMMSSCIKYAYIIRMRWTSHEGYMPADKMDRRDCYIETKPYEHYYHEDCDRHHQEVPCWYCEFRCKHKHSRRQRDCKRFFNHYCE,3.0473811811518345
YVVCEPGRGLMDRVDKHMSSYIYYAYIISMNWESHEGHDPAFYMKRKSCYIKTRPAFQYWLMADHEHMQPVPCWDCAFRCKPMESHHQLFEHNFFNYYWM,-0.5494012241366413
YVEKERGCGLMEDKDKMDSSRIKEDYIHRRRWDSDYGHHPAKYMKHKSCYCLRDPREQEYKRRYHDDCEDRRCWRCERRYRPMHSHHCHFYYHYFNVYWM,5.516201063001834
YDCDYDGRGLKHRYDKYMSSYIRDKYIHSCYEYSHEEKMEAFHMKRKSHYCHTHPKEQYWLHEEHEHMQPHPCWDHYCRRKPMHSEHEHHENNFFDVDWH,-3.6529350577991444
RKYRKYERYLERRCDKDESYDIKYRRIISMCWEEYEKYYPAFYMKHKSCYELCRPDFQDWYMDKHECMQPHPCWCCACHCKYMCDDHRCFEEHRYCVYWR,1.7156747255292082
YVECRPHRGLKQRVDCMEHDKIKDDYDIYMKWTHCEDHCPCHYMRHESEYCYYECACRYWEKHYHYHMQPYYHWECAHECKPKRSHHQYFERNFECDDDR,-4.454364848284847
YCKPDEGRHYECYDRCDDCSKYKYAYRRCMNDTHHEGHRPEFDHKHRRYKIDYHYDFRCWLMAEHEHMQKVPHEDDAKHCKPMHSHRELFEYNDFNEYRM,-2.18319232180329
YVVHQPGRYLRQRYDDCMSEYIKYAEIISCDRTSHEHHHPAEEMKHYSCKELRCPAHKYWLMHEKEHMQYVPCWCCHFEKYCMHSKHQERENNFCNVYCM,-0.48630660134571
YVVPQPGEKDYQRVEKMMSEYKYYAYIESMNKTSHEYHKPAFYMKHKSCYIETRPDFEYWYMAEHKDMQPKPCYDDAFRCKPKHSCDQLFHRCYFNDCWM,0.1856130391129156
YVVPQPGCDLMHREEKRMSKEIKEAYIISMNWTKHEGEMPAHYMKHKHCEILTRCAFEYWEMHEKEHMQYRKCWECEFRCKPCHDHYQLCENNDRNYYEK,-1.6410577315740618
EVVPHPCRGLMQCCDEMMSSYIRYAYDIYMRKHSEECDMPACYMKHRSDYKKTHPCFERWLMDCHEDHYHVCCWEHAFRRHHMHSHDQLFKYNFFNVYWM,-1.4211351031891972
RVVCQCKRGLMQRVDKMCCEYRKYAYEHSMNETSKKCCDRAYYMERYDHYIKERPRKQYEDKAEHERMHPVPKCDCEFRCKHYHDHHQLRDNYRFNVRWM,7.18452319384771
HVYKQPDRGLRCRVDKMMSRYKKYAYIISHRDTCHDGHHHHFYHKHKKCHIDTCEAFYYWLMEDHRHCQRVDCWDCAFHCKPMHHDHQYEKRNHFDVYRM,6.135505506810125
YVVPQHGYKLMQRVDKYYSSYIKYAEEISCDWKSHEGHMPAFRCKHRSCKIKTRHAFQYWLMARHEDYYPVPCWHCAERCKKEHSHCHLKDNNFFHVYWY,6.6095552384662515
YVVPQPERGCMCRVDKMMYSYIKYADDISMNWTHHEHHMPAFYMKHYSCYILTEEAFQYWLMAEHEHKQPVPCWDKAKRCKPMHSHCQLFEYNFENVYWM,-1.516241205134774
YVVPQPHRGRMDRDCKMMSSYCEYYYIKSMNWTSHEGREPAKYMEHKSCYILTRPAFCCKYEADHEHMQPVPCWDCAFRDKPMHSHHQLFEHCFFNDYWY,-0.6515366903884559
YVCPDDGKGLMQRVDYERSRYIEHEYIISMNDESYECYKPYKCYKHKYKYILHDRAFQYELMDHYEHCQKKPDWRDAFDKRKMRKHHCLKENNFFCVYWH,2.3840269976859716
YVVPQPDRGLMQRVDKMMSSYIKYAYIISMNWTSHEGHMPAFYMKHKSCYILTRPAFQYWLMAEHEHMQPVPCCDCAFRCKPMHSHHQLHENNFFNVYWM,2.5471609983398107
EVVPQRCREDEQRVDKMMSCDICYKDIEEYCRTSHKGKRPEFYEHEKSCYRLYRPAFQEWLMAEHEDDDPVPCWDCAFKCKPMREYECLFCNNRKRKKHM,-1.2689261190128818
YVVRQPGDGLEDRVDKMCYHDICRAYIYSKEWTSHEGHMHAFYMKDKYRYCLTRPEFQYRKMADHEHMQPVYECDCAFDCKYMHSHHCLFEYNFFHRYEM,-2.484333087208384
CVVCQRGRGLYRRRDKMMKHDIKYAYKIRMRWYSREHHKDAFYMKHESYHKLTCPDFDECDCCCYHHMQPHPKWDCAFECKPEHECHQRFERNKEKVYWM,6.314586436215279
YDVYQPGHGLMDRECEKHSYYIKYAYCISCHWDSHEYHMPAFEDKHKSKYILTKPAHHDCLMYEHHHYCPRCERKHYREDKPMDSRHQLDHNRECEHYHK,-0.8906768251521271
YVCPHPGRGLMQCVDKMMSSYIKYCYIISMNWTSHCGHMPAFYMHHKSCYILTRPAFQYWLMAEHEHHYPVCCWDCAFRCKEMHSHHQLFENNFFNVYWK,2.4732888710592356
YHVPEPRDRLYHCEDRMKEDDCKYYEYKSEHHEYHECKMPYKYMYDEDEYRLTCPARQHHDCAEDEYMQREPCWDCAFRKKKMEEKHQCFKNHFFNVCEE,-7.706510661075566
YKDDYKGRGLMQREDKCKDEHEDYAKEIRMCWTSKKGHMDAHYKKEDSCYILTRPYFQYHLMHKHEKMKPVPEKHRCFHDKPMHSKHQLFRNDFFYKYWM,6.717670584631392
YKEKQCGRGLRQRKDCMRESYIRYARIISMNWCRKERDRYYFKDDRKSCCRLTHYDYQYWCYAYHEHMQRCYCRDCACKRHDDECHCQLRECKFCRVYEY,8.546047622555964
YVCPCHRKGLMCRRDREMSRYCHECERIEYNHTSHEHHMPHFYMKHKSEYIRTRDAFCYCLMAEEEDHQHVCKWDCAERCKCRHYHECCFENRKEYVCWR,1.2485804581041613
YHVKEPGHYDMQRVERKCESCRKYDYIESHDDTYCDGRRPACDMKEKSYHICRKYEKEYCKYRDYHEMQHDCRWCHKCDKKPEKRHHCLRENEFFEHYYC,1.2503152429670266
YVVKQPGRHLMQRVDKMMSSYIKYAYIDSMNWTSHECHKKAKYCKHKSCEYETRPAFKYKLMACHEHMQRHDCWDCAFRCKPMHKHEQYFENNFFNVRCC,8.278782431031145
YVVPQPYRGLMQRVDKMMSSYIKYAYIISMNWTSHEGHMPAFYMKHKYYYILTRPAFQYHLMAEHEHMQPVPCWDCAFRCKPMHSHHQLYENNFFNVYWM,3.6785736667282674
YVVHQPGRDLMQRVDKMKSSYIKEEKIIYMKWTSHEGEMPAYYRKHKSHCILCRPAECYWLMAEEEHMRYVPCWDCAFDCKPMHDHHQLFENCRCNVYWM,0.2531185249711534
YVVPQPGRGLMQRVDDKMCSYCDYCDCISYEWTSKEGHCHAFYMKHKHCYCKTRCADCYWLDARKEYMQERPCWDCAERCKDMHSYHYLKYNNRFNHYWM,1.8768181188637882
YYVPQPGEDLMQRVHHHMSHYKCYHKHISCNECHHEGDKPKEYMDHKSKHILTRPYFQHWDMREREHRYPVDCWDCAHYCKPRYSHHQLFENNYFHRRWM,3.1750259268046133
CKVPQPYHGLEKKECKHYCSHIHEACICSYRYKSYEGCHPCYCKCYKSCYELTREAFQYWRKEYDDHMQKHHCCDCHCRCDPCHREYQDFEKDHRNVRWE,1.0082644116487174
YVVPQPHRGHMQRVKKMMKSYIKHAYIISMNWDSYEGYKCAFDKREHSCEILKRPAFQYWLMAEHEHMQPVRCYDCAFYDKPMHSHHQLFEDKFFNVYWM,3.616900671476831
HEVPQDKRGLMERVDCMESSHRRCDKIIHMYWEKCEGHMPARYMKHCSDRYLRCPAYDEWKMHYHEECDEVPCCHCAFRYKPEHSHCQLFECEFHNYYYE,-4.647319353701562
YVHRRPGRDCMQKVDKMYSKYHKYAYIISCNWTYYYDHRHAFCDYYKSCEYLCRKKHQCKDDKHCCHMQPVPYCDEKCRDCYECSKHQYKRRRFFNEYWY,8.970175065054617
YHVPDYGRGLMQCVCKMMSSCYKDAEIISMNHTSHRRRMPEFYYHHKDKCILTDPADQYWDMAECYHHDEVPCWDHRCRCDKMDCHHQLFRNYEFNEYKM,-2.6188479450764213
KKRCRPGRGLMQRVHKCHYHHRCYAKIRKCEHHKHEGHHPKKEHDHKYCYIRHRCAFQKECEAEHEKCHHRPYWHCAFRCEPMHEYHHCFERRFERCYRY,14.069929187588137
KEHECEGRERMQREDHMMSSCYKCKEEISENCYCHRGHHPEFCCHHESCYHYTRPEDKYHLHREHHRMYYEPRCDHAHRREPYESDHQYDEYEFFYCCWD,-8.24760027077641
YVVEQKDRKLDQRVDKHMSSKIKEKDIKKHEYECHCHHRPDRYHKHKSCDILTCDYFDYHHMAHYEDCQPHYCWCCAFRRYEYHSHHQEFEEYFFNRYCM,-0.22231862236091615
YVVPQPERGLMQRVDKMMSSYEKYAYIIRMNWTSHEDHMPAFYMKHKSCKHLTRPAFQYWLMHEHEHMQPVECRDYAFRCKPMHSHHQLFENNFFNVYWM,2.7850762255530377
YVVPQPGRGLMQRVDKMMSSYIKYAYIISMNWTSHEKHMPAFYYKHKSCYILTRPAFQYWLMAEHEHMQPVPCCDCAFRCKPMHSHHQLFENNFFNVYWM,4.4468277806813905
RCVPQCKRRLRCDVEYRKSSEICRHDECSMHDTYKEYYHECCCDREKSCYELTRYYHCDWLMCRRHHDQCVYRWDCAFRDKPMHRRHQLRCKNDCNRCWM,5.712295665600479
YVVPQKGRGLMKRVDKKMSSYIKKAYIISMNYTSHEGHMPAFYCDHKSCYILTCPAFQYWLMAEHEYMQPVPDKDCCYRCCCMHSHHQLDENHFFDVYWM,1.2450148320810168
YVVKDRGRKEHQRVDKMMCKYEKYACKRSMNYHEHEGRYPEFYYYCDCDERLTRHHHDCKYMADEEYMEPVHKWCDRKHCKYRHSEHQLFCNEEEYREWD,-1.5442986773220326
YVVPCPDHEHKEYVRKRMYEEIKDAYIRSMDWTYKEGDRREHYDYDYEKRHLCRCRKQDWRMCKHEHRQHYHDYCYACRHKYMYSKHRYFENCFREYRHM,5.6142232264644
YKVEKEGRGLKCCVKRRDYRRIKECDKIEMHDTSDRGHKPKKDCDYKCCYKHHHEYFQYELMAECEKEDPHYRWDRAFRERKHCSHHQLFEYHFFRVYWK,6.452987835463475
RVEPQPGKELMQRCCKMCDHYIKHDYIISMNDCSRKCHMPECEMKHKSDYILTEPAFQYWLMAEHEHRYPVPCWDCAFECDPMHSHDQCFENNCFDEYWM,-7.944552438431149
KVVCYRKRGHHDDVDYMMHYYDKRAYIIHCNYKSHECCEYAFYEKDRSRYILRHPKHEYWYMHDHYCMEPVDCHDCAYCCHPDHHHCHLFKDCCFCKYDY,-1.4010618977453255
YVVPQPGRGLMQRVDKCMSCYIKYAYIISMNWTSHEGHMPAFYMKDKSCYIHTRPAFQYWLMAEHEHMQPVPCWDCAHRCDPMHSHCYLFEKNFFRVYWM,2.3129587269629255
YEVPQKGRGLCQRVEKMMSSYIKYAYIISMNWTSHEGHMPAFYMKHKSCYILTRPAFQYWLMAEHEHMQPVPCWDCAFRCKPMHSHHQLFERNFFNVYWD,3.450434625433738
YKVCDPGRGEMQREYKEMKDREKDAEKICMDWTSHYKHDCHDRRKYCSHYYLYRHAKECWKHCERHYEQHVRCWRKEFECHYEHSRCQRFCNNFFNHCWH,4.447793895285976
YVVPQPGRGHMQDVCKMMSSYIKRAYIYSMNWRCHERHHPAFYYKHKSKYILTRPRFQYWLMKDHEHMQKVKCWDCDRRCKPMHKHHQLFENNFFNVEDM,9.645898840775665
YYHPQPGRRLCDRVRKMMSSYHEDDYIDSMCWTSKRGHMPRFYMKHKSCYILTRKAFQYWLMREHEHDQPVPCWDCCHHCRPHCSHHDLHEHNFFNVYWR,4.741766329515981
REVPQPGRGLKQRVDKMMSSYDHYAYKIRMNYESHEGHMPRFYEKKKSCYILYRPKFQYDRMAECEHMQHVPCWDCAFRCKPMRSHHQLRENYFKNVYWM,8.351788833453856
KVVPCEGRCLMYHVEYMHSSYKCYAREISRNWTSCEGHKPHFYMDRYKKYIKDRDAKRCWLDDEHERCQPVRCWKCAFRCKYKHSYYQRFENNFFEVYWM,6.983691241889879
EVVPQCGRGLYCRVDKMMESYIKHHDIISCNRTSHEGHRPCFYRRDKCDYDLTRPADQKWLMAEHHEMQCVPCYKCDFRCKPMHKHRQYFYKKDCYVYWM,5.112882804121375
KVVPQPGYGLMQRVDYMMSEYCHYAYIRSMNDTSHDYEMPHFYMKHRKCDILTRPAFQYWLCKEHEHMQPVPCWDCAFDCKKMHSHEQLFEYNHFNVCWM,-1.584587622271922
YVCPYDCKGLRYRVHKKKSSCIHEEYIHSMNWRSHRDHMPEFYEDKKECECCYEPADHRWDMYCKDHDCPVDYERYAFRCYYMRYRHQLKRYDFFNVRWY,2.181406442080668
YVHRQCGRGLYQRYDKHKRSCYDYKHKYSKNECYCRREYEAYCMEHKSCYRLCRPEDQYKERCEHEHMQPYPCWDRAFRYRPHDSKHQLRENDCFNRCCY,6.978605275053837
YHDPQKHRYLYQECRKMDSCDEHDAKDECYNWTDHEGHDHAFYMKHKSDYIEKCPAHHYDKMRRHRHMQPDCEKCCAFRDKPMHDHHYLFENDFENVYWM,-5.084769626210903
HYVKQYRDYLMQRKDKMMSDYIKYKYKIYYNDTSYEGHRPAFYMEHKECYRYERHRCQKWLYADDEHEDPVCKHCCADRCHPYHYRCHKKEDNFKNYYWH,4.509510031017413
YVVPQDGRGLMQRVDKMMDRYIKYAYIISMNWTSHEGHMPAFYMKHKCCYILTRPAFQYWLMAEHEHMQPVPCWDCAFRCKEEHSHHQLFENNFFNCYWM,0.3841235439311017
YEHDDYYYGRMDEVKHHMKSERKYDYKRSRNWTSHRKRRCEEDKEKKSCYCLTECCRQCDCCCEHERERPVPCWDCRRCCYCDHSHHDLDENHKFNCYWM,-0.11658953207659906
YVVRQPGRGLMEYVDDYMSSYKDYAYEISHHWKSCEGHCPAFCMKYKYCYCHTRPAKQYRLMAEHECMEPVECWDDKFRCEPMYSKHRLFENNFFNVYWM,-0.9474688573882837
HVVPRYGCHEDCRVKKMRSRCEHYAYDISMYWTSECGKYPAEYCKHKSCDILTRDADQEWKEKEHECYQRVPCWDCRFRCKPMCSEEQLFRCCFFNVDEE,-2.375044432252121
YYVPQPGRGHEQRVDKMMSSYYKYAYIISMNWTSHEGHMPAFKMKHKSCYIKTRPAFQYWLMAEHEHMQPVPCWDCAFRCKPMHKHHQLFENNFFNVYWM,5.6141740246332095
KDVPQPGCERRQRVDKCMDDEDYHACRIHMHWDSKEGHMPAFEMKKKSCYKLHRYACKYWRMAEHEKMQPVPCDDYEERKKPRHSHHRLKEHHCFNYYWC,4.551010699163022
DREPRPGRGEKQRVKHDMDYDIDYACRISKCWTSKYYHMPHFYMDHKYHYICHDDEDQYWLKAKHEEYQKEPYWDCHDRCCDKHSDHRRFKHYFFHVYWM,-0.22027775944733463
YVVPQPGRGLMQRVDKMMSSYIKYAYIISMNWTSHEGHKPAFYMKHKSCYILTRPYFQYWLMAEHEHMQPVPCWDCAFRCKPMHSHHQLFEHNFFNVYWM,4.613190980556299
YVYEEPRKRLHQDCHYHRSSYIKKAYHIKEDRDSHKCRMYRFCMDDKSCYDLTKPYKDHDKYAEHEHRQPKEDCCDACERKHMHEHERLYYNNCFDEYWM,-0.4497956986451541
YVVPQPGRGLMERVDHMDSEYIKYAYIISMNKTRHEGHMPAFYMKHKSCYILTRPAFQYYLMAEHYHMQPVPCWDCAFRCKPMHSHHQLFENNFRNVDDM,1.6163371852004698
YVVPKPCECLMQHVDKHMSSHCKKKYIIHMYEHSHHGYMHYEYKKDEECYICTRRCDQCCLCAERRHRHCRPKKDCAYKCCCRHSHHQKHCYCFFYVCWM,8.231066465184504
EHVPDPKRELKQDYDKKRDKDIKDEYEISMNWYSHEGHEPAFEDHHKSHYICTRKAFCYKLEREHHHMDPEDCRDCEDRCYYMCSDHHCFENKHFNHYHM,-7.0790600970477975
YVDPYPRDKCMYRVDYHCESEIKKRDHISCNHTDHKGHMPHCDHKCYDRYICHRYEFQYWERYEHEYHQPVPCKKCAFRCKRYESEKQDFENHFFNKYWH,1.5787407963929816
YHVHQPDHGRKQRYDKMMKHYDCYYYIKSCRRTCHHGHKKAFYCERHDERILRYPCFYEDHYHEEEHKRDYHCEECEFEYRHRHSHDKLHKENFFDKYEC,1.0449655599763616
YVVPQYGRELRKYVDKYESHYDYHHYIISMNKTDHEGYMPDKRHYHRRCYCLKRRRRQYCLMEDHEYKDPDRCKYCKYDYKPEDYYHQLCHKDEFNKYRC,5.410605681705071
YVVPQPGRGLMQRVDKMMSKYIKDAYIISENWKSHEGHMPAFYMKHKSCYILTRPAFQYWLMAEHEHMQPVPCWDCAFRCKPMHSHHQLFENNFFNVYWM,3.5176745983131372
YYVKQPGRGLDQKVDRMKSCYIKRAREHSHNHYHHDDCMYAFYMCHKYCCIRTRRADDYDYCARHRHCDPVYCWYDAEERKRMKSYHQYFENNFFKVRWM,7.342913216127634
YDVRQPGRGKMQKVDHMCSCYEEDKYIYSCEWTCHCEKYYKFCMEHHDCYDLCEYARQHWLMAKREHHDPVHHCRCKCREKPMRDHHKYFEKCFYNVYHM,1.376379751908658
YVVEEPGYCLMRDVDKMMSSYIKYAYEISMNETSHEGHMCAFRMKHKECYILTRPAFQKELMAEHEHMQPVECDDCAFRCKPMHSHKQYFENNFKNVYWD,-3.707757611282089
YVCPQPGRGLMQRVDKMESSYIKYAYIISMNWTSHEYCMPAFYMKHKSCYYLTYPAFDYRLMAEHEHMYPVPCKDCAFRCKPMHSHHQLFEENEFNVKWM,1.2834076685224058
YCVPKDGDGYEYRKDKCMRSRRYYAEIYSRNWTSYEGHMKARRHREHDCYDCTEPACQEWLMDEHCKDQPVYCKKDAFRDKKHCRYEQKHDNNCHDVKEM,1.0875704960853092
YVVPQPGRGLMQRRDEMMSSYIKYAYIISMNRTSREGHMPYFYMKHKSCYDLTRPYFQYWLYAEYEHMQPVPCWDCARRCKPMHSHKQLFENNFFNVYWM,5.217662324930091
CRVPQPGRGRMHEKDKMEKSYIKYYYDISMCWKSHEGHEPYFYHRHKHHYILTRPAHYERLMAEHDHMQPHPHDDCAYHCKPHKSHREHFENNFFDKYWM,3.3111169720939344
YVVPQPDRGLMKRVDKMMSSRIKYAYCIDMNWTSHEDHMPAFEYKHKSCYILTRPAFQYWLMAEDEHMQPVPCWDCAFRCKPMHSHHQLFHNNCFNVYWM,1.3829075979899788
YHDEDPRRGHKQDDDKYMSRKCKYARRCDMKYDSKCHHMDREYYYERSKHILTRPYFEYWDMAEEKHMQPVEHDDKAHCREYMHYHREHFHYDFFNVYDH,-1.9827287289924769
YVVPYPGRRLMQEVDKMDSSYIKYAEIISRNEDSCEGHMPAEYMKHKSCYILTRPAFQYWLEDEHEHMQPVPCWDCAFRCRPMHSHHQLRCNNKFNVYWM,-0.7113718247002865
YDVPQPGRGLMQRVDRMMSSYIKYAYEISMNWTSHEGHMPAFYKKHKSKYIDTRPAFQYWLDREHEHMQDVPCWDCDKDCKPMHSHHQLFERDFFNVYDM,-1.4119967674628242
DHHEQPYRDLRQRKDKKCSEDIKYAYDRSDHWHKHDEHHREFDEYHKDKKILTRPAYQHKKRAYHKHMEPEPKYDEDFKKKCRHEEHQYYRYDEFNDYWD,0.15601785340230379
YYVPYRERDYMEYHHEMEHSHRRYAHYESCDECSKDYDMPAFRYKKKCCEEDTEYAFQCWDYEKCEHMQYCKEHCCAFRCHKRYDEHEKFRNRFRYVHKC,-1.7488350078502144
YVVPQKDRGLMQKVDKMEESYIKYDYIKSMNRTEHEGHMKAFYKKHKSDYILTRPAFQYWHMCEHEKMQPEPYWRRAFRCKPMHSHRKDKENYFFNKKWM,9.555897088408832
DEDPYRYRCLCYYDCKMESSYEKYKYDREYYWTRHEKHYPEFHHDCKECYELTRRKFDYYLMEHHHKMQRDKCWYYEKHDCPMHSRHCLFENEYFNVRWM,-1.5500728648989828
YRHKKHERGEMHRDECEKCDYIKCAYDIERNWKDCEGCDKDDECDHKKCYYCTRPAFQKWRMAHHRCHKPVPKHKERCRDKDMHSHHQRCEYKFDCRDHD,3.3825370568350053
EVVPQPGKGLCRKEDKYMKCYIKDERIISMNWTDHEEHMPKFRYKHKRCDCLTRKAFEYWEMAEHEYDCDEDKHCEAHRCREDHSECQLHDNEYDHVYKC,-5.705858112174202
EVVPQPYRGHCQRVDKMDSSEIYKAHCIREHHDSHRGHKDYFKKKHHSYRYLERPHFDYWLMAEHECMDPEPCWCCAEYCYYMHKYHCHKEEKFERHRHE,-0.05226207760309265
YVHPQPGRGLMQRVEKMMSSYIKYAYIISMKWTSHEGHMPAFYMKHKSCYILTRYAFQYWLMHEHEHMQPVPCWDCAFRCKPMDSKHQLFEENFFNVKWM,4.51756509662976
HVVPQPGRGLMQRVDKMMSSYDKYAYIISMNWTSHEGHMPAFYKKHDSCYILTRPAFQYWCHAEHEHMQPVPCWDCAFRCKPMHSHHQCFCNNFFNVYEM,1.5121804074951797
YCVPQPGRRLKQRKEDMMSSHIKYADIIYMNWTCHEKKMPAFKMHHKKCEIDHRCCFEYWHMAHHCHEQKDPCYECAEECDPYHSHHQRFEDKFFNVCWH,0.6137647576174672
YEVPQPGRGLMQRHDKKMSSYIKYRYIISMHYTSHEYHKRAFCMKRDSCYRLERDDFQKHLMADHEHRQEVPCRRCAFCCCPMKSHHQLFENYFFHVYWM,6.513451540288978
RVCPQYERHYCQHVRHRHRSEHRYHYKISRYWHSCYGEMPCFYMYEKSKKICHRHYKRREDEYEHRHDCPVRCWDKAFYCKDHYRHCYLYEHEYKNKYWH,9.870129158360866
YDVPQPCDELMCRVDKMMSKYYCYRHEISMNRTCHRGKEPAFYDKHRCCYHLDRPAFQYYLMAEHECMRPCYDWDCAFHCRYMYHHHQLFDNNCFNECWH,-1.8236910668059778
YVVCQPGRGLMDRVDDMMSSYIKYAYIISMRWTSHEGHMPAFYMKHKSCYILTRKAFQDWLMYEHEHMQCCPCWDYAFRHKPMHCHHQLRENKFCNVYDM,2.4125754010961433
YHEYQPGRGCMQRKDKMMDCEIKYCYIKHMEHKCHEKKCYAKHKKHDRCYILYRYRFRYWCMKYHEHEQDYPCWKCKFRCKPMRSHHQLFCNNHENVYWD,10.339613679812404
YVVPRPGRGLRQRVDEMMSSYIKYRYIEEMNWTSHEYHMPAFYMKHKSCYIRTRPARQYWLMAEHEHMQPVPCWDCAFRCKPMHSHHQLFENNFFNVYWM,4.5189972298916565
DVCPQPGRGLMQRVYKMMSSYIKYRKIISKCHTSREGHMCAFYMKKEDCHIRTYPAFQYWLKDEHRHMYPVPYWDCAFRCEPMHSKHQLFENNFFNRYHM,7.381254219868753
YVVPDPKRGLMQRVDKMHSSYEKYRRDISMCWEEHEGHRPAFYHKDKSHYIRTRPAFQYRLMAHHEHMQPVKKHDCAFDCDPCHSHYQLYECNFFNVYWM,2.7484058525830033
CCVPKPGEGRMDRDEKMDKSYIKHYYKYSMNWTHHCGCMPCYCMKDESCYKLEYPAKRYWRRAEHKYMQHVYHEECCFRCKDMHSEKQLFHKCKFYVYHK,7.143413769590959
YVVPQPGRGLMQRVDKMMSSYIDYAYIISMNWTSHEGHMPAFYMKHKSCYILTERAFQYWLCYEHEHCQPVPCWDCAFRCKHMRSHHQLFENHFFNVYWM,1.4804336239524307
EVVPQPCRGLMQRVDKMMSSDIDYKYIISMNRTSHEGHMPAFYMKHESCYCYTRPACQYDLMAEHEHMQPVPCWDCCFRCKPMRSHHQRFENNFRNVYWM,1.1517065321819508
YCYYQPGRKRMQEVDKYMSCHIKYAYIDSHNWTSCEGHMPAYYMKHKSCYILYRPAFQYWLREERDHMQPRPCYDKEKCCHCHHSHHQRFEDNFCNVYER,3.376603122718368
YVVPQPGRGLEQRVDKYMESYIKYAEIISMCWKSHYGHMPAFEMKHKRCYILTDPAFQHWCRAEHEHMYKVRCWECAFYCKPYHSHHQLFYNNFFNVYYM,3.4797197707896306
YYECHECCDRMDRVCEMCREYCCKAKCIKHNWDKYEHCRRAYHHKHKCKYKLDRDREKEWLDAEEDHMQDVPCWCHAECKKPEHSKHRLFKHYYFDHYWE,0.31502475599364743
REKPCPGRGDHERKDKRMESYEDYEKHIEDEWDREERHEPCHKMKHRSCYKERRPAHQHWLYEDHYKMQDRYRWKHCDCHKPYHHHHELKERNYFYYYWK,3.0539544035008888
YVVPQPGRGLMQRVDKMMSSYIKYAYIISMNWTSHEGHMPAFYMKHKSCYILTRPAFQYWLMAEHEHMQPVPCWDCAFRCKPMHSHHQLFENNFFNVYWM,3.5153852579660363
YVVPQPCRGLMQRVDKKMYSYIKYYYICSMNWYSHEGHMPAFYMEHKSRYIYTRYAFQYWLMAEHEHMQYVPCHDKAKRCDPKHSHKQLFENNFFRVYWM,6.511889076917544
YVVEEPGREHMHRVDKYMSKYIKYAYIISMNWTRHHGHMPAFCMKHKSCYILTHPDFQYCYDAEHEHMQPVPEWDCAFRCKPRHEHHQLFENNYFERYWM,-0.15065119755434075
YVVDQDGRELEQKVDKMMSSYIKYAYIIYMEWTYHEGHMPEFYMRHESCYYHTRPARDYELMAKHYHMQPVCCWDCAFRCKPMCCHHQLFEYNFYNVYWH,-2.586041812170709
CCVPQCERGEMQEYDHCMEKHIKEDHIISHNWCSKEGRRPEHYCYHKECDCLTREDFQRYEMAYHEKEQREYCWKCEKERCPHDDRKYLHYKNFDHDYDM,-6.742414890440109
KVVKQYKRGCDDEHDKMMSSCKKYACCISCNWTSREDHMCCFYMKHKYDCIKTRPDFCYDDMAEHEHMQPVPKYDCAFRDKPCHEHHQHDEKKFENVYHM,-0.7519098878360531
YVVPQPGRGLMDRVDKMMSSYIKYAYIISMNWTSHHGHCPAFHMKHKSCYIRTRPAFKYELMAEDEDMCPVECKDCEFRCKPMHSHHQLFYNNFFNVYWC,2.3152480673100246
RVVPQPEYRLMQYVDKMMYSYIKYEYYYKMNWTSDERHEPDFYRKHKSRYHLTRPAFQDWLMEDHEHMQPVCKWDHAFRCKKCCSDHQLHENREFNEYWM,0.5219468581684872
EVVPKYGRDKMQRHKKRCCHCEKYHYYIRHHCTKEKREMHDFRKKKESRYDLYRHECQDYKKAEYYHKDPVDCWKCDDRCYPCYCRRQYCHNNERNVHWC,10.176167047633264
YVVKRKGRGLHQRCDRMMHYEIRKAEICSKNWTKYHCHEYAFYKKHKDCYICTRPAEKRYLMAEHERMDHVHCWHCDFECYPMHRDKQCEECNKFNVYWD,5.314698628261059
HRVDRPYHGRMQRDDRDMSECIKDCCIECMDWTSDEEHRPKCYCHHKSDEEYTRPAFDYYREKYHKKKQPKHCCDRAFRYKYEYHKCYDFENRFFYCYKR,3.1172303559722216
YYVCQRKYKRMQYCDKKEEHYIRHYKICKDRDTRYEGKYDAFKDKEKSHYDCHCDAFHRRLMRREDHYEPERKCKRAFKEKEMRYHHREFEERCFCYKWM,9.254153365301356
YVRPQPGDGLHQRYDKMMSHYIKRAHIISKNRTSHEGHMEAFYYKDKCCYILTCPAFHYRLMAECYHMQPVPCWKEHFYCEPEHSHHQLFENNFENVYWM,0.6810704022012697
YVCDHCCYGLMQRHDKMMSSRIKYKYIIRMNRTSDEHHMHCDYMHRESCYILTHPAFCRWLCYEKEHEHPVPCWDCDFRCKEMHCHHDLCENNFFNCKWM,-0.6899615741290646
YVVPQPDRGHMQRVDKMMSSYIKYADIISMNWTDHEGHMPAFYMKHKSCYILTRPAFQYWLMAEHEHMQPVPCWDCAKRCKEMHSHHQLFENNFYNVYWM,0.6169330189072415
YVVPQPGRGLMQRVDKMMSSYIKYAYIISMNWTSHEGHMPAFYMKHKSCYILTRPAFQYWLMAEHEHMQPVPCWDCAFRCKPMHSHHQLFENNFFNVYWM,3.5153852579660363
YVVREDGRCLMQKVHKMMSSKIKYDYHIKMNWTSHEGHMPAFYCKYKSCYIRTRHAYQDWEMAEHEDMQHVPCDDCAFHCKCKHSDHQKHYNNFFYHYWY,2.7085115461624323
YVVPQPGRGLMQRVDKMMSSYIKYAYIISMNWTSHEGHMPAFYMKHKSCYIDTRPAFQYWLMAEREHMYPVPCWDCAFRCKPMHSHHQLFENNFFNVYWH,3.515096215460634
YCVRYHCRCHMQRHDKHMSSEIKYADIDHMNKTSHEEKMECFYDKHKRCYYYTEEKFEDHRCHYECYMHHVEEWDKRKKDCPMHCHHDLFCCKHDKCYEM,-1.3229603083012549
YVVKQPGYCLMHRHDKKMRRYHKCRYIYEECWTSHEYERKAFRMKRKCDYRLTRPAECYKHMRYYEHKDPYPKDDYHHECYPKHRDKYHFEDYKENHDWR,8.679523594763165
YVRPEPCRRKCYRDDKMMREDICKHRIIEYCEKRHYRHYPHYHMKYYSCYIEHCPHHKKWLMECEEKEEPRPECCKAFRCEPMHSHKQLHEKKFFHVHWY,6.614227134299533
YDVEQPKRGLMQEVHKMRSCDRKYHYIRSMNRTSCEGHMPACYKKHKSCYILTDPAFQYELMEYREHMYPVRCDDCACRCCPYCYYHQYFENKFRNDCWM,2.847548734262821
KVCHYCEHGLKQHVEYKRKSDRHYCYEISMCWTSHHEHEDKERYYYKYCHIYERPACQYWDMAKHYHMQCVYYYDHCFRYYPCCSCKQCDDNHCECVYDM,-1.7644496503919207
DYVEQPYRDLYQKVDKEHCSDIYKYYKIHMRWTKCEKCRPYFKKKHESKYYLCRYRFQYREKEEHCHDCHVEEDRRACHCKCEREDHHKYRENKFKVYWY,6.283348286011758
RYDPQRDDCDHQDVDDRMEEYIKCADIRDHDKTCDEGHYPDHEYDYDSHDILKRDACQDWHCAEHHHDQPVDCKCCAFHHKPMEHCYQKFYKRFKDVYER,-11.414318876544485
DVDCDEKRGLDCCYRKDMSCRKKYAYIHKKYWTSCDRHMPEFYCKHKSDHILTYPHDRYWLYACDDRRDKDDCKDCAFRDEERYCHCQLFEHDEFNVHRY,-1.9501712833496576
YKHYRPDEYDRKHVDCMRSYHIDYCEIIRHYWECCYGYCPAFYMHCCSDKIRHKKHDHCYLEEKHEHMHPVYKRDCAKYDKRRYSDHEYHRNNEECDKWE,-0.38915565842010125
EHVHDPGRGKMQHVRKEESDYCYCAHIRSMNWTHHEGYMRHFYRKKHECDHLTRREFKYCHMAHHDHEEHVPERERAFKHEPEHRYEQHFKKNCKNVYWM,3.3507649061519764
DVVPQPGRGLMQRDDRMESSDIKYAYIISCNWRSKEGHMPAFYMKEKSCYIYRRPEKQERLMAKHEHMQPERCWRCEHRCKHDHDHHCLFENNFFRDERM,2.393201509573963
YVVPHPGRGLMQRVDKMMSSYIKYAYIESMHWTSHEGHMPAFYMKHKSCYILTRPARQYWLMAEHHHMQPVPHWDCAFRCKPMHSHHQLFDYNFFYYYWM,4.974900987317488
YVVPQYGRGLMCCYYCYMSSYEDCAYIIHMNRTSHEREDPCFYMKHESCHRLTRPAFQDWRMEEKKRMQPVDDWRYRFHCCDHHSHHRLFENHFFNDYWM,-0.5516014423654081
YVVPQPGKGRMYCCDKYDSHYCEYARIHEMNWEKHKGHMHCFERDHHKCDIYKYPHFYYCLMEEHKDMCCYPCWHCAFRCKEEDSHHQEFRNNDYNVDKM,-2.5553279836543368
YVCPQPGEGLMQRVDKMESSYIKYAYIESMNWTSHEGDMPACYMKHKSCYILTRPAHEYWLMAEHEHMQDVDCWDCAFYCKPMHEHHQLFENNFHNVYWM,-6.513088919528817
YVEYRPGRCLMQRVERHMSDYHYYACEISREKYSKEHRDHYDKMEERSEHILKRPADHKWCYEEYDHDRCVCCHECAFYCKHMHSYCYLCYDEFDNVDHM,-5.582824808657573
YRVPQPRYELMCRVKCMMSSHIKRAYIIEMCWTSHEGHYKAFYMKHKSCYILTRPAFQCWLMACHEHMRPDPCWCCYFRCCPYHCHHQKKENNCFNVYWM,8.005901086024151
CCHERPRCHLMYRVDKMMSSYIYYAYIIYCYWTEHEGRMPYFYMECCSCYILTREAFQYYLCAEHERKQRVKCWDCCKRCKRRHRHRQKYENKFDNVYWM,7.7782602296728065
YEVCRERCGDMQRHHKHMHKHKKYAKHCRMDYTHHYKHMCAERMKKCSCYCLDEDAFCYYLMACHDHDQCYPCWRCEFREKPMHCHYKLEEHNKFKVCWH,5.536955957498305
EEVEEPGKGLMHRVEKDMKCYCKCAYIDSYNRTSHEGCMCAFYMKHRSCCILYRPAFEEWLMYREEHEKHKCCWDCYDRCKPDHSHHRLFENNYFNCEHM,-2.91263418296921
YVVPYCGRGCYHRVDDCYRSCIKYAYYDSMEWTRKEGHEPARYMRHDSCCIYKRPHFQYRLEACHYHEYYHPDWDRAFYCYPYHEHHYLCRCNRFHDYCM,1.3367935709818735
YYKPKKGDGLKQRYHHMESSRKEKDYYKKMHWHEHHGHMKKRKDCHKHCCRKTRHAFQYWLHDEHEHMYPVYCCYCKFRCKRRHSHKQLFECNDFNCYYM,13.868922072980538
EYVPQPKRGCMKHCDKMDKRYIKYAYICSMNWTDHEGHMPAFYMKHKSDYILTRPHFQYWLMAEYEEMQPVPCWDCARRCKPMHSHHQLFEDHFFNHYEM,0.5827506784606431
YRCCQKGRELHQRRKHHMHRYIDYAYERSMREESHEGHEKAFYYKEHRCYHRRKHEFQEKHMHDCCRHQPKCHWRCAHHHEHMHSHHERDCYHCHNYYEH,6.669543249874469
YVVPQPGRYLMQRKDKMMRYYIKYAYIISMNRTSHEGHMPAFYMKHKSCYIRTRPAFQYKKMAEHEHMQEVPCWHDAFRCKPYRSHHQLFEKNFFNVDWM,9.582384260078394
YKHCQHGDYLMCEHDCMHSRYRDKAYKRSHNHKCKRKHEERFYMKHKSCYYETEPAFRYWLRACHERREPVDCERCYKRCKYDHKYHCLRENNEFRRYYR,11.411187295315894
YKKEQPGHGLMQREDKMMRSYDCEAYKIDYNWCSREGDHPAHYHKHESHEDLTRPHEKHWCMAKHRCCQPVPCWDCAFECCHRHEHHQEFECDDHNDYWE,-7.28101933242754
YVVPQPGRGLMQRVDKMMSSYIKYAYIISMNWTSHEGHMPAFYMKHKSCYILTRPAFQYWLMAEHEHMQPVPCWDCAFRCKPMHSHHQLFENNFFNVYWM,3.5153852579660363
YVVPCPGRGLKQRVDKMMSSYRKYAYIISDNWTSHEGHMPAFYMKHKSCYILTRPAFQYWLMAEHEHMQPVPCWDCEFRCKPMHSHKQLFENNFFNVYWM,4.350509757440808
CVVPQCGRYLMYREYKMHSSECKYCYIIRDNWTSHEGHMPARYCHHKSCYILTEDKEQYWLCDEHEHMQKEPCWYCAFRCKPKCSHHQLFEHEYYNVYWM,-0.7544729695327526
HDKPHRDCGCDQRVDKYDSSYIEYAYIISDNWKSHEKHMPAFDRKHKSCYILERPAFQYKLMAEHEKMQPVKYWDCAFRCKPRHSYHQCFENNCFYRYWM,3.315951874358248
YCCPDYGRGCEDKVYKMMSDYIKYAYIISMNWTHYKYHMPHFCMKRKECEILKRRAFQRWDDCCHEYMQPVPCWDYADRCCPYHCRHQRFKENFDNCYHM,2.876810175644536
YEVPQCHREEMCRHCKDMRSYIRYHYKESHNKYHHEGHMPKYDCHHHRCRDYRRRHFQYHLCACEEHHQDYRDWDECREHEPMHHHHDRFENNFFNVDHM,-1.5567508938734385
YVVHQPGYGHMQRYDKMESSYICYAYIYSMNWTSHEGHMKAFYMKRYCCYILTRPAFQYWCRAEHEHMQPVPCDDEAFRCKPMKSHHQLEENYFCNVYWM,0.313502972648374
YVCPQPGRGKMQRVDKMMCSYIHYACIHEMNETRHEGHMPAFHRKHKSCYILDRPAFQDWLMAEKEHMQPVCHWDCAFCCKPMHSCHQLFENEFFDVKWM,0.38377023237964636
RVKDRPDRGYMERKYKHDEHYIKCCYIIRDNETHHEGHYCEEYMKDKCCCIYKRDDCYYHYKAEHEHMYHRPDERYDFYCKPMRHHDRLEHHNFDNKYHH,-0.05592460339751426
RDVPYPERELMCCVDKEDREEICCAYRRYMNKTSHHDDRPDRYMRHRKHDHCYERKFHYCLMAEHERMCRRDCYYEDCHEKCMHEHDQEFCNHKFRVYCM,-1.714277193142287
YHVCYYHRYEHKRVKHDRYREKDEYCYEHMNDTCHYGREPDFYMHDCHDRELTKKRFQHWLMKYCEHKDYYCCWDCRHRCRPDDCKYQLFEKREFNVYYM,1.4112116210197527
YRVPKPGRGLMQRVEDRMSSYIKYAYIISMNKYSHDGHMPAFYMKHDSCYCHTECAKQYWLMAYHEEMQKVPCYECAFRKKPMHSHHQLCECNFYRVYWH,5.411050101459203
EEYPQPHEGRMQCKCKDMSSYIKCKECCSDYCRYEEHHMRYHYKKEKYCKYLTRPYFERWLMACRYCRHPVECKDREFRKDPDHEHHQRFCHDKFKVYWR,6.14933948607484
YVCPEEGHYRMQRVKRMMSSHYKKEYIECRNWCHHEGRYPDYDRYHDSEEILTEYHFRYWERAKHEYMQHVPCWDEKFRCKPEHRHYYLKENDEYRYYWM,-0.3449341708324134
YVVPQPGRGLMQRVDKMMSSYIKYAYHISMNWTSHEGHMPAFYMKHKDYYILTRPAFQYWLMAEHEHMQPVPCWDCAFYCKPMHSHHQLFENNFFNVYWM,1.6806816039958772
ECDKRRGRGYEQEVDYMHRSEIKYAEIYSMKWTEHEGHMEAFYEKHKCCYRLEEPRRRYWLRAEHEHMQPEPCDDHAKRHKPMHSHHQKFEDEFFHVYWM,-2.071586632729211
YVVPEPDRKDMQRVHKEMDCYIKYEYIIKMNHTSHEEHMPAFYMKHKSRYILTCPAFQYWLMACHEHMQYDRCDDCHFRCKPMHSHRQLFERNFFNVYWY,1.5821548447538731
YVDPEPCRGLMQRHCDDDYCHCKEAYRIRKNWESCYDRKDAFYMDHKSKYILTRPYRQYWKCKDHHCDEYYPDHDCRHRCCPDCKHEELFHCRFFEEYCM,-1.9860536709974816
HVVPKRGDGLEQCVDYMMYSHIKYYHCISMNRTSHYGHMPKFRCEHKSCYRLTHPAFCYCLMAEHEHCQPVPCWKCAEHCKERKSKHQYFENNRFCYYYM,5.340167971612427
YVVPQRYRGLMRHVDKMMYSYHEKERYISMCEEHHEKDKPAHYHHHEHCYCLTREKFQYWLMDCHEHKQPKPCWDCEFRCHYMHSYHRKFENNKENYDWY,0.912972184589325
YVVPQPKRGLMQRVDKMMSKYYKYAYIHSMHWTSHEDHMPAFYMHDHSCYILTRHAFQYWLMAKHEHMQRVPCWDCRFRCEPMHSHHQLFENNFFNVYWM,3.9108535542467315
CEVPDPGHGCHHYVDEMCSCDEHYADEKSMCWTCEYDEDYHHYYKHKECDHLTRPHFQYWLMHCHYHRQEVEHWDHYFYCKCMYKDRYCFYEDDCKEHRM,-11.32301781515381
CVEPQPHDHDMRERDDRESSHDRCAYIHHYYWCSKEGYCPCFDRDCKSCYIETRKYFQYWLKYYHEEYRCCCCKDYKCRCKCRHHYKQEDENKFFNKHWM,0.9450557940478674
YVVPQPRREYCQRVDKMYSKYIYYAYIRSMNKTSRECHKPKRYEKHKSCYIYTYPYYQYWLMEYEEHRQPVPYWDCARRCKPMHSHHQKHENNFYEKYWM,9.345618792050526
YCVRYDGKGLKQRYKKEYCSDEKYEYIIEENWTSYDEHMPARHMKEKEKYRDYRPEFHKDRMYEYDYCQPVPCWRYAFRDKPMDSRHQCFEKNEENYYKK,1.061047437656029
YVRPKKHRDHMQKRDHCMSDYIDYAYHCECEHTKDKCHEYAHDMKHKKCYIEDRPAFQYWLMAEHEEMQDDPCWHCDDRCKHKCHHHQLFEHNFYCVCWR,-2.2566018210346463
YVVPHCGRYEMQRCDKMKERHIKEAYIISMNHTSREGDMRYFYCHHKSCKDLTRPKEQREHMAEHYHMQKVPCRDEAERCKYMHEHHQLYENNDYCVYEM,0.6197284766787803
DVVKQPDDYLMERRDKDMSSRIKYAKKCSMNYTDERGHMHEFHMKHHRCHILTRPAFCYWCHADHCHDYRVHCDDDADRCKPMYCHHELFYNCFEEVYKM,-1.4198381527966077
YVVPQPGRGLMQRVDYEMKSYIKYAYIISMNWCSHEGHMPAFYMKHKECYILTRPCFQYWLMAEHEHMYPCPHYDCAFRCKPMHSRHQLFENNFFNVYCM,2.3131672246159773
YCVPEDEDKKMQECDKYMSDYEYYDRIRSKNHESHHCRRRAKDHKHKKCYYCTRPCDQYWYMAEHCCYKYRPCKDDDYDCEHMHRHKQEKHHNCFNDYYD,-0.6560348816912587
YRVPQPGRGLMQRVDKMMSSYIKYAYIISMNWTSHEGRMPAFYMKHKSCYILTRPAFQYWLMAEHEHMQPVPCWDCAFRCKPMHSHHQLFENNFFNVYWM,5.4165562006492
YVYKQEGRCLEEEVDKMMSHYIKCKYIDYDNDTREECHHHYFRMKYKSCDIKTRYAFCYWLMARCRDMQCVRCWCKEFYCCPDDSHHYLFECHFHDRCHD,-1.9870629815430227
CVRPQKDEYDRYHEDCMDESCHHHRHDKHMNWYSYEGEMPDFHMEHKSDRIDRRHAFQYREMREHEHYYHVPCRDDCCRCHPYYHYKQLRRNHFFNCYWK,-1.0544137875407316
RRDDQPGRKEMQYRDYMMDSDCYDDYKISMHDTYHDGYMPACDMERKSCYDYRRDAEQKHLHAEEEHDEHCPCWDRKKRCDHMDCDEDCDYYYFFYVYWM,-11.843493629644414
YVHKQPGRGLCQRVKKMMSSEIKYAYIISMNRTREEGCHEAFYMKHKCDYYRKRPEFQYDKMDEHKEMQDVRCYDCAYRRRRYHSHHQDDEHNHFHVYWM,5.650375045664205
YDVPQPCRGLMQRYKHHMSSYEDYAYDISMEWTSDEGHMPAFCMKHKSDCIDTRPAFQYCKMYEHEKYQPVCCRDCAKRCKPMHSHHQLFKHNFDNVYWY,0.34624785860160046
DVVYEHGKYRMQRVDCHHSRRIKYERICDHRETEHEDCCHACYCKHYSHDHLTDPAFCYWDMAEEDRMQPDKCCKCAEYYYPYYSKHYLYKNHYERRYWM,-1.588857590013962
YEVPQPGRGLMQEVDKMMSEYIHYAYIISMKWTSHEGKMPAFCMYHKSCKILRRPDFQYWDMAEHEHEQPVPCWDYCFRCRYMHSHHQHDENNFFNVYWM,-2.4469732652867098
KCHPHPGCCLMQRRDHKMSKYIKYAYCDDKDRTSHEGREPKFYMEHCCCYIKERHHERYDHEAHYEHRQDHDCWDCEFYCKPMCSHEQLFENDEFNVYEM,-5.54879849024444
YVEYQDGRGDRYREDKMEKYRIDKAYIICCNRTSRRGHHPAFKKHYHYCCIEKRCKFQHDKMHKHECMQEVPCWDCAFRCKPMHSEHQLFDDNFFHEEWY,2.384281302529743
CRKPQEYRGKMKCHDDKHSSDDKCRKIISMNWTSKEDEEPADYMKEKSYDILEEPAFHHDDYAHKECRDRVCDHKHAERCKCCESHCQRFRNKFYRRRWR,4.191319313492901
YVVPQPYRHCEQRVDKMDSSHIKYAYIEKMNWTSHEGHMPAFRMKHKSCYIHTRPAFQYWLMAEHEHMQPEPCWDCAFRCKPMHSHHQLFENNFFYVYWM,1.7487972816574704
CEVREPCRGHRKYVDKMMSHEIKYAYIISCNKTSHEGHHCHFYKKHRSCYILHRYRFQKELCAEKEHMHPVHCYDCAFYCYPCHSHDQLCDNRFYKVYHE,4.6388215325990245
YVVCQPGRDLMQRVDKMMSHYIKYDYKISMCCTKHEGHMPAFKMHHKSCYIETRPAFQYWLMAEHEHMQPVPCWDCAFRCYPMCSHHQLDENNFFNVDWM,-0.6519608008088724
YVYPQPGCGKMQRVDKMMSSYDKYHYDKSMNWTSHERHMPHKYMKHKSCYILTEPDFQYWLMAEHEHMQPVPCWDCARRCKPYKSYKQLFENEFFNCYWM,3.2823810688800226
YVVPQPGRGLMQRCDKMMSSYIKYAYIIDMNWTSHEGHMPAFYMKHKSCYILTRPCFYYWLMYEHEHMQPVPCWDCAFRCKPMDSHHQLFENNFKNVCWM,2.213939748793944
YVVPQPGRGLMQRVDDMMSSYIKYAYIISMNWTSHEGHMPAFYMKHKSCYILTRPAFQYWLMAEHEHMQPVPCWDCAFCCKPMHSHHQLFENNFFNVYWM,0.4485695211906311
YVVPQPGRGLCQRVDKMMSHHIKYAYIISMNWTSHEGHEPAFCMKEESCYILTRDAFQYWLMYEHRHMQPVPEWDCAFRCHPMESYHQLRENNFFEVYWM,-2.5441878324736464
HVHPQPYRKKMHKVKKMCDSRIKCEYIYSEEWTSHEGHMPADYDKKKCDRELKKPAFQKWDEYEKERMREDHYWDCAFRCEPYRSRHQLFENNFFKHYWY,4.457522811862276
YVVPQPGRGLMQRDDKMYSSYIKYAYIISMNWTSHEGHMPCFYEKHKSCYILTRPAHQYWLMAEHEHMYPVPCWDCAFRCKPMHSHHQLFENNCFNVYWM,1.4794341188836118
RVVPQYGRGLMQRVDKMMSSYDKYAYIISMNWTSRRGHMPCFRMKHKHCKILTRPARQYWDMAEYEHMQPVPCWHCAYRCKPMHSHHQLFENEFFNVYWM,8.448094360855318
YVRKDPGCCRKRDDDEKYRSYICYAYEKSCYRDDHEDHMDAFYRKCYSCKYDTRHRHQCHHYAEHEKKQDCPDWDEKCHKKDHHDHDQRCHENCRNVYWM,-0.5550281015196958
YVVPQPGRGLMQRVDKMMSSYIKYAYIISMNKTSHEGHMPAFYMDHKSCYILTRPAFQYWLMAEHEHMQPVPCHDCAFRCKPMHSHHQLCENNFFNVYWD,1.5476735968318298
YVVPQPGRGLMQRVDKMMSSYIKYAYIISENWTSHEGHMPAFYMKHKSCYCLTRPKEQHWLMARHEHMQPVPDWDCRFRCKPMHSHHQLFENNDFNVYWM,3.6171982317548874
YVDPQPCREDMQYKYHMMCSYIRYAKIIDYYWTSKRGCMKKFYHKHKSCYELTKPHFRYEHMRKRCHMQPVPCDDCAHRCKPEKSHHDLFHNNYFNVYCM,8.372830724878057
HVVPKCGRELMQKVDKMMSHYIEYAEEHSMNWDSKEGRMPAFYDEHKSCYILTRPAFQYWEMCEHEHMQPVPCWRCAFRCKPMHSEHQLFHRNFCNVYWM,-0.5781180304651148
YVVPQPGRGLKQRHCKMMSSYIKYKYDISYNRTCHEGHMPADYMKHKSCYILTRRAFQYWLMAEDYHMQPYPDWDCAFRCKDMHSDHQLFENNYFNVYKM,4.346342576373621
EVVPQYGRYRMQKCKCMKYCYIEYEYKISMNKKYDHYHMPEFYYKHKSCDYLTHDAHQRWLKAEREHMQYEKCRDCAFRYKPMHSCHQKFRNNFFNVYWR,9.311701790135157
YVVPQDGRDLMQRVDKMMSSYIKKCKKISMNWTKHEGHDKACEMYHKSCYICTRPAFQYWLMAEREHYQPVHCWCCHYRCKPMHSHHQLFENNFFNVYWR,6.345563166460709
DHKHEPGERLMDRKDCKCHCYCKYARIISEDWTEHEYYKPAYYHKRDSDDCRTREAFHDWYHHDCERRHPKPCWCEAFRYDEERRHRQLFEHNFEYVDHM,-3.3449491718570314
YHVCQHYRGLDQHDDHMMCRYEEYARIIDMYRCSCCGHMRKRECKHKRCYHYERDDFRDWRREEHKHDQHVPCWDDKDYCYCMHYHHCEREHHHFHKYWK,0.9392370196017055
YVVPQKGCGLMQDVDKMKSECIKYAEIESRYHTSHEGRECHFHMHDKECHRLTREAFKYWLMYEHDHYKHRRCHDCAFRYDPMDSHHQHCRNNFFRVYWY,1.8137452833206922
YVVPQPDYGRRRRCDKMKSYYHKYAYIIDMCWTKHDGHMPHHYYKCKKCYILYKPAFCCWYMAERRHMCKYPEWDCRYRCRYMHCHRQLFEDNKYNVCWC,10.96895257855258
RVHYEPHRGLKQDHRRMMDKYDHEAYIIHYNRHSHKGHMDAERDKHHYCRILREPHFQYDLRKEHEHMQPRPCWCCCKRCKPMHSHYDYDENNFFRVYWR,6.07799193459223
YVVPQPGRGCMQRVDKHESSYIKRAYEKSMNWTSHEGHMPDFYMKHKSCDILYRPDFQYWCYAECEHRKPYPCWDCAYRCKPMHSHHQLKENNFFNVYWM,3.3148495231212465
YVVPQPKRGLMQRVDKMKSSKIKYRYIICMDWTSHEGHMKRFYMKHKSCYILDRYYFQYWLMAEHEHMQPRPEWHCAFRHKPMHSHHRLCENNHFNVYWM,9.812067441494984
HKVCCEGRGYMEYEDYMCSHYIKYRYIIEDYRCDDCHHYDHFDHKDKSDYIETDPDFYYHLMHEKEHKCPVPCCYCECRCCYMHDHHYLFEEKRENYYHR,-8.52325488719339
YVYPCPKRGKYQRVDKEDDSYIEYARIIYMRECCHEYKMPAKYYCHKRHYILTCYACHRRLMEEHEHMCYVHCWDCAFREKPKHSHHECEEHNFFNVYYD,0.4125009966989097
YVHPRPGRGLMQRVDKMMSSYIKKAYIISMNWTSHEGHMPAFYMKCKSCRILTRPAFQYWLMAEHEHMQPRPCWDCAFRCKPMHSHHQLFDNNFFNKYWM,8.448073347243543
YVRPRPGRGLRCRVDKMMSSKEKYAYIISMNWTHDYGHCPCYYMKHKSYYIDTRPAYQYWLMAEHEHRQPVPCWRHAFRCKPMHSHHQLFENNFYNVYWM,8.543732740620976
YYVKQPGRDLMHRVDKRDSSHKRRACKDYMEWCSDEDHHPEEYMKHKSCYIDTCPACQKWHMCRHEHYDPVYCWYCRFEEEEEHSHRQYCHNDEFKVRWD,-3.5134254361728203
HHVPDPGRYDHQRVKKERSSYRKYRYIYDENWTSHDRHMPACEDKHKHDDHLERHRRQHKLCACHDEMRRHKCWYCKYRCCEMHKYCCLFENNDFDVYWM,4.678321145029326
YVVPQPGRGLMQRVDKMMSSYIKYAYIISMNWTSHEGHMPAFYMKHKSCYILTRPAFQYWLMAEHEHMQPVPCWDCAFRCKPMHSHHQLFENCFFNVYWM,3.44783522896946
CVDPQPGEYLKKHVDHCMSSYIDYYDYKCKNWKYEEDDCEAFYHYHKSCEILTRKRFQDDDMARHYHMKPCKCWDCCFHCKYMHCRHDLHENHEFNCRWE,-3.7209839858816416
YVVPYPYERLMQRVYKRMSSHIKCADKISMNWTSHEGHMPRFYDKHKSEYKLTREAFCYRLMDYHEHMQKDPHWDCKFHDKCEHHYDQCFECNFFNVYWM,1.5822478854453426
YVVPEPGDHLMQRRDKMHRRYIKYAYICSMNWTHHEGCMYAFYYKHRSYEYLTRPAYECKHMAEHEHMQPVPCWDCRCRCREKHDHCCLEEHEFCNKYWH,1.5121916751235727
YEYPYPRDGLMQDRDKDMSSDIRYDEIRSMDWRRRHGHMPAEYDKHESEYIKTKPAKDCWLHYKRECDQCVEDWHCAYRCKPRHSEYRLYRNDYRNVHWH,0.4557233109489367
YVVPEPGRCLMQRVDKMMSSYIKYAYKIHMNWTSHEGHMPAFYCKHKSCHILTRPAFQYWLMAEHEHMQPVPCWDCAFRCKPMHSHHQLFYKDFFNVYWM,4.577996639201764
YVVPQPGRGLMQRVDKYMSSYIKYAYIISMNWTSHEGHMPAFYMKHKSCYILTRPAFQYWLMAEHEHMQPVPCWDCAFRCKPMHSHHQLFENNFFNVYWM,3.514591560187867
YVVPQPGRGLMQRVDKMMSSYIKYAYIISMNWTSHEGHMPAFYMKHKSCYILTRPAFQYWLMAEHEHMQPVPCWDCAFRCKPMHSHHQLFENNFFNVYWM,3.5153852579660363
KEDPKPGDDCHERKCKCMCSYEKEDYIEEMNWTSDDGKMHADKHKCKRKHHETDPRFRCWCEAKHKDMQYVPDEDKDFHCCYYKDYCQLKEYKDRNVYWY,-2.977266531013562
YVVPQPGRGLDQRREYMMSCYIKCAYIISMNKTSHEGHMYAFYMKHKSCYIRDEPAFQYWHMAEHEHMQPHPCWDCAFRCCPMHSHHQYFENNCFNVYWM,0.44476358415615813
YCDPQKGRGLMQRVDKHYSHEHCHCYEIRYNDCSHCEKMRYEYMKHDSCYHKDRYAFQCWHKCYHCHHEPHRCWYCKYRCKPMRHHEELKCNNFHNRYEM,5.6022376597595525
KHVRQHGRKLRQYDDKCCSSHIKKDDKYSMCWHKCKGHRYHEYDKHEDEYHDYYPHFQHWDRAHHRDMYDVECWDCHFRHKKMHREYRLHENKYFCHYCD,4.138533691998269
YHVPHYGRGYMHRVDCEKDCDIEKDKKDSCCYCSHEEHRPYFKEDRKRCYRLRRPAFHYWCCDHHHKDDCRRCWDCAFCCEPRCSEHQLYENKHRDECWE,-0.9188536886365597
YDRKDKRRGLMRHVDDMMYSYKKCYYHERMNWDKHEGCEPAECKEHKSCKHYYHKAFKHHLCYDRKCDRCVPECDCAFREKDMYKEEQDFHYNYFRDCCR,3.1488755810508557
YVVYQPGRGLMQYVYKMMSSYYKYAYHISMNWTSKECHYPAYKMKHKSCYILTRKEFQYWLCREHEHMCPDKCKDCARDCKPMHCHHQLFENCFFNVEWM,5.176725258006419
KRVPQPCRYLMQCVDKMMYDKIYYEYIIKYEDTCHEGCMCAHDYEYKDCYHLHKPAFQEWLMAEHEHKQYVDCEYCAFREKPMESHKQYEKENKRNVEWM,-3.8433400232321766
RVHEHPERRLYQEVDKMMSSCIYYYDIKKMNWTHHHKHCPAFEMKHYSCYEETRYCFQKELMACDYRMCKVPCWKCCYCYYYMDKHHQLFENNCFRCYYM,3.074832499095532
YVKPYCGHGCMKRRKKMEDHYIYYKYYISMNDTSHEGHMPCDEMRDESCYCLTHYAFHRWLEDEHEHMQPVPEWYCAHREYPECKRHQCFEHNFECDYWK,-4.516208798211032
EVVPQPGRGLMQRVDKMMSSYIKYAYIISMNWTSHDGHMPAFEMKHKSCYILTRPAFQYWLMAEHEHMQPVPCWDCAERCKPMHSYHYLFENNFFNVYWM,0.41990577577315413
KKVPQPRCRLERRVDKKKSYYYKCAYIISDNWTSHEGDMPDCCMRHKSDYDLTDPAFEYCLRAEYEHCKDCRCWDKHDRCEPYDKHHQHFYKRHFNKYCH,4.213209366264607
RKVYQERKECMCRCEKCYRSYIKYAYKHHMNWDHKHEHMPAFHMKKKSCYYLTEPAFQYWRMHEEEHMCDVYHWDCRFKCKEKHKHDQLFENNFDRVEWM,4.550508734252656
RDCPEPRRGLDQYVDKMMYSYYDYAYIDDENWTSHYRHEPAKYMKHKSDKILKRPARCRWLEKKHEDMDPEKREDYARRCKEHHEHRQLFEYNKFNVYWD,1.4934795741640663
CVDEEPHRGLMKRVDKMEESKIKCAYDYSMNWCYKDGKHPADCHRHCHCYILTDPAKDYKHHAECYHMEEDPCWKCADRCKPMCYDDHEFEYNFFRVYWM,-4.848856055766845
RDVRHPCRGLMQYCEYMKSDYEKERKIISYKCKKHEGRHPEFYMHHKSCYERTHHEEQDEKMREHEKMQPHPHCDCDFKCCPDCSKEKKFEDDFENYYDD,-3.6082661400938427
YHVCDKGDEYMHREDKKCERYIKDAKIEKERKRHHYGHDDERYHKCCSHCKRTYPAFHCRYREEHEEYQEVKYWCCARRRKPMKDKKRKDERCRFNKYWR,11.286782209010298
YVVDQPGCHHMEKRDHRMSSYRRCAHIIRRNWDSCKGYYRAHHEDKKECREHYHCRFDYKLMYCKERMRPEPDWDCAFREKEMDSECYLFDKNCFNVYHM,2.2855907037273084
YVVHEKGHELMCDVCCKCHYRHYYAYEIRCNRTSHYGRERAYYKKHHSCDDHTHKCFQYWLMHEHEYMQERPCHDCHFRCKYKHSRHQDFENEHYCHYRM,2.9360084078477158
YVVPRPGYGLMQRKDKMMSSYIKYAYIISDNWTSCCGKMPAFYMKHKSCYILTDPAFQYWLMAEHEHMYPVPCWDCYFRCKPMHSHHQLKENNFFEVYWM,3.180669653555297
EYEKEPGDGLCQRHDKKHKSYEDEAYIIKMNWHYERGYRKYYEMEDYHDRCLTRPAKRHDLMRDHYHMDYVYDRDCAHERCPEHHRKYREEKKFRNDHRD,-0.1760799163405089
CREPQPGRGLHERVDKMMYSYYKYAYHISKEWTSHEGHMPAKYMKDKSCYKLCEPHFQDWLMAEHEHHCPVPKWDRAFRCRPRHSHHHYFENNFFNYYWM,3.8475028131098874
YCDPQPGRHLYQRDCKMMKSEICEAYCIYHCWTSKEGHMPADYMKECSCYILERHAREYWLDAECEHMKPVPCWDDAFRCKPMHEHHQLFDNNFFNDYWM,-5.880008293306879
YVVPQPGRGLMCCCKEMECSHHEYEYRISCNCTEHCCHMPAFYMKHKSCYILTRPARQYWYMAEHEHMQPVPKHDCDFRCKHMHDHYQLKENNFCHHYWM,0.4741902677566454
ECYPRPGRCLMHDVHKMHSSYCKYYYIISDNWDSHEKEMKAFYMEKDYKYCLTRDAFQHWLMRECEKEQPVCCHCRYKREKPEHRHHELYCNNHFCVDKE,0.31695565762472455
YVVHQPGRGLMQRVDKMMSSYIKYAYIISMNWTSHEGHMPAFYMKHKSCYELTRPAFQYWLMAEHEHMQEVPCWDCAFRCKPMHSHHQLFENNFFNVYWM,1.6170195190377985
HDYCQPGRHLEQKYERMMSKYIKCAYCIKMKKYHDEKEMYKYREHHKDCKEDKDCAFCYWLMCEYHKMYPDYEEYDDFREYDMHSHCQYEENHFFNYCDH,-5.616405534566795
YVVPRPGHGCYYRCDYMHCSRIRYYHEISMHWTKCCCDMEKFYRHYKCCKDHTRRAYCYWEYEHECHHQHVCCKRCARRKKHMHSHRQLEENNFFDEYCD,5.337472903587608
YHKPQPKCEDKERYEKMRSSRIDHDKIISECWTSHCERMPAFYKKHKYEDREYCYDFRYDLEAHEDDMHPVDDRDHYFRKCECHSHHKDFECNFENVYWM,-5.475122364777796
YVVPQPGRGLMQEVRKMMSSYIKYAYIISMNWTSCEGHMPAFYMKHKSCYILTRPARQYWLEAEHEHMQPVPCWDCAFRCKPMHSHHQLFENNFCYVYWM,3.2829788797985415
CVKCHHYCKYMKEYHDCHHEYIKYAYRKSMNKTDHEGDERADYMKEKHYHDHTRYAEQYWDYAHCRDCRYVECDYCAERCKPKHECHQLDHCNFCNVEWM,-2.523950787469346
YRVPQHCHCLDQRVKHCMDSYIYRAYIIRHNWYSHEDHMKCFYMKHKSDYIYHRPAFQYCLMHEHEHMQPHKCRDCAFRDKPMDEHHQCFKNNFFCVYWM,3.7710384044793486
KVEPEDKRGLMKRVDRKCSDYIKYCDIIRMNWTSEDYCMCEFYKDDRCDRYCTRPEEQYELMEEEEYEYHCKRRDRKKYCEDHKRYYCLFENNFFNVDEC,-5.466170007210156
HEYHRHEYGCHQRKDYHMSRECDYAKIHSCNWTSHEGDYRYFEKKKKECKILHRHDYQYWRHCCYEKCCPVPCHDCEDKYYPMHDEEYKDYHNRCNVYYC,-0.5260587247369557
YVVPQHGRYLMQRDDKMMSEYIKEAYIEYMNWTDHEGHRPAFCMKHKECRRLCREAFEYELMAKHEHMQPVKCRDCRFRHKPRHSHHQLYCNNFHKVYWE,4.685524269326995
YVVPQPGRGYMQRDDCMMSHYIKDAYHISMCKTSREGHMCCRYMKHHSYYIHKRPAFQYWYKAECKHCQDEPCDDDHCRYKPEHSHHHLFEYNFENVYEM,-0.3563857253276801
YVYPQPGCGLMCYVDYMYESRHHYAKIISKEWKHHEGHCPAHYMKRKSCCIRYKKAFQYRDKAKCEHMQRVPCWHCHERYRRCDSHHELFEKYDFNVYYM,7.474262443574972
CCVPKDYRRKYQRVKKMKSCYIEYAYYIYDKRCSREEHMPCEYCKHHKYYYDRECAFEYWYMERHYEEKPHPYEDCRRHDKEYHEHYQCFCRYHREHDHM,2.4122085635941204
YHVHDPGDGYEKRDHKHMDSYIKEAYIIEMNDTSHYGKDPYFYMKHKSCYILDHYAFQYWLMEECRYMQHHPEWDCAFKCEPMHHHCQLFENRRCNVCWM,-4.286102968525693
YVVPQPYYGLMQRVDKMMSSYIKYRYIISMNWTSHEGHMPAFYMKHKSCYHLTRPAFQYWLMARHEHMQPVPCWDCAFRCKPMHSHHQLFENNFFNVYWM,5.611192544972065
YVVPQPGEGRMQDVDKKMCSKIKYAYIIEMNWTSEEGHMPAFYMKHKSYYELHRPAFQYWDMAEHEHMQPVPCWDCRFRCKPMHSHEQLRENNFFNVYDH,-1.4764596653133868
YVVCKEYRGLMQRVDKMMSSHIKYEYIISMNWTSHEHHKPAHYMKHYSCYELCDPAYQYCLMAEHEHMHPVCKWDEAKECKYMHEHHQLDRNNFENHYWR,-1.119182822935338
RCVPQEDKHLMQREDRKMSYCIKYAYIISMNWRDREKRMHCKRCKCKYCYILTHPCFQYWLCARKDHMQYVPDWDHDFRCKCYHSHHQRFENYFDCHYWM,7.141933759908994
YVVPQPGRGLMQRRDYMMSSYIKYAYIISMNWTSHEGHMPYFYMKHKSCYILTRYAFQYWLMAEHEHMQPHPCWDCEFRCKPKHSHYQEFENNFFNVYWM,2.5150236138275375
YHEPQPDHGLKQRRDKMMKSKCKYCYIIYMNETYHHHRHPYFYMRHKKCYIYERDAHYCWEKARYHCMYPVKDKDCYCERKPRHSHKQDFECRFYEVKRK,11.54117308329931
HYHREPKKHLMRRYDYDMKDYIKYAYEHSEDYCSYEEHMRHFYMHHKSCHDLCRRYFKYEECAEREHMKPKPCWHHAKRCHPMDSKYRLCENDEFDVYWY,0.8138797766823025
YKCPHRGRCKMCKDHRMKRSYKCCAYCISHRWTSHECHMPAFCMKERSCKILTKYYEQYYRDYKEKDMQHKPCCDHYCRCKKMHSYYQYFEYHFFNVCDD,9.936448812096334
YVVPRPDRKLMQHVDKMESSYIKYADIISMNWCSHCEHMPEKEMEHKSCDIDERPAFRYRLMAEHEHMQPKCCWDCAFKCCPMHSHHQDEENNECCVYWM,-5.776719287902527
EKEPQPDKGLMQRHDKMMSSCIKRYYIICMNWESHYGHYPAFYMKHKSCYILTREAFQYWLMAEHHHKQPVHCWDCAKRECPMHKRHQKFRNNEFNVYWR,7.581563193304449
CVHECYGRDLHKEYHHMMKSYEKYAYEEEMNHYSRCDCMHCDHDKCKECCECRRRAHHDWLYAYCEDMQDHPKWDCACRHKKRHSHHHLEENNFHEVYWM,-4.2216084342197036
CRVREPYEELMQRVHRMMYYYDKKYKIYSKEDTSEKKYKPHFRMEHKHEYIYCRHAFQCWLMYEHCHKQDDPCDCCADRCKEMHCHHHDDENNFFCVYWC,-0.6529602463843638
YVCRQEEHHDMQRVYKMRSSKEKKKYRCDHKWTEHYGKMCAFKDYDKKKKCKTYRRKQYWHMDECERMHYVDDWDDADYCKPYHHHDYRHHNHDENVKWD,4.7806439803681435
EKVPQCKRGKMERKDHMMSDHIKYAYIKSMCWTCHDRHMPAFYMKHKSCKILEYYYFQEWLMAHHKHEYPCPDEEDEFRCYPEDSYHKDFRHHCYRVYEM,0.6165214638192715
YVYPQPGRGLMQRVDHMMSSYIKYKYIIHHHETSHEGRMHRFDMKHKSCYDLTRPRFQYCLMAEHDHMQPVPKWRCAFRCCPMHSHHQKFEENFYRVYWM,6.844476490179215
YVVPRPGHGLMCRVDKMMSSYIKYAYIRYMNWTSHEGHMEAFYMKHKSCYKEKRPAFRYWLMAEHEHMCPVPRWDCAFRCKPDHSHEQLFHNNFFNVYWM,5.548737060077515
YVVPQRGRGLMYRKDKMMSSYIKYAYIIDMNWTSHECHMPAFYMKHKSCYILHRPAFQYWLMAEDEHEQPVPCWDCAFRHKPMHSHHQKFENNFFNVYKM,4.615191278397996
YCVDQCRRGEMQEKYEHMSCDCHHAYEHYYDDTSDECHEPDCEEYHKHCHIYKCPRYQYWYRAEYEYMDHKDEYEKEFRCKKMRKKHDDFKDRHYRKYKC,-3.5832510219733145
EVVPQPGRGHMDRREKMMSYYIKRAYIYSRNWTHHEGRMPAFYMKHKSCYILTRPAFYYWYMAEHEHDQPVPCWYRAKRCKPDHSHHQLFENNFFNVYWM,6.682447586585729
YYEHEDGRGDMYRHDKMHKCCIEYAYCISYNKYYCEGHMCAEYKKHDCCYCKTKKDFHYYLEREHYKMQHVPRDYKYFRCKCRHKHCEDFCNKFFEVKKH,5.273330980587392
HVVHQKDDGLMQRVDKMMSSCICCRYEISMDCYSHYGCMPHFYEKEKSCYILTHPYFQCWLMAEHERCCDDERWDRRFRKEDRHSHKQLFENKEFNVYHE,-2.7116784307247457
YVRPHPGKCLRCHYKCCCSEYIHKHYYISMCWCHHEDEHPREYMHHRCEYIHTCPAKQYDLDAHHEDERPYECWKDYKRREPMDCHHKLFYHCYFRCYKM,1.6035887992992706
YKYPDPEDGLMQRVHKMESSYIHYAYIISCNWTSHECHEPCFYHECKSCYDLTRDRFQYCLMAEHHHMYYDPYEDCCFKCKPMHDHHQLFEENEKNVEWM,-8.516075466869896
YVVPQPGKGEMQRCDKMMSSRKKEAYIIDMNWKDHEGHRPAFDMKHKHYYILERPKFEYWLMAECEEMQEVPCWDCEFRCKPHCYHKQLFENNFFNYYDM,-1.8064936279074573
YVVPRYHRGKEYRVDKMESKYRKCDYIYSECYCSHHGHMPDRYMKHEKCREHCRPKYKYDLMAEKEHYEPHPCWHCRCKYKYMHHHHKYFEHCFFNYYDC,6.703677021544532
YVKPQPERGLMQRVDKMMSSYYKYKYIISMNWTSHEKHMPAFYMKHRCCYILTRPAFQKWLMAEHEHMKPCPEWDCYFRCKPMHSHHQLCENNFFNVYDR,6.381954302402054
YVYDQHRRHLCQRVDKEMEYYKKYAYIKDMNDTSHHGDMDAFYCKCKSRYKETRPAEQYWLRKDKEHDKCEPCHDCHKRCKPCDSCHKHFEHHFRRHYDM,4.578395702482993
YRKHCPDRGYMQCKDKMESRERDDDDYIYYNDTSHECDHPAFYMKHKSYRIRHCCEYQRWRMCEHEHKQDYPCCDCYRRDKPREDHHQLFECYFHNCYCM,-1.8202783616100966
YEVCCPGCCRRQERDKMEESRIRYACIISRNHTSHEEHDKAHDMKDKSHEIKTHDKYQYWLEEYHECMQDEHCWRRRFRCCCMHEYHQLYKRNFKEVHWM,0.4213667401737915
YVVPQPGRGLMQREDKMMSSYIKYAYIISMNWTSHEGHMPAFYMKHKSCYILTEPAFQYWLMAEHEHMQPVPCWDCAFRCKPMHSHHQLFENNFFNVYWM,0.5182142913787189
YVVPQPGRYCHKRVDKMMSSYIKYADIKSDNWCKHKGHMPAKYRKHESCYIRYKPRDQYWLMEEHEHMQPVHCWDCAFECKHMHSHHQYEEKNFFNEHWR,4.780625772073048
RVKRQEHRGLKRCYDHHMEKYIKYACCISMRWDSCEEHMREFKCHRDSCRIRTCDEKHDELYCYHEHMRKCYRWKRYFCEKPMKHEHKCFENNFRCVYEM,7.184079531967193
YRRYYDGHGCMCRVDKKMSCYIKYAKIIRMKYRHHDGHMCRFYMKRCSEKDLTCEHKDYWHDYYEEHKQEEPCYHRKHECHPYHSHDQLFRYHFKNVYDM,5.740473816788967
YEEEDPGKGLCRRVDKEHKHYIEYAYIKSYNWTSHDGRYPYYEMKYYSCYILTRKAFRYWDMCEHDDMDPVPCRDRKFRCKPHHSHRQLCENEEENKHWE,-1.6094243575498197
YVDPKRCEYYCYHKDHMMSKYIKHAYIRSMNETSHERHDPAFYCKHKSDKKLTRPAKQRWHHAKHEHMQPEPCDCRKYRCKCYHSHYQHDEHNRFEDYWM,6.908499704215716
YVVPYPGRGDKQRVDKMYYSEYKDDYIISDNDKKDHDEKDCFEEECECKHRDTEPEYCYEHMKYREHHQCVKCWHCCKRCKHMESKHDLEKHNEDNDYWM,-7.7085235697106675
YVRPQPGRGRMKRVDKMDSKYEKYAYIISMNYTCHEGHMPAFYMKHKSKHILTRPAFRYHCMEEHEHMQPVPCWDCYRRCCRCHKDDQEFHNNFKNVYWM,7.414218811610093
YVVPQPCRGLMQRVDEMMSSYIKYAYIISMNWTSHEGHMEAFYMKHKSCYILTRPAFQYWLMAECEHMQPVPCWDCAFRCKPMHSHHQLFENNFFNVYWM,0.2845068697978821
YVVCKPCRGLMHRVYKMMSSKIKYAYIRSMNWTRHEGHMHAFYMKHKSCYYLYRPAFQYWLMDEHEHMQEVPCWDCAFRYKPRHSHHQLFENNFFNVYWM,7.644039691810773
HVKKCDHRYDDQREDKKMRSYIKYCYIISMCWTYHEGHMPARYMKCKRCRILTRPCRDRWLMEERCHMDPVRCWDCCFECCPMHDEERLFEDNFRNDHWM,1.887003229001376
YKVRYEGEGLHQRCDREMHSKIKEYYIHKDNDTSHKGHKKAYYERHKDCEEDTRKAFQDWHYAEHKHDQPYYEHHCAKEHRKMKCRCKLEENDKDRVEWM,1.85640803204317
YVVPQCGRELMERKDEMMKHYIHYAYIKSENWYYHEGDDPAEYMKHKSCYHLTKPAFQYYLEAEHEHMQPVPCEDCAFRRKPMKSHHQLDENNFFNCYEK,-3.4437655392765425
YYVPQEGRGLMQRVDKMMYSYIKYAYIISMNWTSHEGHMPAFYMKHKSCYILTRPAFQYWLMAEHEHMQPVPKWDCAFRCKPMHSHHQLFRNNFFNVYWM,5.581126197677122
YEVPQPGEGYMERVDRMESSYIRYAYDKSMNRTSHEGEMYAKYMKHKSYDILTRPACQHWLEAEHHYDQPVPCWYCAHECKPYHDKHRDFENRFRNHEWM,-2.3765039782319644
YVEPQPGCGLCQRVDKMMSECIKYHYYDSMDWTSHERHMPAFHMKRESRYDLTRPAEQYRLHKEHEHMYPVKCWDHARYCKECHSHHKLRENNFRNVYWM,2.6840543186732795
YVKYQRRHRREQRVDKEHCCYDKYAYIESMNDTSHKCRMPAFYEKDKSRCHLDRPAHQYEEMAYHCHEQEDPCWYCEHRRCKHHDHHYHFECNFKRCDHR,2.712210777948922
YVKKQPGRGEMQRCDKMKSSRIKYRYIDSMNWTSHEGHMPYFCMKHKSCYIHTRPAFQYWLMAEHEHMQPVPCWDCARRCKEMHSHHQLFERNFFNCYWY,7.414209006133376
YKYPQPHRGLEQREDKCMSSYIRRAHRISENDTSHEYHMPAFYMKHYSYHICTDDRFRYWCMCEHHYMQPVPCWDCAYRCKPMHSHRHKFENNEFNVYWM,2.6125233049467393
YVEPHHGEGDMYERKDCMSHRIKYKYIIKKKWECKKDHEYAFHCKHKCEYIETCCEKRDKCCRRHYHMQHVEKWDCAFRKCCMHSHKKHDEEEFFNHRRH,6.647159504294045
YVDPQPRHGLMQRVHDMMSSYIKYAKIKHMNETSHEGHMPAFYMDHKSCDILTKPRFRYWLMAEHEHMQPVDECDCAFRCKPMCSHHKLFRENDFNVYWM,0.6519896614776837
YVVPQPGRDDMQREYRMMSSYIKYAYDICMDWDDCHGDMPARYMKHHSDKILTRPAFQCELMAEEEHMQRVECWDCAFEYKYMEHHHDLFRNNFDCVYWM,-7.708876181016434
HVVYQPYRDLMYHVDKKRCYCKHYAHICKDDYKCHEHYRPDFEMRKKEEEIDTKYDFQYWEYREHEDEQPYPCWDYEFDCEYRHCHHQHEENDEFNCDWM,-11.443769536356982
YVVRQPDKGLMCRVDEMMSSYIKYAYIISMNWTSKEGHKPAFYKKHKSCYILTRPAEQYWLMAEHEHMQPHPCWDCAFRCKHMHSHHQLFEYNKKCVYWM,5.480569609208988
YVVPQPGRKKMQRCDKEMSSYIKYAHIISMNWTSHYGHMPAFYMKHKSRKICTRPAKYYHDMAEHEHYQPHPCWDCAFRCYPEHSHHQLFENNRFNVYWM,6.743953351668642
EVYPQDGCDEEYRVYYRCHERECEAHHISMNHTEHDGHCCAHHHKYRSCRICDCRRFYEYLKCCEEKYQPVCDHDCAFYCRRRYSHYQHDEYNFFYKYRC,-2.75702957904317
YVKPQPGRGLCQYEDKKHSSDIRYCYIECKNWTSHEGHMPAFRDKHKSCEILTRPAFCYWHMDERHHMEPKPCEDCAERCDCMHSHEDLHENNYFNRDWH,-3.5132504479706625
YKVPEPREGLMQEDDKYEKSHIEYHRICSMNWTEYEDKMPAHDMHHCYKYYHTEPAFQCWHYAEDEHDQRVPEWDCARDCKYMHEHHQCCKKNFFNVYWM,-7.378694011748902
YVVPQPGRGLMQRHDKYMRSDIKYHYIDSDNYTEHDRHMPAFYMKHCRCYILTRDKCQYCEMAEHEDYQPVPCHDCDFRCKPMHSKHQEFERDFFNRYWY,-0.5841643399564411
YYEPQPHHGKMCRVDKKMHCEIDYEYIICMNRTEHDGHRPDFHDKHYSHYCLTERKRQHWLMARHHHMQRVKCWDCHFRCHPMERHHQRFRNHFFYVHCM,6.23871267965807
HVVPQPGRGEMQRVDKMMSSEIKYAYIESMEWCSHEGHMPRFYKKYKSCYILTRPEFRYWLMAEHECMQPVPCWDCAFRYKPMHKHHQLFENNEFNVDWM,0.3583482374833018
YVYYQYCRGCMQRVDKMMSSYIKYHYIYSMNWTSHDGHMPADYMKHKSCDHLTRCAFQCELHAEHEHMECVPCWDCDFRCKPMHSHHQLEENNFFEVYWE,-4.519820195583247
YVYYQPCRDLYYYVDHKESKYKDRAYIRYYNWTSHYGEMKAYYDKRESCYCDTRCAFQCWCMCHHYKCQYVCCDDYYFKCKEMHKHHQLCECNDFKEYCE,-0.2614283479644186
CYDKCEKHGHDQRVDKHMCRKICHAYIICMNWTCCEYERDYKYHKHHDDERLRRPYFQYWLMADHEEEYPVEEWRCRRCCHEYHKYKDRFHRRFFYCYHM,2.445447011639345
YVVPQPGRGLMRRCHCYMSKRIKYAYERSMHWTSYEGRKPDDCMDCKSCYILRRHAFCYYLDYEHEKMQPVPCYHCAFRCKPCHKRCQLFEDNEFNVYWM,5.846411345233005
YKHCQPGEHYMQHRDCMCCHYIDYAYIKKRRWTDHHCDKHKFEYEHYSEYCLCEDAYQEWHHAHCEHMQRRKEERKRKRCRPKHYKHYECCNNFFEKCHK,5.674171770294741
YVVPEPGYGLMQRVDKMMHSYYKYAYIISMNYTSHKGHMPAFYMCHKSCYKLTRPAFQYWCMAEHRHMQPVPCWDHAFRCKDMHSHHQYFENNFFNVYWM,4.641175082498852
YYKKRHGRHLMQRVKKCRCSYCKDADHRKMNWTSYECRMYAYDDHHRDCDDKTCEAHQYWRMCKHEHMQPVHCCDEDFREKPMHSDDQYFEDNFKNEYKM,1.3825031580163234
YVVPQPGKKKDQRDKKRMRSYRCYAYIYRHKYTSEEGHCKEYYRCEKSCDCLKHRCFQYWLMAKHEHHQHVPCRDCAFRCKPMKSHHRHFKKYFHNEYYC,14.405224678781742
DEDPYHGHGLMQHVKKDHSSHCKDDCRRRMRWDHHDGRMYAFDKDHKHKYRLTRCYYECHLMADREKKQPVPCRKCAKRDDDCDSHHQECEDKKFNEHHM,1.8483862182890967
RKVPQPGRDCKYRHDRMRSSYIEYAYIESMYKTDHEGHMPAKCEKHKDCYDCTRPYFQYDYMEKHRCMQPVPCWDCACRCKEMHKHHQKFECNCFNVYWM,4.046641761757387
YRVDQYRRGKMQRVDKRMRSEIECAYIICMNCHSYEGHMPAFHMKDKSDCILTRPEFQYWCMARHHCMDCVPHRDYYFRCKPMKERHYLFRRNFFRVYHM,9.247559200563936
YVCPQPGRGLMQRDDKRMSSYHKYAYIYSENWKHHEGRMPAFYDCHKECYIDTRPAFEYWLEADHDKCQPVPCRDCADYHKPYHSHHQLYENNFKNVYWM,-0.5186231265742212
YVEKCPGRKRMQCVDKDKSSYIDDAHEYSRNDEYHRGHMYAFKMRHKCHKIHRRPEDQYWLMAEHECKQPCPHEYCAFRCKDMHSRHQDFYNDFFRVEWY,2.517895523430685
YVVPQPGRKHMQRVDKCMSSYIKYAYIICMNWTSHEGHMPAFYMKHKSCRILTRPAFQYWEMAEHEHMQPVPCRDCAFRCKPMHSHHQLFENKFFNVYKM,7.480645475757891
DVVRQPKCGLMQYEDKKMRSYIKCADDIYMNWTSHEGYMPAFRYEHKSYYHLTRPAHQYELMAEHEHMEYVPCDHHEFHCKPMDSRHQLFHENFFNVYWM,-3.180881199232804
KVVPHPGRGLMDRHKRMRSSYYKDAYYKSDNWTKHECHMPDRYMYHKREYRLTRPAFQDELYYEHEYKQKYKCWKRKFRYHPMHKCYQLDHYRRRNCCWH,14.642592580579326
HVVPEDHRGKMQRVYHMKSSCEKYEYIISMNCESHYKHKPYDYMKHKCCHIRTRPAFQYWYMAEHECRQPVHCWHCCFRCHPMYSDHCLHCNNKFEVYWM,4.5391006096392825
YHHPKPEEYDMQRDKKMREDYKKDACHCSMYDCHRDDHHHYFYMHHKSYYIRKRYKEKHELEHEHHEMHDEPEWCHCHEHKEMESHCQDCDEEFFNRKCM,-6.749158452513001
YVYPQKGHGHDQCYDHKRSYERKKRYCIRDNDKSHYGCKEAFYMKRYSKYDCYRPAHYEKYMYYDEREQPYHCCDCEFYRRHCHSHHRLRECNECNRYKE,6.3090515653798676
YVVRHEERGLMQRVDDCMSSDDKYDDIISMDRTSREGHCPRFYMCHYDCYIETRPAFQYWLYAEHEHEHKRPHWDCAYECYPMHRHHQLFKNDYFNVYCY,-5.482682525133148
YVVCCDYCGLMQRVRKMMYSRIKCHYIICKEYTHERKHHPKFHMKKDCRYILTEHHCHYCLMEKKYYEQYVHCHDCAFRCHDMRCHHYLCDNNFKCVYWM,7.332631789644765
YVKCQYRRYRMQRVEKMKRSYCRKKYIISMHWRYHEGKMCAFYMRKRSCYYLKREKHQDCLHAKDKHMQRYHRWDCARRDKPMHSHHEKFRECDFRDCWM,18.344066533656285
YVYYQYHRRLKQRHHEMMSSYIKKHCEDCMNDKSHHGHMYAEHMHHHSDYKLDCPDCEYWLMAEEYHHQPHPHEDYYKRYCDMHSEDYDFERNFCNVYEE,-7.82073130827748
YVVPQPGRGLMQRVDKMMSSYIKYAYIISMNWTSHEGHMPAFYMKHKSCYILTRPAFQYWLMAEHEHMQPVPCWDCAFRCKPMHSHHQLFENNFFNVYWM,3.5153852579660363
YVVPQPGRGLDQRVDKMMKSYIKYAYIISMNWTSHEGKMPAYYMKHKSCYILTRKAFKYWLMAEHEHMQPVPEWDCAHRCKPMDSHEQLFCCRFFNVDWM,4.2522942825267105
CYVPQPGRHRMYDVDKMMSCYIYYARYDSDNWCKHEEHMKAFYMRCKCEYILRCPAFQYWDMCDKECHEPKPCKDCAYRCKPRCDHKYEFDCNEHNVKHM,0.8129679753110288
RCVHHPGRHLMQRVCKHMSERIKEAYEIERYYTSHEKHMPYFCMKHYERYYLTRPDFQYHLMDDHEHMQHVECWECADECKPMHSHHHLCECEFDNVYYM,-4.051911730836256
EVVCQRERHEMERHDRMMESYYDDAKIRSMNKEYDECHMRRFYKKCCDKRYLEKHACEYWKMAECYHEQPEEHEDRYFRDKPMHCHRQLFRNCFFNDDCM,-2.8053760438892787
RYVEQDDCERMEDDDEMCKHCIKYYYIYSCKREDHYCCMEKKKYKCKSCKILRECACQDYCMYEYHDRQPEPCWDCAFHCCCCDEKDYLHDNHFRRKCWR,-3.61804760351313
CVVPDPHEGLCQEVRKMMHSDIKDEHCCSMNHTHKCGHMCKYRKKHKSHYKCTRPDDYHWLMDHEDECQCVKCEDCACRRYCMHREHDYCCNHFCHCEWM,-1.7591455190320637
EVVEQCYRGDMQRCDRMYDSEIEYRERIHYYWRRKEGHMDKKYYKHCSKYELDCRAFQYWHYAEHDHKERVYYHYCAFDRKPDHDHDHLYKNCFRNVHWY,0.6816254875159622
RHVHEPHEGLDDKDDKMHYKYYYYACEISRHWTHCHGDYERCYHKHKEKHHDHRHCFQERDKDEKEHRQPKKCKHCCECDKCEREHHDKYCCNHHYDYEH,-1.7591303765614228
YVVPQPGRGYMQDVHKMMSHYIYRAYHIHMNWTSHEGHMDDFKKKHKSCCILTRPARKRWRMAEKEHMQPVPCCDCAFRCKEMHSHHQRFYNKFFNVEWM,8.679861075328358
YVVPQPGRGLRQYVDKDMSSYIKYAYIISMNWTSHEGHMPAFYMKHKSCYILTHPKFQYWLMAEHEHMQPVPCWDCAFRCKHMHYHHQLFENNFFNVYWM,2.711730995367734
YVVPQPGDGLMERVDKMMSSYIKHAYCKSMNWTSHEGEMPAFYMKHKSDYILTRPADQYWLMAEHHHDQPVPCWDCEFRCKPMYSRHQLFENYFKNVYWM,-0.5797776275487596
DCCPCPGKGYMQRVYKDKSYYCKYAYIISMNWHCCYDKMKYCYMKHCSCYDLTCCAFYHWLHREHEHDQYCPRWCEDFRCEPMHSEHDCFECNFFDVYCM,-3.361264427754559
YVVPEPYRRRDQRYRKHYSSYIKYAEIISMNWEHHEGRDHKFYMEHKSCKELTDPECQYRLDAEHEHDDPVPCECEAYECKPDDSHKKLYEHNCFNVYCR,-4.57573527906403
YVVPQPGYGLMQRVDCMMSSEIKYAYYISMNWTSHYGHMPAFYMKHKSCYILHRPAFQYRLMDEHEHMQPVPCWDCCFRYKPMHCKHQEFERNFRNVYWM,3.3798113637886065
YVVPQPGRGLMQRYDKMDSSYHKYKEIISRNDTSHCGECPAFYMKHKKCHILTRPAFQYWYMAEHEHMEPYPCRDCAFCYKPMHSHHYEFENNYFRVYKD,2.4810358725365322
CVVPQRGRGLMQRVDKCCDYEHKHAYIIYMDWRSHEGHMPHFRHKHKCCYHLTRDAHCKWLMHEYEHMQHVPCWDCAFYCKPMHHRHQLDEKEFFNDRWM,2.8758395134445376
HVEPRPGDGKMHCCYHMMDRKIKHAERIHMNWTRHYYCMPHRYMKHRHCDILCDPAFQYWLKADDEDMDDVPCCDCAYDEKYMRSHHQLFENNFKNVYKY,-0.45381019282601187
YVVPHPERYKEYEVDYYDSSYEKYDYIIRMDRTYDEEHMRDFREKHKSCCILDYHHRQHCCMCEHDHCQPVPCRDCACRCRPMYSHEHLHEYEFRCRYYM,-4.652167465947731
YVVPQKGRRLMHRRDKYMKDYIKEYEIIKCNWYSCEEEHYADHCCHRSCYKRKYCEDQKYCKDEYKHMDPHPCCDCYRRYRCYDDHHQYHERNHFKCCKM,5.107985609030678
RVVPRDGREDKQEVHKKMSEYIKYYEKCKYCHTSHHDHKHHHDMHHKCCYDLYRPECYYHLMKDDEHMHCCDCEEYAKEDYPMYEHEHLCRNEFFNRHKM,-3.020666452604754
KVEPKERRELMQEEDRCMKSYRCYKYCRSYNWTDHEGRMPEFYMKHKSERIYRRYCFQCWLDAERHHRQPHPCWYCAKKCKPHHCHEQRERNKCECVYWM,8.052398074954795
KCVPQPGCGLMQRYDHMMSSECKYRYIISMNWTSHEGHMPAHHMKKKSCYILTEPAFQYWLMAEREHDQPVPCWEDACRHKPMHDHHKDFYNNFFNHYWM,0.6814497950357357
KRYYQEKHRLMCYKHERDSYKDCRCEIIYYHWYDEEYHDPCHYMKKKSDKELTRPHCRCDKDKEHREMYPKCRDDDARCRKPCHSERQHRKERFDNVYDH,4.384688123853323
YEVPQPGRGYHQRHDKMMSSYIKYYYIISMHWCSHEGHMPAFYEKHHSCYILTRPAFQDWLMAEHEHYQPVPCCDCAFRCKPCHSHKQYFENNEHNVYRR,1.710335108498791
YHVPDPGRGLMQRVDKCMSHYIYHAYIIDMNWTHHEEHMKAFYMKHKSCCIDHRPAFKYWYMAEHHDCQPHPCRDEAFRCKPMHSHCHLFENNFFCVYKM,1.8410896620754649
YVVPQPGRGLYQRVDKMMSSRIKYAYIHSMNWTSHEGHMPKFYMKHKSCYILTRPAFQYWLMAEHEHMQPVPCWDCAFRCKPMHSHHQLFENRFFNVYWM,6.613968791895964
YHVPQHGRGYYQRVDHMMSSCIKYECIISMNWTHKDHHDPAEYMKCKYCYHKTRPEFQYWLMAEHHHMYPVPCEDCAYRCKPMHSKHQLFENRDENVHWE,-0.18804183856450685
CYEPQPYCGLHKRVDDYMHEYIKYRHIIDMHRTSHYGHHHYKYMDHKKKYIRDRCAFKYWLMAYKERHQPKKCWRDHRKDKYCHCEHQEFEYNDFDRDCY,5.807424747162965
YVVPYPGRGLMQRVDKMMSSYIKYAYIISENWTSHEGHMPAFYMKHKSCYILTRPAFQYWLMKEHEHMQHVPCWDCAFRCKPMHSHHQLHENNFFNVYWM,3.7134146965313466
EYCPQHGRRDHQEVHCYMSSHHKYDDDYSMEWDSHEDHMKKKHKKHYKCYIYTDPCFERRLCAYHHHMQKCRCWDCHKCCHPKDSKRQLEENDRFNVYYK,2.708189053699467
YVVPQPGRGLMQRVDKMMSSYIKYAYIISMNWTSHEGHMPAFYMKHKSCYILTRPAFQYWLMAEHEHMQPVPCWDCAFRCKPMHSHHQLFENNFFNVYWM,3.5153852579660363
YVVPQKGRGLCYRHEKMESSKEDYRYIIHCCWTSHECRMPHFYHKDRKEEELKRHAFDHEDDDEDEHMQPRCCKCCADREKPMHSDHCRFHHEFCNVYWD,-4.4783706558598375
YVVPQPGRGLMQRVCKMMSSYRKYAYICSMNWTSHEGHMPAFYMKHKSCYELDRPAFQYWKMAEHEHMQPVPCWDCAFRCKPMHEHHQLFENNFFNVYWM,3.3828845964371617
KVVHQDKRGLMQYDDKMMSKKIRKHYIISHNWRYEEGHMPARYYCHCSCYIKTDKYFQYDLMAEYEHKQHRPCWDCAFRCKPMHCYHQLFENNCFKVCWM,6.27702343787203
YVVPQPGRGLMQRVDKMHSSYIKYAYIISMNWTSHEGHMPAFYMKHKSCYILTRPAFQYWHMDEHEHMQPVPCWDCAFRCEPMHSHHELFENNFFNVYWM,-0.28344096108194705
YVVPQPGRGLMQRVDKMKSSCIKRAYIISMNWTKHEGHMPHFYMKCKSCYKKKRPAFQYWLMDEHEHMQPVPCWDCHFRCKPMHSHHQLFENNFFNVYWD,7.480634267622833
YKCKQKHRRCMCHCYEHKRERIRYCYCIKMRHDDREYKCPAFYDERKCCKIEEYRDEYKWDRCEYEHMQHKPCDDRHERCKKKEYHHQRDENNYERHRWY,7.183409693968983
YVHRYPERDDYQRVDYMYSRYEKHKHIHSMHWTRHRGDMDCFYMKHKDRYIDDRYEDQYDLHADHEHEQHKPCYECAFRYKPRCCHHQLCENNHFCCYWH,-1.058507538869879
CVEPQYKEGKYQYDREHHSSYIKYAYIYSCHWTDHHGHMDRDHHKKHSCYILTDCCECRWRMAEREHYYPVPCEDCAFRRKPHHYHEQLFHNNFRNECWM,-0.2230093590166149
YVVPQCKRGREYRKKKMYSRYIKYAYIISMNWYSHEGHMRAKYMRHKSCYILHREAFKYHLMAEHEHMQPEPCWDCAERCKPMHSHHCLFENNFFNVEWM,7.581977498248152
YVVDQPGRGEMQRVDKMKCSYICYAYHIKMNEYSCHCHMPAFYMKHCSCCILRRPRDQYDYMHEHCHMYPVPKWDHKYRCCDCKSHHQRRENNFFNEYWC,4.173231939583568
YDVPYPGRGCMQRRDKYMSSCIKYYDEISMNWTSHEEHMPAFYMKHHSCHILTCPAHQYWLMAEHEHKQPEPCWDCAFRCKPMHSHHQDFEHNFFNKYWM,-1.2864564652540604
YCREQPCCHLDQDVEKMMSSYCDYRYYIYMHCTRCEHCMDEHYMKHYYCYELTRPKEHYYYMCEHEHMDHCPCDYRKFRDKRMCSYRQEYENNFYRHEKY,-2.8231422685006535
DVVYQRGRYLMDRVYKMMSSHIKYYYCEKMNWTKHEKHMPAFYMKHRSCRRLTRPAFCRWLMACHYHMKHYEDWDCEFDCKHMHSHHQDYEKNDFNVYWE,4.678840927010285
YEVPQHGRYHMQRVDKYMKEYIEDAEIDSMNWTSHECHMPYKYYCCKSCKILTRPKFQYDLMAHHEHMQDHPCHECYRCCEPMHRYHQKKHNRFCNVYWM,1.5770295410566852
RYCKQHGEECMQKYRKMKSKEYCKEHHEKYNKKSCEGHYEEKYMDHKSCYHCCERAFQYWYKKEHEHMHDVPCDDYKFRCKHMHSRHDLHEKDKCHVEWM,3.713549064200677
YVEPQRGRKLEQRVDKMHCSYICYAYIDSMRWTRYEGRMPAFYMKHKSYKIECRPAFQYWCMYEHEHMQCHYCYDCAFRCRRCHSHHYLKENNHFNVYHM,6.375775789805729
YVVPERGRGCDQRVDKHKECYCKYAYIHERNKTSYEGHHDAEYMKHKRCYIHTRPAFEHKLMHCHECMQEEPRWDCAEHCDPMHSHKQEREYNRHRVERM,1.7527868436534177
YDVPCPYECLMQHVDKMMSSDKKRKECCKRNWRSHECKMHAYHMKRKHCYERTRDCKEYELCREHYKKCYVECHCCEHCRKPRRCHHKCFYRNRFRHYYM,13.07348348549749
YYKPQPEEELMRREDKECHSDIKYHYRISMNRTDKEHYMPAYYMKHKSEDIDTRPAKYYWDDAEHEDMYRYPYEDYRFRCKPMHSHHDEDKNRFFYVYWM,-3.3414780845186804
YVHRQHHHYCMYKVDDDDSKYDKYRYIISDNEYCHKECHPEFHCKHCYCYRCTDPAKDDDLDDEKYKDQCRPCWDHAFECRHRYYHHREDHNNFHNRYWY,-4.292986231229474
YVHPRKCRHHDEYYDKYMSRKHKYCRIIEDECCSHEKHCPEDYMEKKSDYYETHCAHYYDLHAKDKYMQPVRKWDCAFECYRMEKHKQLKEDRFHNVEWM,0.5501780348862262
DCVPQKGRDEMHRVHKMMKSCIKYAYCHDMNWDCHKCDKPAFYMKRKHCHILTRRAHEYHLEAEYDRMQCYPCWRCADRCKPMHSHHQYFENRFDNEYRM,5.411518616412003
YVVPCPCRGHMQRVDYCMHEYDDHKHIDSKCWTSHEGYYYKFHMDHKEKEIDREPYFQYWKMAHHYDCKPCYDCDDHFRCKPMHYHHQYFKNHFFNVYEM,-2.159837445551142
YKDPDRGRGCMQRVEKCRRSEDKYADIESENWHSHEGEKCKFDMKCDCHYILKRKYFQYWYMAKHEHRQCEECEYHAFRCRPMHSHHKRYEHDFEKRKHM,4.553920151744471
YVVPQEGRKLMQKVDKMMESRICYAKEISCNYTSKECHDPAFYKKHKSCRKLTRKAFQYYLMAYCEHMQKVPCWDCAFRYKPMRSEHQYDEREFKKRYWM,9.920606941811418
RVYPQPEHGEMHRHDKMRSHHIKYYRICSMEWEDHHKHDRADDCKYHSCYHLYRPEFQCEYEDEHEHKQPVPKWDCAHRCHPMHSEYQHYEERDFNEHWH,-5.616851815586319
YVVPQPGRGLMQRVDKRMSSYIKYAYEISMDWTSHEGHMPAFYMKHKCCYCLTRPADQYWLMAYHEHMQDVPRWDCKKRCKPMHSHHQLFENHKFNVYWM,5.54673535957747
YVVPQPGRGLMQRVDKMMSSYIKYAYRISMNWTRHEGHMPAFYMKHKSCYILTRPAFQYWLMAECEHMQPKPDWDCADRCKPMHYDHQLFENNFFNVYWM,3.318273376958855
YVCDRKYRHLDHREKCMHSSYEKYCYDECMNCYSHECHCPKKYMYRYSCEDLYYPAFKHWHYEEHYHDQHVRKCDKADRYDHMESHHYHFENYYHEEYWM,-4.126317399989301
CCHKQPCRHLYQRVDRMRSSYIDYAYIIEMNWESHEGHMPERRMYRERKYHYERPRRQRKLMAEEEHRQDRCCWRCAFRCKPCHSRCQLHRKNKFNVDWE,10.187592322746227
YVRPQPGRGEMQRVDDMECSYIKYAYIICMNERSEEGHMPAKYMKHKSCYILTRPAFQYWCMAEHEHMQPVPCWDCAFECKPMHSHKQLFENNFFNVYWM,-0.8775475405339161
KVVPQPGRGLMQYVDKMMSSYIKYAYIISMNWTSHRRHRPAFYMKHKSCYILTRPAFQYWLMAEHEHMQPVPCWRCAFRCKPMHSHHQLFECNFFNVYWM,9.44567450521307
YVDYKPYRGLDYRVDKMYYSYKEYDYHISMKKDDCRGDMPYFYHKHKECYILKRCHFQYWLEHEEHHDQPKPCKDCARYCKRMKSKCQRFKKCFDRHYYM,8.242177614811222
ERVYDDGRKLMYRYDYRYSCRREYARICKDYWTRHEGDEKRRYCKKEDCDILCRPRFQEELMCEREKHQHVPCRCCARDDKPKCDERKLKEENFFNHHWR,4.827858705661676
YDCPQPGCHDDQYVDCMMSSCIKYRYKISMRWTDKEEHCCAKYMKECHDYDYRKPAFDYWYMDEHEHDHPKEKWDCKKRCCREHSHHKRFDYNFFYVYWM,-1.786217305535338
YHVCDPCRCLYCKVDRYMSSYIKHDEEDCMRWDSEEGREYKHRKYHCDCYRLTHCADHYHLKAEEEHMHYVRCWCCKFRHHCYHSYCYECYDYDFDVYDR,-4.759005587627993
YVHPCRHRHYMYYKKKMKSYDIKYAEHHSHNWKHKKEHMRCFDMCHRKDYCLERHHEQERLRDEKEDDKYHHEWDCHCRYKCMHRRHYLCENNDEHRYDK,6.142408439960668
YEHKDPCRGYMERCDHRMSSYHDYCRHRRDHHTEHEHHDEDEYHKCRSCRHHHRCYHDCRKDAEHHHMHHVPRWDCAERCDPKHYHHQDFHNNECEVYWE,-4.393079945977366
CYCPQRGRYDYQYHERKMSHYIDCAYIIHCNWTCHEKYMEAREMKHCRYHDLTHPYFQKWDCDYHEEMQRVPDWDCCRREKCMHEHHHHFHNNFYYYCWY,-1.3611747064390691
YDCPQPDEGKHCHRDEMYYSYKKYEYCIYMDWTHKRGDMKYCYCHHKCEYIKRCPKFEYKLRAEHKHRYCVHDRRCRDRCKHMRKYRQLFENDHDYVYWE,6.309834055022986
YKVPQPGRGRMDRHDKDMRDYIYYAKIRSMNWTDHEGRMHADCMRHCSCYIKTRPKFQYWCMAEHEHEQEVYCWDCAFRCCYMDSHHHKEENEFFRVYWM,0.35166097659346107
KYKPQPGEGLMDRVDRMYSSCIKYAYHISMDWTRHEGHKPAFYMKHKDCCILTREAFQYELMAYHEHDQPVPCKKKAFRCRYMHSHHQLFENNRHRVYWM,6.6481399837008315
YVVYRKGHGLMQEVDKCMSSYIHCAHICHMYWECEEKHRPYDYMKHRSCHILYRKRFDYCKMAEHECEKPVDEDEHAFCCKPDHRHRQKDEYRDFDCRRE,-0.5817097573905663
KYVPCPHYYRMKRDDYMMRDYHKCAHEKRMNWRSHYGYMPDFDYEKKDEYIKERPAYQCYLDYEHEKDEDVPYWDHRFCCRDMHRRHCEYEENFKCCHKE,-1.6473930835707904
CVVYQPRRGDRDRVDHMDHYCIYYAEDYSCRECDHRGHYEAFYMEHKSCYILTRKRFHCWKMCDHEDMCPVECWDCHEDKKYYEDYHDLCECHCKRRCDY,-5.95323358228536
YVVPQPGRKLMQRVDYMKYSYIKCAYIISMNWTYHEGDRYAYYMHYKSEYILDRPRFDYWLRARHEHMEEVPCDHCAFRKKPEHRHHELFENNFFNVRDE,1.5886022054761746
YCVPHPGRDKMQHVYKMMESCHKYEYHISMCWTSCHCCMPEFYYKDKSCYDLTRPKYQRWEMAKCEHMQPVPCCYCAFRCKPMHSHHQKHHNRFFNVEWE,4.27451212937356
YVKPQPDRGLKQHVHDMMKSYKKCAYHISMKDEEREHEMPAFYMKYKSCKILTRPAFQKYRMAEHECHQPVKCWHCAHYCKRDEEHHQDEEENFFNVRWM,2.588604710652973
YVVPQPGRGLYQRVEEMMSRYIKYDEDISMNWRSHEYYMKAFYMKKKSCYEDTRDRKQYWHHDEHEKMQPCPCYEYKFRKCKEHKHHQLCRNNYFNDKDM,4.353934958475808
YVVYKPGKGLCQRHEDKESSYIKCDYYISHNWTSHEKHCEAFEKCKKYEEIRRRPYHQYKLEAHHEYEYCVPCWDCAFHKKYMHSHHQLHCNNKFNHYHH,3.941182162518384
CVRPHRRKGECQRVDKMMYYYHKRACYIRENWTDHEGHRYHDHYKKKHCYCLTDPYFQYWEMAEECCMHPYYRYDCCFRCECMHSHHQLFENNKFEVCKY,3.2753656030712452
YVVPDPGRGLHQRVDYMMSSDIKYAYIISMNWTSHEGHMPAFYMKHKSCYILTRPAFQYWYMAEHEHMQPVPCWDCAYRCKPMHSHHQLFENNFFNVYWM,0.6138499807819695
YVVPKPGRGLMQRVDKMMSSYIKYAYIISMNWTSHEGHMPAFYMKHKSCYILTRPACQYWLMAEHEHMQPVPCWDCAFRCKPMHSHHQLFENNFDNVYWM,3.448134076951579
YEVCYYCRHLYQYDYCMKKHRIKKKEERSMNHTSHHRHRRAFYDEEKCCECLYRYCHDYHYMAEDYHCQRVPRWDKYFHCKPKYEYDRHKKCHRFDVYYM,7.505061554749169
YDRYCPERCCKEKKYKCHSCHIEYAYIEHMHDTHHCYEMRARYHKCKCCHILTRKAEKYRRMCHHRRYEKVPYKEKKYCYRHMCSYRREFENNFKRVEWE,12.276958917458819
YVVPQPGRGLMQRVDKMYHSYIKYAYIISMKWTSHEGHMHAFRMKHKSCYILTRPAFQYHCMAEHEHMQPVPCHDCAFRCKPMHSHHQKFENNFFNVHWM,6.942259336900236
DVVPQPGEGLCQHVHKEEDERYDYEYIIHDNDRSKECHYKAFYMKEKDCYKLTEPAFQYCLHDKHEHHCPVPKWDCAFRCEPHCSHHQEFENCFFHVRWH,-7.31378663465088
YCVPQPGHGLMQRVDKMRSSHIKYRCIRSRNWTSKEGYMPRFYHKDKSCYIECRPAFHCCLMAEHYHMERVPCYDCAFRCKPMESHHYKFKNRFFNVYKM,11.177861897438602
CVEPQYGRGLMQRVDKYHKSYIHYAYHESMNWTRDCDYMPKFYMKHKSCYIDTCPAYQYWLMYDHEHMQRCECYDCAFRCKPMHSHHQLFEKNDFNCYWM,0.27601788828840057
HRVPQKGRGLKQRVDKMCSKYIKRAYIIHKCRTSHRRHMHHDCREYKSCYILTRDACQYYLCKHCEYMQPKDCWDCAFRCKPMHSHEQLFECNYFCVYDK,11.073724730686745
YVKKQPGRGDEERVDKMMSSYIKYAYIISMNWTSHEEHMCAFYMKHCSCYILTRPYFQYHLMAECYHMQPVPCWDCAFRCKPHHSHHQLFENNFKNKYWR,4.412645440234794
YDVPDCGRGEKDRKDKMHSEYCKYAYHKSHNWHHRDGHMYYFDEKHCSKYRLRRPACQRWLMYEHEHMQPVKCWDCAFRCRPMECRHYHFENDFDNVDCC,1.413374411224492
YVKPQPGRGLMQRVEKMMSSYIKYAYIISENWTSHYGHMRHFHMYHKSCYILTRPAHQYWLMAEHEHMQPVPCWDCACRRKPMHSHHQLFENNFRNVHWM,6.911512058426307
YVVPQPGRELMQRVDKHMSYYIKYEYHISMNWCYYEEHHPAFYEKHKSCYCLTRPAFQCWLMACHKHMQPVPCWDDEFRCKPCHSCKHLFRYEFFKVYWE,2.279572774656902
YECHQKCCHYMDHDDKRYSSEDDDAEEIDRNRCSHEYHEERYYCKEKSCYHDDYHDDCEWYHAYECDCQDEPKRRCHFRRKHHCYHYQLKKNNFHNRYEM,-7.451125602949208
YVKPCPDHGLMQYVDKDMSSYIKYAYEKSMNWTSYHGDMRAFYMKHKSHYILTRPAFQYWLMACHECDQPVPCHCRAFCDKKRESYHQKFENKFFNKYDH,4.379184596039062
EYCYQECKEDMQRHKKERSKHIYYYYIISKNDDSHERHKCCYHRDHKKCRDCTRYRCDYWCKAEYYDMCPYEKEKCKRECKPKHHEHYDEHNRFFNDKWM,4.247477691781693
EKVYQPDRYKDHEKDKMESSYIKKKKCEKCDWHEREYHDHAKHDEHYSRYCRTRCKFDYWHHAKHEHCHPVEDRDCAYDYKRMYSDRQHFEEHKCNVYKC,1.7491878271660433
ECVHEEYCGLHQHEDRMDYSYRRYEYDRSMNRTSDDDHMPRFYEKCKSCYDLHEEYKQCWLMDEKEHMQEYHCEDRCYECKPMHSHECLFYNNDCNVYHM,-11.677280956123882
YVVPQPKRGLMQRVDKMMSSEIKYAYIISMNWTSHEGHMPKFYMKHKSCYILTRPACQYHLMAEHEHKQPVPCYDCAFRHKPMHSHHQLFENNFFNVYWM,5.7137808932897105
YVVHQPERGLMQRVDRCMSSYIKYAHEISMDWTSHKGHMPAFYMKHKSCDIRTRKYRQYWLMKEHEHMQPVPCWDCAFRCKDRKSHHQLFHNNFFNVYWM,7.647120039573638
YVYPQPGRGLMQRVCKMMESYIKYAYIISMNWTSHEGHMPAFYMKHKSCEILTRPAFQYWLMAEHEYMQPVPCWDCAFRCKPMHSHHQKDENNFFNVYWK,3.3506219494865856
YVVYQPYKYEYQCYCDMESDYKYYAYIISMNYRHDYREMKAYYRYHESDYIDTRPKCHCWHKKEHEKMQDEDCKDCKRREKPMHCHDQLFRNNDFNDYEM,-2.7826477502010647
RVVKQPGRGLCKRVDKMMSRCDKYKYIISKNETSCEGHMPCFYMKHKSRYILTDRRHEYWLYCEHDEMRHVPCWDCAFHCKKMHSHYQLYENNFRKVEWM,8.249632353590265
YVVPQPGRGLMQRVDKMMSSYIKRAYIISMNWTSHEGHMPAFYMYHKSCYILTRPAFQYWLMAEHEHMQPVPCWDCAFRCKPMHSHHQLFENNFFNVYWM,3.515591065256684
EVCCQPKREEMQCKDKMMSYYIKDAYIISMNWTSHKKHMPAFKDKHKSEYILKRPAFCEWCDYCDYHMQDVRCWDRAYYCKPRHHHHQKFERNRFEVYEH,4.3498897046997875
EKHEKHCCGCRQYDEEYMRSCIKKKEIIDMHYTDREGHHPKDYEKCDSKYHCTEHADHYWLCAEHEEHQCVRDRYCCHRCKRMYRHHDEYENEFEKVCWE,-5.5128412107069025
YVRPERDKGLYQEVKKRCCKKIKYADIIRHRCRSRCDHMDYEHMCHKKDHHCYRPAFQRWLMEEHCHEHYRPCWDCRFRRHYMHDYHQLKHENFYNVYWR,9.675973765336595
KVVDHPRRGDMQRDDYMMSHYHKDAYIIEENWYSHEDHMDAFYMKHKKYHILRDPHYHYWLMAEKRRMDYVPRWDCAFRCKCMHRCRQCFHRCKYNVKWD,5.678840098905344
YVYPQYGHKLRERKCYKMEEYIKHAYDIRHDWTSREEHMPEDYKCHRDEEIKHRDAKQYRDCEEHYEKQPVRECEYCFRKKPMRRHHYLFKHDFFRVYWM,3.6561986291305573
YKEECEHRKKMKRVKKMHHKEIEYAYIIKHNWTRDEGHRDEFCYDHRSHERDKKPDDDCRKKAHHEHMRKHRCWDCACYCKRMHDHRKCYRYNFRNVDWM,9.748989213497008
YVVPQPGRGLMKRVDKMMSSYIKYAYRIHMNWTSHEGHMPAFYMKHKSCYKLTRPAEQYWLMECHEHMQPVPCWDCYFRCEHMRSHHQLFENHFFNVYWM,4.64725932619298
YKVPQPHRRLMQRKDKMHESYIKYAYDKSMNWTEEEGHMPAFYMKHKKCYILTRPAFQYWEMAEYEHRQPVPCWDCCFRCKPMHCHHQLHENNFFDVYWM,3.4841011619658353
YCCPYPDHGLMKRRDCMCHSDIKYAYIHEKNWTCHEGHDCAEYYRHKRDYILYRPYFQYWLMAKECYMQDVYCWDYAFREKPYHSHHQLFEDNDFNREWM,-2.6531816292443278
YVVPQPRHGLCQRVDKDMYSYRYEAYIIHMNWTSHEYHYKAFYDEKKCCYIDHRYADCYELMAEHEHMEPVPCYDCDFRCYHMHRCHQLFKNHFFNVYWM,-2.4563587907425486
YHVPQPGRGRMQRVDKMMSSYIKDAYYISMNWTSHEGHMPAFYDKHKSCYILTRPAFQYWLMAEHEHMQPVPCWDCAFRCKPMHSHHQLFENNFFNVYWM,2.615215682609156
YVKYQPGRYYMQRHDKMMESCDDDAYEYKRYKDYREYHCDAFCCYCEDRYIETHDADQHHEHEDRCHDQKVPCWKCCEEDDYECSHHQDKDNNFRNCDRM,-10.846646189672587
YVKPHPDRHHRRRVDKEMSSYIHCACRISMNRTSKEHHMPDEHRKYKSCCCLRRKAHQKWLMAEYDHCQPHPEHDCAFHCKPMHSDYQLHENNHFNVYWE,4.944065795316657
KVVYEEGRKLMHRVDKMMDSYHKYAECIYMDWTRRRCDCPEFKYKHRHCYHLYREEFQYWLHAEHEHMDPEPCWDYYFRCKPDHHCKHLFKYNDYNRYCY,1.5460960662455392
YKCKQPGDGDMQCCYDCCDSYIKEAYCISMNHTSYHRDRPAFYRKCKSCRILTRRDFQYWLMAEHKKMQDVPCWCCAFRCKCMHHHHRDFERNKFNRYCM,7.741834181622226
YHVPHPDRGLMQRVDKMMSSYEKYAYIISMNWTRHEGHMPAFYMKHKSCYILTRCACQYWLMEEHDHMQPVPCWDRYFRRKHMHSCHHLFENNFFNVYWM,3.7458929562492855
YVVPQPGRGLMQRVDKMMSSYIKYAYIISMNWTSHEGHMPAFYMKHKSCYILTRPAFQYWLMAEHEHMQPVPCWDCAFRCKPMHSHHQLFENNFFNVYWM,3.5153852579660363
YVKCEPGRHLMQHDDKMMCKYIKYRYYISMYWTSREYHMPAFHMKHKSRYDLTRCRFKYWLKKRHYEMQPVHKWREEERCKPMHKHHQYYEYNYFNVYWM,11.710663979392113
CRVPQPGRCKMQRVYKMMYSYYKYAYIISMDETSHEKEMPECYMKHESEHRKERPAFERWLMACHEHKQPHKCWECAFKCKPDHRHKQHFENKYFCYYWM,6.350764649751667
YCVPQPRRYLMERVDKMMSSYIKHEYRIEMNWTSDEGEMHAKYMKHYKCDILDRPDFEYWLYAEHEHEDHVPCWCCADRKCPMESHHQRFENNFFNVYWK,-3.6085230203457357
RVVHKPDRHLHQRHKKRYSSCICRAYIISRYWTSHYGHMEHFYMCDCYCYELRRPAEQEWLKREHEHMQPHPCDDYCFCCKPMCSHHQEHECHFFNDYWM,1.6417606422484852
CVDPQHGRGLDQRVDKEMKKYIEYAYIISEEWESHEGHDPAYYMKHKSCYKLTRPAFQYRLCAEHEHHQPVPCWDCCFHCKKDHSHHQLFENNDYKVDDM,-4.381039403500594
YVVRRPYKKLMQEVDKHHERYIRYADIYKMYDRHDRGCDRKRYMYEKKCYYKEHHADQYDLRREHHHMYPVHCHCCEYKCKKEHHHDDLCYENFFDVEWM,2.81186218974376
DVVHDDGRGLMQEVDKMMSCYIEYAYIDHMNHKSDEGHMPAFYMKRKSCYILTRCAFQYWYMKEHKHMCDVPCEDCAFYCYPHHSHYQLFENKFCNVHWH,-3.454485617596614
YHVPKPECCLRDRCDKMMSKYIKYCRERDHNWCDHEHHMPAFYMKDKYCKKLHRPAYQYWLMCRHKHEQCVYHRDCAHEDEPMHSYDQHCRCNFRRVCDM,4.374950630011032
HVRPQRHRKDMQRHYKHMRYYYKYARDESMNYKEYEGHMPYYYDKHKSDKDKCKPHFDCWLHARHEHMYPCHCKDCDDRKKPMHSYHQEKHNEYKYVKWK,10.039978318722078
RVVCKEGRCLKKRDDKMRSEYRDYDYEIYMRKTCEEDHMCAEYMYYKSCKIYDRDKFQCRYRCEDRCEHRKPCYDDEFCDYDCHKHHQEFKDCFEYVYYM,-2.3120423798155407
YVCYHYRKYLMDRRDDHKHSCRKYKDKIEMCWEEHEHDHPEFEHEYDDKCRLTRHYFQYHLRKEHERRQDVECEKCAFRDEDMKSHERYCENNEFNYRRK,-1.3739361694677896
YVDPQHGRDLMKRVRYYHSSYIEDHYIHSMNWKRHEGYMDYCYRCRKSRDCRCKDACCKWLMAEHEHMEPRPCWDHRFRCKDKHKHHELFYNCFDNKYEE,3.4808069953184386
CVVPQHGRHLMQRVDRYMSYCIKCYYIYSHNKTKHEGCRPHFYDYECRKYIYEYEEEYDWLMEEHRHMQDVPEDEKAFKCKPMHSRCQLYERCRHHVYCM,0.38223735988597696
